<?xml version="1.0"?>
<COLLADA xmlns="http://www.collada.org/2005/11/COLLADASchema" version="1.4.1">
	<asset>
		<contributor>
			<author>Assimp</author>
			<authoring_tool>Assimp Exporter</authoring_tool>
		</contributor>
		<created>2020-08-19T19:32:34</created>
		<modified>2020-08-19T19:32:34</modified>
		<unit name="meter" meter="1.000000" />
		<up_axis>Y_UP</up_axis>
	</asset>
	<library_effects>
		<effect id="M_Escape-fx" name="M_Escape">
			<profile_COMMON>
				<technique sid="standard">
					<phong>
						<diffuse>
							<color sid="diffuse">0.500000   0.500000   0.500000   1.000000</color>
						</diffuse>
					</phong>
				</technique>
			</profile_COMMON>
		</effect>
	</library_effects>
	<library_materials>
		<material id="M_Escape" name="M_Escape">
			<instance_effect url="#M_Escape-fx"/>
		</material>
	</library_materials>
	<library_geometries>
		<geometry id="meshId0" name="meshId0_name" >
			<mesh>
				<source id="meshId0-positions" name="meshId0-positions">
					<float_array id="meshId0-positions-array" count="1329"> 
						141.868286 190.257019 -2.866693 143.073746 189.798492 -1.751849 143.909134 192.135651 -1.312038 142.350586 192.728516 -2.753413 140.221573 190.424866 -3.274755 140.221573 192.945511 -3.280993 138.574890 190.257019 -2.866693 138.092575 192.728516 -2.753413 137.369415 189.798492 -1.751849 136.534042 192.135651 -1.312038 136.928177 189.172073 -0.228943 135.963577 191.325806 0.656916 137.369415 188.545670 1.293963 136.534042 190.515930 2.625870 138.574890 188.087143 2.408807 138.092575 189.923065 4.067246 140.221573 187.919296 2.816869 138.574890 188.087143 2.408807 138.092575 189.923065 4.067246 140.221573 189.706055 4.594826 141.868286 188.087143 2.408807 142.350586 189.923065 4.067246 143.073746 188.545670 1.293963 143.909134 190.515930 2.625870 143.514984 189.172073 -0.228943 144.479599 191.325806 0.656916 145.925919 193.470673 -2.021961 143.514984 194.387787 -4.251649 140.221573 194.723495 -5.067772 136.928177 194.387787 -4.251649 134.517258 193.470673 -2.021961 133.634796 192.217880 1.023851 134.517258 190.965103 4.069663 136.928177 190.047989 6.299352 136.928177 190.047989 6.299352 140.221573 189.712296 7.115475 143.514984 190.047989 6.299352 145.925919 190.965103 4.069663 146.808380 192.217880 1.023851 147.942703 193.021515 -3.465752 144.679382 194.262863 -6.483754 140.221573 194.717255 -7.588420 135.763779 194.262863 -6.483754 132.500473 193.021515 -3.465752 131.306015 191.325806 0.656916 132.500473 189.630066 4.779585 135.763779 188.388702 7.797586 135.763779 188.388702 7.797586 140.221573 187.934357 8.902252 144.679382 188.388702 7.797586 147.942703 189.630066 4.779585 149.137161 191.325806 0.656916 148.778061 191.051270 -4.797660 145.161667 192.426926 -8.142194 140.221573 192.930450 -9.366377 135.281494 192.426926 -8.142194 131.665100 191.051270 -4.797660 130.341400 189.172073 -0.228943 131.665100 187.292877 4.339774 135.281494 185.917236 7.684308 135.281494 185.917236 7.684308 140.221573 185.413696 8.908491 145.161667 185.917236 7.684308 148.778061 187.292877 4.339774 
						150.101776 189.172073 -0.228943 147.942703 188.714081 -5.237470 144.679382 189.955460 -8.255472 140.221573 190.409805 -9.360138 135.763779 189.955460 -8.255472 132.500473 188.714081 -5.237470 131.306015 187.018356 -1.114802 132.500473 185.322632 3.007866 135.763779 184.081284 6.025869 135.763779 184.081284 6.025869 140.221573 183.626907 7.130534 144.679382 184.081284 6.025869 147.942703 185.322632 3.007866 149.137161 187.018356 -1.114802 145.925919 187.379059 -4.527548 143.514984 188.296173 -6.757236 140.221573 188.631851 -7.573359 136.928177 188.296173 -6.757236 134.517258 187.379059 -4.527548 133.634796 186.126266 -1.481737 134.517258 184.873489 1.564074 136.928177 183.956360 3.793763 136.928177 183.956360 3.793763 140.221573 183.620667 4.609887 143.514984 183.956360 3.793763 145.925919 184.873489 1.564074 146.808380 186.126266 -1.481737 143.909134 187.828247 -3.083757 142.350586 188.421082 -4.525131 140.221573 188.638092 -5.052711 138.092575 188.421082 -4.525131 136.534042 187.828247 -3.083757 135.963577 187.018356 -1.114802 136.534042 186.208496 0.854152 138.092575 185.615631 2.295527 138.092575 185.615631 2.295527 140.221573 185.398636 2.823107 142.350586 185.615631 2.295527 143.909134 186.208496 0.854152 144.479599 187.018356 -1.114802 142.350586 188.421082 -4.525131 143.909134 187.828247 -3.083757 140.221573 188.638092 -5.052711 138.092575 188.421082 -4.525131 136.534042 187.828247 -3.083757 135.963577 187.018356 -1.114802 136.534042 186.208496 0.854152 138.092575 185.615631 2.295527 140.221573 185.398636 2.823107 138.092575 185.615631 2.295527 142.350586 185.615631 2.295527 143.909134 186.208496 0.854152 144.479599 187.018356 -1.114802 142.755310 191.020355 0.776335 142.009109 190.477448 2.209763 141.160629 192.741455 2.922495 142.125412 193.443390 1.069226 142.822617 191.068008 -0.926457 142.212418 193.505020 -1.132301 142.192978 190.607666 -2.442350 141.398361 192.909836 -3.092189 141.035095 189.762680 -3.365163 139.901337 191.817337 -4.285287 139.659241 188.759415 -3.447628 
						138.122513 190.520233 -4.391906 138.434052 187.866714 -2.667649 136.538498 189.366104 -3.383477 137.687866 187.323807 -1.234221 135.573730 188.664154 -1.530208 137.620560 187.276138 0.468571 135.486710 188.602539 0.671320 138.250198 187.736481 1.984464 136.300781 189.197693 2.631208 139.408081 188.581482 2.907276 138.250198 187.736481 1.984464 136.300781 189.197693 2.631208 137.797775 190.290207 3.824306 140.783920 189.584747 2.989742 139.576614 191.587311 3.930925 141.856293 194.443909 4.646280 143.348709 195.529755 1.779424 143.483307 195.625092 -1.626159 142.224014 194.704407 -4.657945 139.908264 193.014359 -6.503571 137.156570 191.007858 -6.668501 134.706223 189.222488 -5.108543 133.213791 188.136658 -2.241687 133.079208 188.041306 1.163896 134.338470 188.962006 4.195683 134.338470 188.962006 4.195683 136.654221 190.652023 6.041307 139.405945 192.658539 6.206238 143.688568 194.587509 6.371346 145.708618 196.057236 2.490904 145.890823 196.186279 -2.118735 144.186295 194.940094 -6.222418 141.051819 192.652542 -8.720572 137.327240 189.936630 -8.943813 134.010574 187.520035 -6.832327 131.990479 186.050308 -2.951885 131.808304 185.921265 1.657753 133.512802 187.167465 5.761437 133.512802 187.167465 5.761437 136.647308 189.455017 8.259590 140.371887 192.170929 8.482831 145.584137 193.088165 7.087174 147.822769 194.716888 2.786890 148.024673 194.859894 -2.321484 146.135742 193.478867 -6.869163 142.662125 190.943848 -9.637600 138.534561 187.934067 -9.884996 134.859039 185.255997 -7.545059 132.620392 183.627258 -3.244776 132.418488 183.484268 1.863598 134.307434 184.865295 6.411278 134.307434 184.865295 6.411278 137.781052 187.400314 9.179714 141.908615 190.410095 9.427111 146.432602 190.824112 6.374441 148.452682 192.293839 2.493998 148.634872 192.422897 -2.115639 146.930344 191.176682 -6.219323 143.795853 188.889145 -8.717476 140.071274 186.173218 -8.940717 136.754608 183.756638 -6.829232 134.734528 182.286911 -2.948790 134.552338 182.157867 1.660848 136.256866 183.404068 5.764533 
						136.256866 183.404068 5.764533 139.391357 185.691605 8.262686 143.115936 188.407532 8.485928 145.736954 189.121674 4.650658 147.229370 190.207489 1.783801 147.363968 190.302841 -1.621782 146.104691 189.382141 -4.653568 143.788940 187.692123 -6.499193 141.037231 185.685608 -6.664124 138.586868 183.900253 -5.104166 137.094467 182.814407 -2.237310 136.959854 182.719070 1.168273 138.219147 183.639755 4.200059 138.219147 183.639755 4.200059 140.534897 185.329803 6.045685 143.286591 187.336319 6.210615 143.904678 188.978058 2.925591 144.869446 189.680008 1.072321 144.956467 189.741623 -1.129206 144.142395 189.146454 -3.089095 142.645386 188.053940 -4.282192 140.866547 186.756836 -4.388811 139.282532 185.602692 -3.380382 138.317764 184.900757 -1.527112 138.230759 184.839127 0.674415 139.044800 185.434311 2.634304 139.044800 185.434311 2.634304 140.541824 186.526810 3.827401 142.320663 187.823929 3.934020 144.869446 189.680008 1.072321 143.904678 188.978058 2.925591 144.956467 189.741623 -1.129206 144.142395 189.146454 -3.089095 142.645386 188.053940 -4.282192 140.866547 186.756836 -4.388811 139.282532 185.602692 -3.380382 138.317764 184.900757 -1.527112 138.230759 184.839127 0.674415 139.044800 185.434311 2.634304 140.541824 186.526810 3.827401 139.044800 185.434311 2.634304 142.320663 187.823929 3.934020 154.548676 637.269836 0.000000 160.637543 638.481018 0.000000 160.637543 639.014038 1.988870 154.344742 637.762146 1.988870 149.386765 633.820923 0.000000 149.009949 634.197571 1.988870 145.937698 628.658936 0.000000 145.445374 628.862976 1.988870 144.726563 622.570068 0.000000 144.193649 622.570068 1.988870 160.637543 640.469910 3.444824 153.787567 639.107300 3.444824 147.980423 635.227173 3.444824 144.100235 629.420105 3.444824 142.737686 622.570068 3.444824 160.637543 642.458862 3.977740 153.026459 640.944885 3.977740 146.574081 636.633545 3.977740 142.262772 630.181152 3.977740 140.748825 622.570068 3.977740 160.637543 644.447632 3.444824 152.265350 642.782288 3.444824 
						145.167755 638.039795 3.444824 140.425278 630.942261 3.444824 138.759949 622.570068 3.444824 160.637543 645.903503 1.988870 151.708176 644.127502 1.988870 144.138245 639.069397 1.988870 139.080170 631.499390 1.988870 137.304001 622.570068 1.988870 160.637543 646.436523 0.000000 151.504242 644.619873 0.000000 143.761414 639.446167 0.000000 138.587814 631.703369 0.000000 136.771072 622.570068 0.000000 160.637543 645.903503 -1.988870 151.708176 644.127502 -1.988870 144.138245 639.069397 -1.988870 139.080170 631.499390 -1.988870 137.304001 622.570068 -1.988870 160.637543 644.447632 -3.444824 152.265350 642.782288 -3.444824 145.167755 638.039795 -3.444824 140.425278 630.942261 -3.444824 138.759949 622.570068 -3.444824 160.637543 642.458862 -3.977740 153.026459 640.944885 -3.977740 146.574081 636.633545 -3.977740 142.262772 630.181152 -3.977740 140.748825 622.570068 -3.977740 160.637543 640.469910 -3.444824 153.787567 639.107300 -3.444824 147.980423 635.227173 -3.444824 144.100235 629.420105 -3.444824 142.737686 622.570068 -3.444824 160.637543 639.014038 -1.988870 154.344742 637.762146 -1.988870 149.009949 634.197571 -1.988870 145.445374 628.862976 -1.988870 144.193649 622.570068 -1.988870 160.637543 638.481018 0.000000 154.548676 637.269836 0.000000 149.386765 633.820923 0.000000 145.937698 628.658936 0.000000 144.726563 622.570068 0.000000 230.069641 638.481018 0.000000 230.069641 639.014038 1.988870 230.069641 640.469910 3.444824 230.069641 642.458862 3.977740 230.069641 644.447632 3.444824 230.069641 645.903503 1.988870 230.069641 646.436523 0.000000 230.069641 645.903503 -1.988870 230.069641 644.447632 -3.444824 230.069641 642.458862 -3.977740 230.069641 640.469910 -3.444824 230.069641 639.014038 -1.988870 230.069641 638.481018 0.000000 142.094803 239.115479 -0.290153 141.561905 239.115479 1.698717 144.193649 172.749847 1.988870 144.726563 172.749847 0.000000 140.105942 239.115479 3.154671 142.737686 172.749847 3.444824 138.117081 239.115479 3.687587 140.748825 172.749847 3.977740 
						136.128189 239.115479 3.154671 138.759949 172.749847 3.444824 134.672256 239.115479 1.698717 137.304001 172.749847 1.988870 134.139343 239.115479 -0.290153 136.771072 172.749847 0.000000 134.672256 239.115479 -2.279023 137.304001 172.749847 -1.988870 136.128189 239.115479 -3.734978 138.759949 172.749847 -3.444824 138.117081 239.115479 -4.267893 140.748825 172.749847 -3.977740 140.105942 239.115479 -3.734978 142.737686 172.749847 -3.444824 141.561905 239.115479 -2.279023 144.193649 172.749847 -1.988870 142.094803 239.115479 -0.290153 144.726563 172.749847 0.000000 145.081528 582.446289 0.564367 145.614441 582.446289 -1.424503 143.625580 582.446289 2.020320 141.636688 582.446289 2.553237 139.647827 582.446289 2.020320 138.191864 582.446289 0.564367 137.658966 582.446289 -1.424503 138.191864 582.446289 -3.413373 139.647827 582.446289 -4.869328 141.636688 582.446289 -5.402243 143.625580 582.446289 -4.869328 145.081528 582.446289 -3.413373 145.614441 582.446289 -1.424503 142.521103 536.102661 1.807175 143.054031 536.102661 -0.181695 141.065170 536.102661 3.263129 139.076279 536.102661 3.796045 137.087402 536.102661 3.263129 135.631470 536.102661 1.807175 135.098557 536.102661 -0.181695 135.631470 536.102661 -2.170565 137.087402 536.102661 -3.626518 139.076279 536.102661 -4.159435 141.065170 536.102661 -3.626518 142.521103 536.102661 -2.170565 143.054031 536.102661 -0.181695 140.639236 484.376831 5.963444 141.172134 484.376831 3.974573 139.183273 484.376831 7.419398 137.194412 484.376831 7.952312 135.205521 484.376831 7.419398 133.749588 484.376831 5.963444 133.216675 484.376831 3.974573 133.749588 484.376831 1.985704 135.205521 484.376831 0.529750 137.194412 484.376831 -0.003167 139.183273 484.376831 0.529750 140.639236 484.376831 1.985704 141.172134 484.376831 3.974573 143.958542 428.877960 4.684373 144.491455 428.877960 2.695503 142.502594 428.877960 6.140326 140.513733 428.877960 6.673244 138.524841 428.877960 6.140326 137.068909 428.877960 4.684373 136.535995 428.877960 2.695503 
						137.068909 428.877960 0.706633 138.524841 428.877960 -0.749321 140.513733 428.877960 -1.282237 142.502594 428.877960 -0.749321 143.958542 428.877960 0.706633 144.491455 428.877960 2.695503 146.271301 369.895966 1.988870 146.804230 369.895966 0.000000 144.815369 369.895966 3.444824 142.826477 369.895966 3.977740 140.837631 369.895966 3.444824 139.381653 369.895966 1.988870 138.848755 369.895966 0.000000 139.381653 369.895966 -1.988870 140.837631 369.895966 -3.444824 142.826477 369.895966 -3.977740 144.815369 369.895966 -3.444824 146.271301 369.895966 -1.988870 146.804230 369.895966 0.000000 145.288422 304.531982 -0.060097 145.821320 304.531982 -2.048968 143.832458 304.531982 1.395857 141.843582 304.531982 1.928772 139.854706 304.531982 1.395857 138.398758 304.531982 -0.060097 137.865829 304.531982 -2.048968 138.398758 304.531982 -4.037838 139.854706 304.531982 -5.493791 141.843582 304.531982 -6.026707 143.832458 304.531982 -5.493791 145.288422 304.531982 -4.037838 145.821320 304.531982 -2.048968 143.392609 170.447601 1.523549 143.806900 170.444702 0.000674 142.264969 170.459778 2.616181 140.754852 170.478577 2.982834 139.283707 170.499298 2.548668 138.233887 170.516235 1.456083 137.858383 170.524261 0.000651 138.241180 170.520935 -1.450545 139.291046 170.507172 -2.534580 140.754837 170.487366 -2.964342 142.257477 170.467102 -2.601878 143.385101 170.451660 -1.517861 143.806900 170.444702 0.000674 139.291046 170.507172 -2.534580 140.830032 169.150116 0.008952 138.241180 170.520935 -1.450545 143.392609 170.447601 1.523549 142.264969 170.459778 2.616181 140.754852 170.478577 2.982834 139.283707 170.499298 2.548668 138.233887 170.516235 1.456083 137.858383 170.524261 0.000651 140.754837 170.487366 -2.964342 142.257477 170.467102 -2.601878 143.385101 170.451660 -1.517861 143.806900 170.444702 0.000674 143.806900 170.444702 0.000674 
					</float_array>
					<technique_common>
						<accessor count="443" offset="0" source="#meshId0-positions-array" stride="3">
							<param name="X" type="float" />
							<param name="Y" type="float" />
							<param name="Z" type="float" />
						</accessor>
					</technique_common>
				</source>
				<source id="meshId0-normals" name="meshId0-normals">
					<float_array id="meshId0-normals-array" count="1329"> 
						-0.500002 -0.329433 0.800919 -0.866025 -0.190199 0.462412 -0.538407 0.606127 0.585430 -0.310850 0.519565 0.795880 -0.000000 -0.380396 0.924824 -0.000000 0.487882 0.872909 0.500001 -0.329434 0.800920 0.310850 0.519567 0.795878 0.866024 -0.190199 0.462413 0.538406 0.606128 0.585430 1.000000 0.000001 -0.000001 0.621700 0.724374 0.297947 0.866025 0.190199 -0.462413 0.538407 0.842620 0.010464 0.500002 0.329434 -0.800919 0.310851 0.929181 -0.199985 0.000000 0.380398 -0.924823 0.500002 0.329434 -0.800919 0.310851 0.929181 -0.199985 0.000000 0.960866 -0.277015 -0.500002 0.329432 -0.800920 -0.310851 0.929181 -0.199986 -0.866025 0.190196 -0.462414 -0.538407 0.842620 0.010466 -1.000000 -0.000000 -0.000002 -0.621699 0.724374 0.297948 0.114405 0.941845 0.315975 0.066052 0.960237 0.271258 -0.000000 0.966970 0.254891 -0.066053 0.960238 0.271256 -0.114406 0.941845 0.315973 -0.132105 0.916719 0.377061 -0.114407 0.891593 0.438147 -0.066053 0.873199 0.482867 -0.066053 0.873199 0.482867 -0.000000 0.866466 0.499235 0.066052 0.873200 0.482866 0.114407 0.891592 0.438149 0.132105 0.916718 0.377062 0.662526 0.741099 -0.108775 0.382510 0.847616 -0.367741 0.000000 0.886603 -0.462532 -0.382511 0.847615 -0.367743 -0.662527 0.741098 -0.108776 -0.765020 0.595593 0.244977 -0.662526 0.450088 0.598732 -0.382509 0.343570 0.857698 -0.382509 0.343570 0.857698 0.000000 0.304583 0.952486 0.382510 0.343570 0.857698 0.662527 0.450088 0.598731 0.765019 0.595593 0.244977 0.866026 0.190197 -0.462411 0.500001 0.329433 -0.800920 0.000000 0.380396 -0.924824 -0.500000 0.329433 -0.800921 -0.866026 0.190199 -0.462411 -1.000000 0.000001 -0.000000 -0.866025 -0.190198 0.462412 -0.499999 -0.329432 0.800922 -0.499999 -0.329432 0.800922 0.000000 -0.380395 0.924824 0.499999 -0.329432 0.800921 0.866026 -0.190197 0.462412 
						1.000000 0.000001 0.000000 0.662526 -0.450090 -0.598731 0.382511 -0.343572 -0.857697 0.000000 -0.304585 -0.952485 -0.382510 -0.343570 -0.857698 -0.662526 -0.450086 -0.598733 -0.765020 -0.595593 -0.244978 -0.662526 -0.741099 0.108775 -0.382510 -0.847615 0.367742 -0.382510 -0.847615 0.367742 0.000000 -0.886602 0.462532 0.382510 -0.847616 0.367741 0.662526 -0.741098 0.108775 0.765020 -0.595593 -0.244977 0.114406 -0.891593 -0.438147 0.066053 -0.873199 -0.482867 -0.000000 -0.866467 -0.499235 -0.066052 -0.873199 -0.482867 -0.114405 -0.891592 -0.438149 -0.132103 -0.916718 -0.377063 -0.114406 -0.941844 -0.315976 -0.066053 -0.960238 -0.271256 -0.066053 -0.960238 -0.271256 0.000000 -0.966971 -0.254887 0.066053 -0.960238 -0.271257 0.114406 -0.941844 -0.315976 0.132104 -0.916719 -0.377061 -0.538407 -0.842620 -0.010464 -0.310849 -0.929182 0.199985 -0.000000 -0.960866 0.277013 0.310849 -0.929182 0.199985 0.538407 -0.842620 -0.010465 0.621699 -0.724374 -0.297948 0.538407 -0.606126 -0.585430 0.310849 -0.519563 -0.795882 0.310849 -0.519563 -0.795882 0.000000 -0.487879 -0.872911 -0.310849 -0.519563 -0.795881 -0.538406 -0.606126 -0.585432 -0.621699 -0.724374 -0.297947 -0.310849 -0.929182 0.199985 -0.538407 -0.842620 -0.010464 -0.000000 -0.960866 0.277013 0.310849 -0.929182 0.199985 0.538407 -0.842620 -0.010465 0.621699 -0.724374 -0.297948 0.538407 -0.606126 -0.585430 0.310849 -0.519563 -0.795882 0.000000 -0.487879 -0.872911 0.310849 -0.519563 -0.795882 -0.310849 -0.519563 -0.795881 -0.538406 -0.606126 -0.585432 -0.621699 -0.724374 -0.297947 -0.769336 -0.561206 -0.305238 -0.542759 -0.396360 -0.740481 -0.798896 0.386467 -0.460878 -0.939758 0.283982 -0.190288 -0.789771 -0.575679 0.211790 -0.952462 0.274982 0.131151 -0.598586 -0.435901 0.672075 -0.833604 0.361880 0.417308 -0.247013 -0.179323 0.952275 -0.615029 0.521398 0.591510 0.170749 0.125304 0.977315 
						-0.355305 0.710784 0.607078 0.542758 0.396358 0.740482 -0.124028 0.879298 0.459838 0.769336 0.561204 0.305240 0.016833 0.981785 0.189246 0.789770 0.575680 -0.211789 0.029535 0.990784 -0.132190 0.598585 0.435901 -0.672076 -0.089320 0.903883 -0.418350 0.247012 0.179322 -0.952276 0.598585 0.435901 -0.672076 -0.089320 0.903883 -0.418350 -0.307893 0.744371 -0.592548 -0.170748 -0.125303 -0.977315 -0.567617 0.554984 -0.608114 -0.512295 0.853295 0.097165 -0.482361 0.875074 0.039663 -0.479662 0.876986 -0.028638 -0.504919 0.858520 -0.089444 -0.551363 0.824625 -0.126459 -0.606550 0.784384 -0.129765 -0.655696 0.748575 -0.098478 -0.685628 0.726797 -0.040982 -0.688328 0.724885 0.027320 -0.663071 0.743351 0.088124 -0.663071 0.743351 0.088124 -0.616625 0.777248 0.125137 -0.561438 0.817489 0.128449 0.035798 0.823589 0.566056 0.209134 0.949702 0.233085 0.224767 0.960775 -0.162452 0.078507 0.853843 -0.514576 -0.190454 0.657554 -0.728937 -0.510047 0.424509 -0.748094 -0.794642 0.217146 -0.566914 -0.967979 0.091034 -0.233945 -0.983612 0.079964 0.161596 -0.837352 0.186898 0.513722 -0.837352 0.186898 0.513722 -0.568392 0.383184 0.728080 -0.248797 0.616230 0.747235 0.542759 0.396357 0.740482 0.769336 0.561205 0.305240 0.789770 0.575680 -0.211790 0.598587 0.435903 -0.672073 0.247013 0.179325 -0.952275 -0.170748 -0.125303 -0.977315 -0.542758 -0.396356 -0.740484 -0.769335 -0.561206 -0.305241 -0.789770 -0.575681 0.211791 -0.598586 -0.435902 0.672074 -0.598586 -0.435902 0.672074 -0.247013 -0.179324 0.952275 0.170748 0.125304 0.977315 0.794643 -0.217147 0.566913 0.967979 -0.091033 0.233944 0.983612 -0.079962 -0.161596 0.837354 -0.186898 -0.513720 0.568393 -0.383184 -0.728080 0.248797 -0.616229 -0.747236 -0.035798 -0.823588 -0.566057 -0.209134 -0.949702 -0.233086 -0.224766 -0.960775 0.162452 -0.078507 -0.853843 0.514577 
						-0.078507 -0.853843 0.514577 0.190454 -0.657555 0.728936 0.510048 -0.424509 0.748093 0.655696 -0.748574 0.098481 0.685627 -0.726798 0.040983 0.688328 -0.724885 -0.027322 0.663071 -0.743352 -0.088124 0.616625 -0.777247 -0.125140 0.561438 -0.817489 -0.128452 0.512295 -0.853295 -0.097166 0.482362 -0.875073 -0.039666 0.479663 -0.876985 0.028639 0.504919 -0.858520 0.089443 0.504919 -0.858520 0.089443 0.551363 -0.824626 0.126457 0.606552 -0.784383 0.129766 0.124030 -0.879300 -0.459835 -0.016834 -0.981786 -0.189245 -0.029537 -0.990785 0.132187 0.089318 -0.903885 0.418347 0.307892 -0.744373 0.592546 0.567617 -0.554984 0.608115 0.798895 -0.386467 0.460879 0.939758 -0.283982 0.190288 0.952463 -0.274981 -0.131150 0.833604 -0.361883 -0.417308 0.833604 -0.361883 -0.417308 0.615029 -0.521399 -0.591509 0.355308 -0.710784 -0.607077 -0.016834 -0.981786 -0.189245 0.124030 -0.879300 -0.459835 -0.029537 -0.990785 0.132187 0.089318 -0.903885 0.418347 0.307892 -0.744373 0.592546 0.567617 -0.554984 0.608115 0.798895 -0.386467 0.460879 0.939758 -0.283982 0.190288 0.952463 -0.274981 -0.131150 0.833604 -0.361883 -0.417308 0.615029 -0.521399 -0.591509 0.833604 -0.361883 -0.417308 0.355308 -0.710784 -0.607077 0.382684 -0.923879 0.000000 0.016762 -0.999860 0.000000 0.014689 -0.864911 0.501709 0.326806 -0.788972 0.520309 0.707099 -0.707114 0.000000 0.603851 -0.603853 0.520313 0.923881 -0.382681 0.000001 0.788969 -0.326803 0.520314 0.999953 -0.008321 0.005027 0.861144 -0.022933 0.507844 0.008528 -0.496773 0.867839 0.177899 -0.429482 0.885379 0.328713 -0.328716 0.885378 0.429491 -0.177902 0.885375 0.490041 -0.030773 0.871156 -0.000898 0.004516 0.999989 -0.017378 0.041955 0.998968 -0.032114 0.032113 0.998968 -0.041958 0.017380 0.998968 -0.010391 -0.028384 0.999543 -0.011237 0.503543 0.863897 -0.204077 0.492684 0.845940 
						-0.377084 0.377082 0.845942 -0.492680 0.204074 0.845944 -0.505846 -0.016504 0.862466 -0.019236 0.867095 0.497771 -0.335598 0.810209 0.480558 -0.620103 0.620103 0.480566 -0.810206 0.335597 0.480564 -0.866664 0.000552 0.498892 -0.022235 0.999753 0.000000 -0.382681 0.923881 0.000000 -0.707107 0.707106 -0.000000 -0.923879 0.382685 0.000000 -0.999838 0.017356 0.004814 -0.019236 0.867095 -0.497771 -0.335598 0.810209 -0.480558 -0.620103 0.620103 -0.480566 -0.810206 0.335597 -0.480564 -0.870415 0.029404 -0.491441 -0.011237 0.503543 -0.863897 -0.204077 0.492684 -0.845940 -0.377084 0.377082 -0.845942 -0.492680 0.204074 -0.845943 -0.509736 0.034138 -0.859653 -0.000898 0.004516 -0.999989 -0.017380 0.041958 -0.998968 -0.032116 0.032115 -0.998968 -0.041957 0.017380 -0.998968 -0.010289 0.031199 -0.999460 0.008528 -0.496773 -0.867839 0.177899 -0.429484 -0.885379 0.328712 -0.328716 -0.885378 0.429490 -0.177901 -0.885376 0.494541 0.021848 -0.868880 0.014689 -0.864911 -0.501709 0.326806 -0.788971 -0.520310 0.603849 -0.603853 -0.520315 0.788970 -0.326802 -0.520314 0.865731 0.007906 -0.500447 0.016762 -0.999860 0.000000 0.382684 -0.923879 0.000000 0.707099 -0.707114 0.000000 0.923881 -0.382681 0.000001 0.999953 -0.008321 0.005027 0.000000 -1.000000 0.000000 0.000000 -0.866028 0.499996 0.000000 -0.499997 0.866027 0.000000 -0.000000 1.000000 0.000000 0.500015 0.866017 0.000000 0.866028 0.499996 0.000000 1.000000 0.000000 0.000000 0.866028 -0.499996 0.000000 0.500015 -0.866017 0.000000 -0.000000 -1.000000 0.000000 -0.499997 -0.866027 0.000000 -0.866028 -0.499996 0.000000 -1.000000 0.000000 0.999964 -0.008318 0.001818 0.863249 0.000778 0.504777 0.866998 0.024179 0.497725 0.999629 0.027231 0.000670 0.493228 0.009568 0.869847 0.504219 0.011533 0.863499 -0.007955 0.015652 0.999846 0.006050 -0.007423 0.999954 
						-0.505104 0.017510 0.862881 -0.494989 -0.027662 0.868459 -0.867129 0.014802 0.497864 -0.863402 -0.043716 0.502620 -0.999964 0.008296 0.001847 -0.998688 -0.051205 0.000662 -0.868807 -0.000379 -0.495150 -0.863806 -0.048081 -0.501524 -0.506730 -0.009052 -0.862057 -0.495453 -0.035198 -0.867921 -0.007925 -0.015440 -0.999849 0.006043 -0.016077 -0.999853 0.494780 -0.017720 -0.868837 0.504821 0.004089 -0.863214 0.864742 -0.015129 -0.501989 0.867655 0.019906 -0.496767 0.999964 -0.008318 0.001818 0.999629 0.027231 0.000670 0.869713 -0.017845 0.493234 0.999803 -0.019200 -0.005110 0.507062 -0.011732 0.861830 0.006530 -0.002354 0.999976 -0.497280 0.007782 0.867555 -0.866471 0.015823 0.498977 -0.999798 0.019476 -0.005043 -0.862038 0.017753 -0.506533 -0.492823 0.011248 -0.870057 0.006596 0.001846 -0.999977 0.502726 -0.007922 -0.864410 0.865358 -0.015572 -0.500912 0.999803 -0.019200 -0.005110 0.867777 -0.012212 0.496804 0.998938 -0.045823 -0.004868 0.501091 0.024976 0.865034 -0.001138 0.055325 0.998468 -0.501705 0.070445 0.862166 -0.866491 0.066437 0.494752 -0.998990 0.044677 -0.004879 -0.864133 0.011187 -0.503139 -0.498583 -0.025067 -0.866480 -0.001149 -0.054612 -0.998507 0.495803 -0.069859 -0.865620 0.861688 -0.066776 -0.503026 0.998938 -0.045823 -0.004868 0.860105 0.025478 0.509480 0.999869 0.013958 0.008264 0.490130 0.029887 0.871137 -0.008039 0.026377 0.999620 -0.502334 0.016184 0.864522 -0.864389 0.001963 0.502819 -0.999882 -0.012841 0.008397 -0.871326 -0.024553 -0.490090 -0.509299 -0.029965 -0.860068 -0.007906 -0.027261 -0.999597 0.497579 -0.016875 -0.867255 0.867614 -0.001654 -0.497235 0.999869 0.013958 0.008264 0.865231 0.025078 0.500747 0.998801 0.048919 0.002037 0.500197 -0.005410 0.865895 0.001449 -0.034478 0.999404 -0.497293 -0.054423 0.865874 -0.863227 -0.059915 0.501248 -0.998779 -0.049355 0.002031 
						-0.866265 -0.025398 -0.498938 -0.499790 0.005527 -0.866129 0.001443 0.034916 -0.999389 0.501210 0.054743 -0.863592 0.865714 0.059799 -0.496955 0.998801 0.048919 0.002037 0.867447 -0.009545 0.497437 0.999942 0.010719 -0.000856 0.503453 -0.027401 0.863588 0.004355 -0.038072 0.999266 -0.496734 -0.038551 0.867046 -0.864953 -0.028532 0.501041 -0.999943 -0.010670 -0.000849 -0.864522 0.010083 -0.502494 -0.496165 0.027969 -0.867777 0.004362 0.038182 -0.999261 0.502541 0.038173 -0.863710 0.866406 0.028123 -0.498547 0.999942 0.010719 -0.000856 0.868492 -0.032447 0.494640 0.999346 -0.035841 -0.004806 0.504540 -0.020293 0.863150 0.003434 -0.002477 0.999991 -0.499426 0.016137 0.866206 -0.866830 0.030319 0.497682 -0.999336 0.036131 -0.004773 -0.862628 0.032108 -0.504818 -0.495223 0.019549 -0.868546 0.003467 0.001958 -0.999992 0.500450 -0.016025 -0.865617 0.864419 -0.029803 -0.501888 0.999346 -0.035841 -0.004806 0.800771 -0.375562 0.466604 0.927823 -0.373021 -0.001006 0.454771 -0.386010 0.802608 -0.009263 -0.401488 0.915818 -0.461688 -0.417801 0.782487 -0.784409 -0.430584 0.446431 -0.899704 -0.436500 -0.001037 -0.782091 -0.434035 -0.447156 -0.459422 -0.423817 -0.780583 -0.009290 -0.408491 -0.912715 0.452579 -0.392112 -0.800888 0.798637 -0.379099 -0.467400 0.927823 -0.373021 -0.001006 -0.223484 -0.909656 -0.350116 -0.006419 -0.999979 -0.000705 -0.367365 -0.908046 -0.201235 0.341784 -0.916694 0.207018 0.186384 -0.915253 0.357175 -0.021838 -0.913028 0.407312 -0.224385 -0.910583 0.347116 -0.368401 -0.908594 0.196819 -0.419708 -0.907656 -0.002567 -0.022127 -0.911993 -0.409608 0.185068 -0.914388 -0.360062 0.340614 -0.916216 -0.211022 0.398788 -0.917040 -0.002261 0.398788 -0.917040 -0.002261 
					</float_array>
					<technique_common>
						<accessor count="443" offset="0" source="#meshId0-normals-array" stride="3">
							<param name="X" type="float" />
							<param name="Y" type="float" />
							<param name="Z" type="float" />
						</accessor>
					</technique_common>
				</source>
				<source id="meshId0-tangents" name="meshId0-tangents">
					<float_array id="meshId0-tangents-array" count="1329"> 
						0.515306 0.630114 0.580876 0.290851 0.560622 0.775312 0.839918 0.329745 0.431053 0.871488 0.489989 0.020507 0.613691 0.730192 0.300340 0.686511 0.634710 -0.354748 0.555448 0.831537 -0.004729 0.335866 0.723291 -0.603361 0.340541 0.901534 -0.266960 -0.087064 0.731013 -0.676787 -0.000001 0.907646 -0.419737 -0.479058 0.652610 -0.587029 -0.395193 0.826935 -0.400000 -0.765440 0.494209 -0.412139 -0.668392 0.734865 -0.115002 -0.932390 0.257283 -0.253878 -0.537273 0.780004 0.320831 -0.416045 0.902485 0.111479 -0.547127 0.346985 0.761744 -0.459036 0.246105 0.853650 -0.475144 0.668848 0.571734 -0.168810 0.153091 0.973687 -0.280033 0.581671 0.763702 0.227680 0.133500 0.964541 -0.000002 0.542346 0.840156 0.601937 0.198468 0.773487 0.935783 -0.208944 0.283993 0.983822 -0.017304 -0.178310 0.780648 0.159299 -0.604328 0.379546 0.275594 -0.883172 -0.109327 0.304193 -0.946316 -0.551209 0.248218 -0.796591 -0.834416 0.153108 -0.529441 -0.903882 0.152617 -0.399632 -0.749293 -0.362979 0.553900 -0.574077 -0.408775 0.709464 -0.233527 -0.456955 0.858288 0.220667 -0.452834 0.863856 0.653397 -0.366588 0.662334 0.729947 -0.606217 0.315718 0.895175 -0.438538 -0.079669 0.824558 -0.261690 -0.501619 0.533844 -0.122104 -0.836720 0.100563 -0.055901 -0.993359 -0.355567 -0.073466 -0.931759 -0.713680 -0.136620 -0.687020 -0.915892 -0.018653 -0.400990 -0.809396 -0.572301 -0.131720 -0.719643 -0.661353 0.211485 -0.466252 -0.729653 0.500215 -0.062930 -0.763061 0.643255 0.377222 -0.722726 0.579112 0.416435 -0.786234 0.456529 0.722329 -0.668821 0.175840 0.833569 -0.510886 -0.210136 0.719079 -0.357467 -0.595939 0.411413 -0.254502 -0.875196 -0.000000 -0.234244 -0.972178 -0.397778 -0.298249 -0.867652 -0.742913 -0.312121 -0.592166 -0.774704 -0.243224 -0.583674 -0.823237 -0.525021 -0.215949 -0.712300 -0.682453 0.163970 -0.413196 -0.793004 0.447676 
						0.000000 -0.831300 0.555824 0.090577 -0.745326 0.660519 0.523339 -0.684460 0.507574 0.814940 -0.552008 0.176521 0.889415 -0.388349 -0.241093 0.736372 -0.244989 -0.630664 0.418355 -0.170404 -0.892155 0.058119 -0.195642 -0.978952 -0.259403 -0.283484 -0.923226 -0.810572 0.116816 -0.573871 -0.885741 -0.214698 -0.411542 -0.903385 -0.426606 -0.043628 -0.726909 -0.601098 0.332092 -0.366779 -0.715619 0.594443 -0.166023 -0.452000 0.876432 0.339733 -0.435330 0.833708 0.756590 -0.326444 0.566573 0.976147 -0.156852 0.150116 0.954083 0.024293 -0.298554 0.732219 0.166155 -0.660491 0.440364 0.237029 -0.865966 0.232729 0.249527 -0.939986 -0.873353 0.187115 -0.449713 -0.912198 0.104440 -0.396217 -0.995658 -0.045559 -0.081173 -0.918812 -0.221261 0.326846 -0.624871 -0.372308 0.686239 -0.218239 0.127432 0.967540 0.222273 0.133507 0.965801 0.605251 0.220512 0.764883 0.829185 0.367959 0.420783 0.842379 0.537836 0.033633 0.667358 0.689020 -0.282639 0.414833 0.795353 -0.441958 0.306176 0.847467 -0.433655 -0.846366 0.229704 -0.480521 -0.896906 0.386020 -0.215751 -0.912734 0.396755 0.097480 -0.837272 0.306160 0.453035 -0.600404 0.196451 0.775192 0.367537 0.076528 0.926855 -0.105656 0.055181 0.992870 0.745824 0.184530 0.640075 0.914972 0.349502 0.201680 0.810702 0.521321 -0.266434 0.456908 0.644369 -0.613208 0.008900 0.698772 -0.715289 -0.242199 0.766421 -0.594927 -0.728657 0.597839 -0.334138 -0.482082 0.635473 -0.603134 -0.894495 0.443012 0.060160 -0.831252 0.267960 0.487050 -0.543895 0.125527 0.829711 -0.625644 0.565244 0.537651 -0.822246 0.430514 0.372249 -0.318219 0.378643 0.869118 0.025959 0.614332 0.788620 -0.383289 0.732713 0.562336 0.302691 0.805316 0.509749 -0.156141 0.886382 0.435830 0.437425 0.893824 0.098684 -0.000007 0.982728 0.185056 0.396664 0.852920 -0.339388 0.046815 0.989729 -0.135075 
						0.197188 0.691834 -0.694610 -0.031130 0.890531 -0.453857 -0.099550 0.450052 -0.887436 -0.225483 0.685590 -0.692188 -0.406347 0.179655 -0.895883 -0.500268 0.404699 -0.765474 -0.633873 -0.083690 -0.768896 -0.794876 0.219167 -0.565808 -0.727066 -0.346246 -0.592864 -0.908161 0.385601 -0.162957 -0.776350 0.522448 -0.352603 -0.920069 0.085978 0.382204 -0.848138 0.067473 0.525461 -0.923716 0.365560 0.114515 -0.636414 0.172807 0.751741 -0.009563 -0.118800 0.992872 0.375660 0.165743 0.911816 0.691054 0.397677 0.603570 0.847196 0.512750 0.139093 0.799603 0.479109 -0.362062 0.561047 0.306645 -0.768892 0.198798 0.045342 -0.978991 -0.183251 -0.226807 -0.956545 -0.477341 -0.424266 -0.769509 -0.588394 -0.444799 -0.675238 -0.660670 -0.636499 0.397975 -0.574507 -0.552944 0.603486 -0.356160 -0.378821 0.854193 0.014465 -0.566787 0.823738 0.363860 -0.296815 0.882897 0.699970 -0.043220 0.712863 0.927070 0.127272 0.352624 0.980173 0.168714 -0.103903 0.842148 0.069468 -0.534753 0.548694 -0.142686 -0.823757 0.178985 -0.403159 -0.897456 -0.176072 -0.618931 -0.765456 -0.512654 -0.594759 -0.619232 -0.301283 -0.941916 -0.148403 -0.344716 -0.914421 0.212143 -0.247624 -0.786324 0.566018 -0.154981 -0.819240 0.552112 0.130050 -0.605376 0.785243 0.472942 -0.351602 0.807899 0.780102 -0.126561 0.612718 0.967571 0.007924 0.252473 0.984697 0.013405 -0.173757 0.829395 -0.113999 -0.546908 0.550436 -0.339790 -0.762603 0.229460 -0.597470 -0.768360 -0.152127 -0.761858 -0.629627 -0.217121 -0.719293 -0.659907 -0.291537 -0.923443 -0.249517 -0.306538 -0.935903 0.173550 -0.434988 -0.855071 0.282203 -0.227500 -0.712063 0.664236 0.105238 -0.473131 0.874684 0.478365 -0.204323 0.854060 0.793132 0.019861 0.608725 0.968196 0.137206 0.209216 0.966380 0.115784 -0.229575 0.811140 -0.035344 -0.583782 0.588527 -0.266729 -0.763212 0.361645 -0.505401 -0.783443 
						-0.412051 -0.442223 -0.796651 -0.392737 -0.731554 -0.557303 -0.477918 -0.862985 -0.163862 -0.755019 -0.650613 0.081544 -0.626209 -0.560157 0.542298 -0.326274 -0.343020 0.880842 0.072797 -0.053132 0.995930 0.465571 0.231844 0.854103 0.749313 0.436345 0.498129 0.858553 0.511620 0.033648 0.793072 0.455493 -0.404428 0.633584 0.323586 -0.702754 0.504655 0.209548 -0.837504 -0.549928 -0.399824 -0.733294 -0.566747 -0.481466 -0.668572 -0.706902 -0.606771 -0.363481 -0.987658 -0.154064 0.028203 -0.903743 -0.066031 0.422953 -0.668430 0.117904 0.734371 -0.334172 0.368484 0.867496 0.010670 0.625464 0.780180 0.272746 0.823688 0.497140 0.384391 0.917409 0.102979 0.329376 0.901178 -0.281763 0.164361 0.826263 -0.538771 0.058859 0.809390 -0.584314 -0.536677 -0.351861 -0.766924 -0.765702 -0.215823 -0.605905 -0.924701 -0.172301 -0.339472 -0.853910 -0.084347 0.513541 -0.981700 -0.176225 0.072187 -0.560752 0.125899 0.818356 -0.177121 0.398917 0.899719 0.195137 0.658967 0.726418 0.450414 0.827628 0.334900 0.506702 0.845292 -0.169512 0.338914 0.701321 -0.627125 0.018929 0.483069 -0.875378 -0.257743 0.413366 -0.873325 -0.676366 0.036744 -0.735649 -0.381676 0.168748 -0.908762 -0.913927 -0.127844 -0.385217 -0.588319 -0.243690 -0.771036 -0.662737 -0.011110 -0.748770 -0.640219 -0.393558 -0.659721 -0.441049 -0.614230 -0.654368 -0.462253 -0.462243 -0.756739 -0.190580 -0.743202 -0.641350 -0.258117 -0.623158 -0.738275 0.088432 -0.777609 -0.622498 -0.002128 -0.691961 -0.721932 0.336200 -0.723630 -0.602767 -0.625509 -0.679761 -0.382966 -0.355500 -0.867017 -0.349144 -0.021635 -0.939848 -0.340907 0.309845 -0.891863 -0.329510 0.552637 -0.761903 -0.337782 -0.631359 -0.775485 0.002935 -0.352296 -0.935301 0.033153 0.005442 -0.999463 0.032304 0.358318 -0.933075 0.031284 0.618093 -0.785944 -0.015893 -0.655871 -0.655854 0.373749 -0.423450 -0.823529 0.377478 
						-0.097141 -0.924432 0.368767 0.245391 -0.900082 0.360051 0.535912 -0.789476 0.299211 -0.692807 -0.370519 0.618655 -0.543024 -0.583243 0.604113 -0.288895 -0.750008 0.595002 0.014024 -0.808537 0.588278 0.315849 -0.773462 0.549541 -0.733593 -0.016315 0.679393 -0.680750 -0.281974 0.676069 -0.522300 -0.522300 0.674096 -0.282012 -0.680834 0.675969 -0.009663 -0.742443 0.669840 -0.769097 0.305282 0.561509 -0.808323 0.014279 0.588567 -0.749970 -0.288773 0.595110 -0.583286 -0.542510 0.604534 -0.367590 -0.702845 0.609005 -0.790962 0.524091 0.315766 -0.900049 0.245458 0.360087 -0.924416 -0.096894 0.368873 -0.824041 -0.421843 0.378159 -0.655331 -0.662803 0.362261 -0.793165 0.608997 0.003462 -0.933412 0.357444 0.031253 -0.999462 0.005660 0.032313 -0.936315 -0.349585 0.033244 -0.775270 -0.631522 -0.011733 -0.774108 0.546099 -0.320208 -0.892895 0.307737 -0.328688 -0.939861 -0.021747 -0.340866 -0.867819 -0.352558 -0.350133 -0.677032 -0.617198 -0.400866 -0.739173 0.328509 -0.587968 -0.779896 0.085827 -0.619997 -0.743431 -0.191187 -0.640904 -0.614264 -0.439306 -0.655508 -0.386385 -0.625008 -0.678286 -0.707783 -0.011866 -0.706330 -0.627191 -0.259791 -0.734262 -0.463047 -0.463037 -0.755768 -0.243665 -0.588266 -0.771084 -0.001514 -0.644128 -0.764916 -0.711212 0.000000 -0.702977 -0.711186 -0.351499 -0.608821 -0.711722 -0.608350 -0.351228 -0.713130 -0.701032 -0.000000 -0.715018 -0.605437 0.349563 -0.716957 -0.348555 0.603723 -0.718514 0.000000 0.695513 -0.719368 0.347312 0.601568 -0.719399 0.601533 0.347309 -0.718688 0.695333 -0.000000 -0.717442 0.603291 -0.348307 -0.715982 0.349056 -0.604590 -0.715348 0.000000 -0.698768 -0.004684 -0.715746 -0.698345 0.351709 -0.718231 -0.600371 0.480919 -0.302188 -0.823043 0.009568 -0.328013 -0.944625 0.607447 -0.719555 -0.336525 0.807692 -0.360153 -0.466822 0.695891 -0.717952 0.016775 0.899768 -0.436283 -0.008682 
						0.597181 -0.714719 0.364075 0.750864 -0.516587 0.411511 0.340783 -0.711353 0.614690 0.425489 -0.598424 0.678858 -0.004582 -0.709259 0.704933 0.035469 -0.682331 0.730183 -0.348601 -0.709700 0.612211 -0.290874 -0.765190 0.574349 -0.601230 -0.712934 0.360898 -0.454010 -0.841341 0.293292 -0.695758 -0.718085 0.016604 -0.426345 -0.904481 0.011967 -0.605887 -0.723753 -0.330276 -0.267553 -0.950002 -0.160969 -0.353607 -0.728128 -0.587190 -0.086705 -0.977827 -0.190621 -0.004853 -0.732263 -0.681005 0.027102 -0.991844 -0.124544 0.331781 -0.718725 -0.611028 -0.017262 -0.712099 -0.701866 0.589105 -0.725177 -0.356474 0.684311 -0.729164 -0.006185 0.590655 -0.729403 0.345104 0.333226 -0.725920 0.601665 -0.017518 -0.719553 0.694217 -0.366678 -0.711794 0.599080 -0.621236 -0.704679 0.342774 -0.714138 -0.699980 -0.006003 -0.620992 -0.698942 -0.354752 -0.366336 -0.701720 -0.611054 -0.017193 -0.707161 -0.706843 0.315896 -0.758179 -0.570417 -0.037499 -0.746970 -0.663799 0.575208 -0.756432 -0.311363 0.668825 -0.742239 0.041889 0.572807 -0.719806 0.392137 0.315550 -0.695080 0.645981 -0.033774 -0.674657 0.737358 -0.382562 -0.664175 0.642275 -0.637830 -0.666297 0.386291 -0.731842 -0.680411 0.038057 -0.640191 -0.702910 -0.309956 -0.386930 -0.727807 -0.566200 -0.037565 -0.748602 -0.661954 0.367310 -0.723986 -0.583890 0.015841 -0.730657 -0.682561 0.620676 -0.713662 -0.324728 0.710897 -0.702877 0.024264 0.616509 -0.694341 0.371223 0.362592 -0.690378 0.626023 0.014948 -0.691997 0.721745 -0.335673 -0.698685 0.631793 -0.595792 -0.708889 0.377502 -0.693671 -0.719854 0.025118 -0.600205 -0.728512 -0.330187 -0.339476 -0.732642 -0.589908 0.015845 -0.731400 -0.681765 0.384154 -0.674954 -0.629970 0.035201 -0.688539 -0.724344 0.639842 -0.671468 -0.373809 0.733852 -0.678868 -0.024484 0.641323 -0.695212 0.324631 0.387042 -0.716019 0.580961 0.037735 -0.735813 0.676133 
						-0.313825 -0.749403 0.583017 -0.572104 -0.752903 0.325322 -0.666212 -0.745273 -0.026999 -0.571265 -0.728675 -0.377741 -0.314365 -0.707640 -0.632787 0.035158 -0.687623 -0.725216 0.356471 -0.685552 -0.634781 0.006733 -0.686250 -0.727335 0.613842 -0.692054 -0.379815 0.709505 -0.704065 -0.029917 0.616976 -0.718303 0.321531 0.359900 -0.731066 0.579668 0.007313 -0.738892 0.673785 -0.344675 -0.739547 0.578160 -0.600519 -0.732903 0.319734 -0.692338 -0.720925 -0.030569 -0.597425 -0.706797 -0.378843 -0.341947 -0.694161 -0.633414 0.006736 -0.686491 -0.727107 0.321130 -0.723326 -0.611290 -0.028874 -0.710874 -0.702726 0.579403 -0.733222 -0.355919 0.675181 -0.737641 -0.004145 0.581034 -0.735393 0.348706 0.322526 -0.727103 0.606051 -0.029188 -0.715030 0.698484 -0.378787 -0.702429 0.602590 -0.633079 -0.692769 0.345373 -0.725204 -0.688523 -0.003863 -0.631416 -0.690816 -0.352259 -0.376885 -0.699122 -0.607607 -0.028878 -0.710990 -0.702609 0.517739 0.042285 -0.854493 0.051590 0.130991 -0.990040 0.830376 -0.142011 -0.538804 0.946732 -0.298338 -0.121214 0.858777 -0.431439 0.276339 0.620232 -0.549000 0.560278 0.317348 -0.655738 0.685053 0.041181 -0.751985 0.657892 -0.140841 -0.832941 0.535138 -0.215906 -0.890405 0.400703 -0.231820 -0.918989 0.318933 -0.269123 -0.919643 0.286059 -0.360064 -0.896293 0.258867 0.205087 -0.395045 0.895477 0.720759 -0.005116 0.693167 0.302355 -0.321208 0.897445 0.573596 0.028992 -0.818625 0.839632 -0.040394 -0.541651 0.985246 -0.088827 -0.146289 0.954038 -0.132653 0.268729 0.772551 -0.181432 0.608480 0.519651 -0.242608 0.819209 0.179775 -0.406660 0.895717 0.070824 -0.353028 0.932928 -0.195922 -0.288683 0.937164 -0.397954 -0.175276 0.900506 0.379797 0.167403 -0.909797 
					</float_array>
					<technique_common>
						<accessor count="443" offset="0" source="#meshId0-tangents-array" stride="3">
							<param name="X" type="float" />
							<param name="Y" type="float" />
							<param name="Z" type="float" />
						</accessor>
					</technique_common>
				</source>
				<source id="meshId0-bitangents" name="meshId0-bitangents">
					<float_array id="meshId0-bitangents-array" count="1329"> 
						-0.696030 0.703157 -0.145299 -0.406701 0.805933 -0.430193 0.068230 0.723795 -0.686633 -0.379318 0.699974 -0.605107 -0.789547 0.567556 0.233445 -0.727120 0.599262 -0.334936 -0.664437 0.447234 0.598753 -0.889138 0.454863 0.050329 -0.366105 0.388665 0.845521 -0.838176 0.313417 0.446353 0.000000 0.419737 0.907646 -0.619672 0.222222 0.752745 0.306306 0.529153 0.791312 -0.352449 0.213889 0.911061 0.550682 0.592829 0.587625 -0.184446 0.265382 0.946336 0.843409 0.496882 0.204378 0.759542 0.277479 0.588304 0.777190 -0.127372 0.616241 0.888417 0.127160 0.441072 0.724041 0.666421 -0.177897 0.935347 0.336431 0.109267 0.414226 0.790876 -0.450480 0.811344 0.521699 -0.263725 0.000001 0.840156 -0.542346 0.501161 0.660222 -0.559415 0.333498 0.263194 -0.905267 -0.166527 0.278648 -0.945846 -0.624971 0.198980 -0.754863 -0.922812 0.044618 -0.382658 -0.987400 -0.142808 0.068168 -0.823843 -0.313073 0.472513 -0.539130 -0.426169 0.726443 -0.422652 -0.462852 0.779188 0.658936 -0.325222 0.678258 0.818801 -0.286599 0.497418 0.970104 -0.169454 0.173733 0.968616 -0.002146 -0.248553 0.745400 0.158873 -0.647409 0.168037 -0.288571 -0.942598 -0.228797 -0.298718 -0.926509 -0.565777 -0.381384 -0.731056 -0.754119 -0.516372 -0.405788 -0.742257 -0.669066 -0.037491 -0.536952 -0.799920 0.267976 -0.227421 -0.882471 0.411733 -0.121769 -0.938942 0.321809 0.445606 -0.744601 0.496995 0.694344 -0.685450 0.219191 0.797681 -0.591241 -0.118909 0.746390 -0.463852 -0.477225 0.521967 -0.350621 -0.777570 -0.276732 -0.587930 -0.760104 -0.477745 -0.666448 -0.572370 -0.552415 -0.770905 -0.317086 -0.482624 -0.873895 -0.058155 -0.284146 -0.948184 0.142155 -0.000001 -0.972178 0.234244 0.302939 -0.935346 0.182635 0.445063 -0.891098 -0.088679 0.387084 -0.912314 -0.133601 0.567698 -0.761349 -0.313155 0.492574 -0.652481 -0.575881 0.281548 -0.578766 -0.765350 
						0.000001 -0.555824 -0.831300 -0.743543 -0.491842 -0.453030 -0.761447 -0.643018 -0.082009 -0.579545 -0.776218 0.248219 -0.250254 -0.855070 0.454124 0.137170 -0.858722 0.493742 0.489616 -0.785004 0.379532 0.746781 -0.642259 0.172690 0.886790 -0.448537 -0.111438 0.443463 -0.517593 -0.731736 0.464179 -0.409684 -0.785300 0.193861 -0.315524 -0.928904 -0.180728 -0.299090 -0.936954 -0.529356 -0.364908 -0.765914 -0.979463 -0.027526 -0.199736 -0.938200 -0.219114 0.267900 -0.653889 -0.377716 0.655560 -0.206819 -0.461434 0.862731 0.276833 -0.452187 0.847874 0.668135 -0.363346 0.649289 0.890500 -0.238216 0.387637 0.970296 -0.125218 0.206993 0.482588 0.207198 -0.850987 0.409751 0.232508 -0.882068 0.065588 0.275441 -0.959078 -0.377751 0.252929 -0.890691 -0.769471 0.144959 -0.622014 -0.813935 0.523214 -0.252503 -0.924104 0.344669 0.165032 -0.796035 0.167662 0.581565 -0.464570 0.035024 0.884844 -0.022711 -0.026923 0.999379 0.410029 -0.023121 0.911780 0.733506 -0.004902 0.679665 0.899794 -0.108879 0.422512 0.432478 0.822977 -0.368337 0.442221 0.782919 -0.437582 0.265123 0.756729 -0.597554 -0.095360 0.734083 -0.672331 -0.502997 0.660825 -0.557050 -0.876521 0.361614 0.317720 -0.836035 0.535674 -0.118738 -0.666143 0.206603 0.716637 -0.257292 0.120288 0.958818 0.229958 0.134966 0.963796 0.636180 0.245096 0.731576 0.842638 0.379906 0.381619 0.919083 0.377694 0.112404 0.684879 0.636052 -0.355496 0.819127 0.571164 -0.052936 0.321328 0.730613 -0.602456 -0.138341 0.748872 -0.648115 -0.563621 0.677883 -0.472024 -0.129199 0.604604 -0.785978 0.171243 0.810899 -0.559570 0.510393 0.840995 -0.179515 0.340854 0.736172 -0.584696 -0.478907 0.362940 -0.799326 0.034554 0.525215 -0.850268 -0.785694 0.155944 -0.598638 -0.337288 0.264804 -0.903391 -0.969012 0.045705 -0.242748 -0.681467 0.025897 -0.731390 -0.984202 0.068817 0.163129 
						-0.913715 -0.127090 -0.385970 -0.839312 0.223284 0.495681 -0.987272 -0.155844 0.031715 -0.597728 0.463699 0.653991 -0.913564 -0.061819 0.401970 -0.354958 0.710500 0.607614 -0.772873 0.106501 0.625560 -0.099340 0.872901 0.477677 -0.680732 0.251214 0.688110 0.337977 0.905072 0.258101 0.197425 0.732829 0.651142 0.381437 0.419050 0.823956 0.431119 0.664349 0.610555 0.342918 0.922315 -0.178163 0.522291 0.813714 0.255112 0.858756 0.507714 0.069021 0.791333 0.454725 -0.408678 0.540711 0.269720 -0.796795 0.165276 -0.005546 -0.986232 -0.237977 -0.300745 -0.923536 -0.563315 -0.539176 -0.626071 -0.728383 -0.661498 -0.178546 -0.704509 -0.648324 0.288691 -0.546215 -0.542715 0.638052 -0.462741 -0.499583 0.732317 0.351926 0.205665 0.913154 0.538252 0.300232 0.787493 0.746952 0.433828 0.503841 0.999254 -0.021300 -0.032203 0.907672 -0.099834 -0.407633 0.677880 -0.273940 -0.682228 0.366576 -0.504731 -0.781581 0.054660 -0.734274 -0.676650 -0.175039 -0.902755 -0.392931 -0.259767 -0.965654 -0.005762 -0.176016 -0.910591 0.373956 0.038808 -0.781365 0.622867 0.189807 -0.781877 0.593837 0.456146 -0.279041 0.845025 0.747062 -0.130401 0.651839 0.936367 -0.044210 0.348228 0.825466 -0.414424 -0.383222 0.625467 -0.564419 -0.538722 0.390626 -0.738219 -0.549949 0.182027 -0.891051 -0.415807 0.052821 -0.983758 -0.171552 0.034873 -0.992028 0.121096 0.132355 -0.910992 0.390610 0.324259 -0.754712 0.570320 0.568869 -0.558230 0.603960 0.786481 -0.479127 0.389725 0.771073 -0.540932 0.335915 0.924116 -0.339257 0.175823 0.936418 -0.329218 -0.121393 0.423471 -0.470851 -0.773932 0.106115 -0.696189 -0.709972 -0.146397 -0.877356 -0.456963 -0.264587 -0.960896 -0.081685 -0.218794 -0.923459 0.315204 -0.026400 -0.775523 0.630767 0.254615 -0.555245 0.791754 0.546181 -0.311154 0.777733 0.776606 -0.075937 0.625393 0.929004 0.124588 0.348466 
						0.907772 -0.274575 -0.317110 0.899714 -0.180140 -0.397573 0.715154 -0.273950 -0.643045 0.003032 -0.127823 -0.991792 -0.371184 -0.397478 -0.839186 -0.647881 -0.597394 -0.472622 -0.745009 -0.666788 0.018884 -0.634836 -0.584923 0.504825 -0.351166 -0.375919 0.857536 0.021001 -0.100660 0.994699 0.371972 0.163623 0.913709 0.607038 0.355230 0.710856 0.700271 0.468010 0.539061 0.665309 0.321067 -0.674003 0.612207 0.296957 -0.732816 0.363847 0.128739 -0.922519 -0.095642 0.450661 -0.887557 -0.427745 0.178149 -0.886170 -0.743188 -0.066667 -0.665753 -0.938270 -0.217284 -0.269141 -0.951361 -0.233889 0.200518 -0.776802 -0.116324 0.618909 -0.462613 0.094889 0.881468 -0.091468 0.327465 0.940425 0.256516 0.491603 0.832181 0.549218 0.462524 0.696011 0.130702 0.863270 -0.487527 0.188257 0.825568 -0.531974 0.136691 0.681982 -0.718482 -0.520149 0.170243 -0.836936 -0.144508 0.442466 -0.885066 -0.827457 -0.049953 -0.559303 -0.980128 -0.154460 -0.124466 -0.931195 -0.108031 0.348146 -0.689158 0.083809 0.719748 -0.324067 0.368951 0.871123 0.044639 0.653837 0.755317 0.304067 0.831282 0.465310 0.488542 0.835565 0.251311 0.405301 0.852521 -0.330058 0.399285 0.916823 0.002547 0.196195 0.691695 -0.695029 0.712344 0.295063 -0.636792 0.748664 0.012551 -0.662830 0.768052 -0.311513 -0.559514 0.835867 -0.015631 -0.548709 0.535101 0.535089 -0.653717 0.773979 0.288119 -0.563865 0.282524 0.682078 -0.674500 0.608035 0.537144 -0.584610 0.009485 0.721887 -0.691946 0.381314 0.689807 -0.615440 0.780170 -0.539575 -0.316533 0.917590 -0.252640 -0.306922 0.944182 0.092905 -0.316052 0.848253 0.415850 -0.327925 0.674130 0.646960 -0.356357 0.775490 -0.631350 0.003547 0.935727 -0.351356 0.031035 0.999469 0.006474 0.031922 0.932656 0.359261 0.032922 0.786036 0.617645 0.025711 0.754790 -0.562405 0.337629 0.882634 -0.281179 0.376690 
						0.921071 0.056880 0.385218 0.834895 0.384977 0.393374 0.675958 0.613560 0.408198 0.720867 -0.332959 0.607857 0.769739 -0.058215 0.635698 0.729391 0.230129 0.644228 0.585978 0.483365 0.650375 0.386177 0.633842 0.670158 0.679225 0.015106 0.733775 0.624607 0.258719 0.736838 0.476658 0.476658 0.738644 0.258683 0.624513 0.736930 0.015200 0.669685 0.742490 0.638843 0.393635 0.661008 0.483724 0.585968 0.650118 0.230255 0.729440 0.644128 -0.057831 0.770103 0.635293 -0.327499 0.710735 0.622575 0.611762 0.686858 0.392394 0.385052 0.834873 0.393348 0.057129 0.921098 0.385117 -0.279683 0.883404 0.375999 -0.557414 0.748015 0.360226 0.609006 0.793160 0.003035 0.358386 0.932992 0.032952 0.006692 0.999468 0.031916 -0.348647 0.936743 0.030941 -0.631547 0.774730 0.030685 0.632996 0.674532 -0.379899 0.413630 0.849024 -0.328738 0.092794 0.944179 -0.316095 -0.249858 0.918724 -0.305806 -0.545029 0.786504 -0.290438 0.673356 0.379487 -0.634493 0.533816 0.608406 -0.587267 0.287534 0.773827 -0.564371 -0.014356 0.836786 -0.547342 -0.318146 0.780579 -0.538034 0.706231 0.011840 -0.707883 0.678369 0.280990 -0.678866 0.534414 0.534403 -0.654840 0.295080 0.712389 -0.636733 0.009603 0.764872 -0.644110 0.702977 0.000000 -0.711212 0.703004 -0.355590 -0.615907 0.702461 -0.616371 -0.355859 0.701032 -0.713130 -0.000000 0.699106 -0.619218 0.357520 0.697117 -0.358476 0.620905 0.695513 0.000000 0.718514 0.694629 0.359681 0.622993 0.694598 0.623011 0.359710 0.695333 0.718688 -0.000000 0.696619 0.621324 -0.358718 0.698119 0.357988 -0.620060 0.698768 0.000000 -0.715348 0.007110 0.698312 -0.715759 0.362080 0.695805 -0.620286 0.130506 0.952942 -0.273625 -0.025503 0.944281 -0.328151 0.622683 0.694369 -0.360717 0.305607 0.932822 -0.190911 0.718104 0.695917 -0.005181 0.436327 0.899779 0.004039 
						0.623093 0.699192 0.350551 0.437251 0.855788 0.276475 0.363256 0.702679 0.611791 0.271103 0.799986 0.535281 0.007158 0.704899 0.709272 -0.036937 0.729248 0.683252 -0.351640 0.704503 0.616461 -0.411377 0.642007 0.646990 -0.617857 0.701173 0.355822 -0.740541 0.539357 0.400865 -0.718233 0.695784 -0.005052 -0.904540 0.426210 -0.012320 -0.622972 0.689831 -0.368835 -0.820714 0.312216 -0.478487 -0.356628 0.685275 -0.634992 -0.489547 0.208465 -0.846691 0.006996 0.680971 -0.732277 -0.002727 0.124516 -0.992214 0.365403 0.695065 -0.619164 0.009838 0.701816 -0.712290 0.629161 0.688463 -0.360798 0.729161 0.684335 -0.003150 0.635483 0.684039 0.358122 0.371738 0.687597 0.623716 0.009892 0.694164 0.719749 -0.349911 0.702164 0.620103 -0.609255 0.709438 0.354269 -0.699974 0.714161 -0.003299 -0.601362 0.715134 -0.356296 -0.341984 0.712283 -0.612944 0.009958 0.706792 -0.707352 0.383632 0.651933 -0.654072 0.026781 0.663277 -0.747895 0.646563 0.653595 -0.393407 0.743419 0.667848 -0.036158 0.648216 0.690592 0.320779 0.386809 0.715856 0.581317 0.029651 0.736778 0.675484 -0.326987 0.747493 0.578215 -0.587016 0.745265 0.316216 -0.681473 0.730793 -0.039186 -0.586800 0.707840 -0.393228 -0.328297 0.682523 -0.652980 0.026688 0.661434 -0.749528 0.353980 0.689344 -0.632063 -0.003489 0.682602 -0.730782 0.611992 0.699853 -0.368338 0.703250 0.710822 -0.013101 0.606281 0.719464 0.338813 0.348364 0.723446 0.596044 -0.003457 0.721786 0.692108 -0.357931 0.715008 0.600541 -0.621005 0.704683 0.343184 -0.720248 0.693590 -0.013219 -0.626234 0.684825 -0.372621 -0.363319 0.680612 -0.636212 -0.003472 0.681806 -0.731525 0.322183 0.737433 -0.593625 -0.034032 0.723547 -0.689435 0.583443 0.741014 -0.332405 0.679308 0.733450 0.024318 0.584298 0.716742 0.380626 0.324095 0.695505 0.641276 -0.031876 0.675384 0.736777 
						-0.388713 0.661626 0.641212 -0.650313 0.658108 0.379455 -0.745761 0.665844 0.022186 -0.649957 0.682668 -0.333947 -0.389506 0.704038 -0.593815 -0.034076 0.724418 -0.688518 0.347079 0.727961 -0.591278 -0.008384 0.727287 -0.686283 0.608057 0.721325 -0.331597 0.704687 0.709114 0.023946 0.610406 0.694662 0.380590 0.349755 0.681710 0.642606 -0.007817 0.673740 0.738927 -0.365789 0.673029 0.642830 -0.627054 0.679758 0.380437 -0.721560 0.691960 0.023290 -0.624929 0.706386 -0.332389 -0.363885 0.719271 -0.591809 -0.008382 0.727059 -0.686523 0.377620 0.689744 -0.617783 0.021770 0.702405 -0.711444 0.640103 0.679687 -0.358182 0.737645 0.675189 -0.000861 0.642630 0.677448 0.357898 0.380241 0.685858 0.620496 0.021824 0.698159 0.715610 -0.335251 0.711030 0.618097 -0.594950 0.720895 0.355451 -0.688525 0.725212 -0.000967 -0.592337 0.722853 -0.355837 -0.332772 0.714381 -0.615566 0.021765 0.702288 -0.711560 0.301185 0.925832 0.228304 0.369437 0.918530 0.140781 0.321963 0.911498 0.255951 0.321889 0.865911 0.382865 0.222141 0.799564 0.557988 0.003844 0.716377 0.697703 -0.299706 0.616016 0.728492 -0.621803 0.496117 0.605995 -0.876981 0.355792 0.322981 -0.976370 0.200783 -0.079924 -0.861064 0.041320 -0.506815 -0.538286 -0.102669 -0.836485 -0.097464 -0.239820 -0.965912 -0.952887 0.128321 0.274845 -0.693156 0.003941 0.720777 -0.879559 0.268846 0.392552 0.744426 0.398538 0.535721 0.510175 0.400851 0.760947 0.169746 0.398108 0.901497 -0.198654 0.391461 0.898496 -0.517152 0.376217 0.768775 -0.744183 0.342495 0.573489 -0.983459 -0.053818 0.172952 -0.980170 -0.198156 -0.000573 -0.919563 -0.277867 -0.277837 -0.826197 -0.358211 -0.434838 0.834699 0.361957 0.415047 
					</float_array>
					<technique_common>
						<accessor count="443" offset="0" source="#meshId0-bitangents-array" stride="3">
							<param name="X" type="float" />
							<param name="Y" type="float" />
							<param name="Z" type="float" />
						</accessor>
					</technique_common>
				</source>
				<source id="meshId0-tex0" name="meshId0-tex0">
					<float_array id="meshId0-tex0-array" count="886"> 
						0.054491 0.823535 0.058963 0.819085 0.063707 0.823636 0.059032 0.828266 0.050006 0.827952 0.054360 0.832877 0.045532 0.832278 0.049678 0.837455 0.041094 0.836437 0.044968 0.841962 0.036741 0.840322 0.040205 0.846292 0.032584 0.843776 0.035346 0.850151 0.028851 0.846639 0.030339 0.852728 0.075222 0.801758 0.078060 0.797993 0.084828 0.799617 0.081800 0.804775 0.071674 0.805907 0.077622 0.809618 0.067657 0.810229 0.073059 0.814329 0.063377 0.814636 0.068390 0.818992 0.067628 0.827816 0.062819 0.832577 0.058019 0.837329 0.053176 0.842100 0.048222 0.846908 0.043028 0.851738 0.037304 0.856396 0.030436 0.859816 0.092834 0.800675 0.088034 0.807581 0.082708 0.813110 0.077513 0.818158 0.072505 0.823025 0.071114 0.831506 0.066249 0.836336 0.061387 0.841170 0.056456 0.846055 0.051360 0.851054 0.045919 0.856253 0.039710 0.861700 0.031542 0.866934 0.100243 0.803417 0.093024 0.810795 0.086796 0.816503 0.081235 0.821680 0.076069 0.826641 0.074602 0.835011 0.069725 0.839869 0.064839 0.844741 0.059868 0.849683 0.054711 0.854781 0.049197 0.860190 0.042947 0.866188 0.034886 0.873352 0.105874 0.808343 0.097081 0.814562 0.090436 0.820024 0.084760 0.825157 
						0.079566 0.830124 0.078072 0.838537 0.073215 0.843391 0.068335 0.848270 0.063365 0.853223 0.058229 0.858337 0.052818 0.863789 0.046976 0.869970 0.040554 0.878051 0.108971 0.814778 0.100258 0.818970 0.093700 0.823853 0.088118 0.828784 0.082994 0.833676 0.081497 0.842292 0.076693 0.847114 0.071853 0.851973 0.066937 0.856896 0.061921 0.861948 0.056816 0.867268 0.051793 0.873187 0.047680 0.880522 0.109766 0.821632 0.102543 0.824037 0.096568 0.828152 0.091286 0.832752 0.086327 0.837497 0.085297 0.846568 0.080591 0.851338 0.075839 0.856148 0.071046 0.860998 0.066258 0.865901 0.061622 0.870890 0.057536 0.876037 0.054997 0.881495 0.109562 0.828215 0.104350 0.829704 0.099411 0.833096 0.094658 0.837310 0.089975 0.841867 0.049905 0.818819 0.054271 0.814458 0.045528 0.823130 0.041166 0.827323 0.036824 0.831327 0.032494 0.835095 0.028176 0.838705 0.024083 0.842645 0.070424 0.797468 0.074092 0.793621 0.066710 0.801565 0.062748 0.805789 0.058575 0.810099 0.142634 0.734055 0.146614 0.729878 0.151727 0.733716 0.147390 0.738131 0.138532 0.738272 0.143041 0.742528 0.134377 0.742493 0.138700 0.746914 0.130207 0.746681 0.134363 0.751285 0.126046 0.750787 
						0.130018 0.755627 0.121917 0.754741 0.125645 0.759906 0.117863 0.758443 0.121221 0.764025 0.113988 0.761746 0.116698 0.767708 0.110504 0.764495 0.112020 0.770199 0.153655 0.721853 0.156300 0.718291 0.162664 0.719800 0.159851 0.724673 0.150351 0.725783 0.155968 0.729256 0.155929 0.737291 0.151279 0.741891 0.146753 0.746422 0.142292 0.750926 0.137844 0.755430 0.133358 0.759953 0.128769 0.764515 0.123955 0.769103 0.118642 0.773539 0.112229 0.776836 0.170171 0.720764 0.165706 0.727292 0.160755 0.732519 0.159427 0.740555 0.154632 0.745238 0.150037 0.749835 0.145528 0.754402 0.141028 0.758979 0.136466 0.763609 0.131754 0.768351 0.126723 0.773287 0.120974 0.778468 0.113364 0.783483 0.177121 0.723300 0.170386 0.730281 0.164593 0.735669 0.162734 0.743763 0.157915 0.748447 0.153314 0.753059 0.148798 0.757650 0.144280 0.762261 0.139686 0.766943 0.134925 0.771780 0.129836 0.776916 0.124062 0.782618 0.116577 0.789453 0.182414 0.727886 0.174194 0.733776 0.168007 0.738926 0.165888 0.747112 0.161135 0.751720 0.156576 0.756303 0.152082 0.760887 0.147574 0.765502 0.142986 0.770194 0.138249 0.775046 0.133263 0.780224 0.127878 0.786101 0.121948 0.793790 
						0.185341 0.733894 0.177185 0.737870 0.171076 0.742470 0.168874 0.750791 0.164276 0.755257 0.159806 0.759775 0.155366 0.764326 0.150899 0.768918 0.146367 0.773581 0.141746 0.778374 0.137047 0.783430 0.132429 0.789059 0.128665 0.796022 0.186121 0.740302 0.179355 0.742591 0.173784 0.746465 0.172072 0.755042 0.167736 0.759327 0.163413 0.763754 0.159069 0.768251 0.154690 0.772796 0.150278 0.777386 0.145873 0.782036 0.141611 0.786776 0.137864 0.791671 0.135558 0.796847 0.185973 0.746470 0.181090 0.747890 0.176486 0.751081 0.138070 0.729813 0.141953 0.725728 0.134069 0.733945 0.130012 0.738080 0.125942 0.742167 0.121882 0.746146 0.117838 0.749955 0.113800 0.753549 0.109771 0.757004 0.105958 0.760770 0.149106 0.717847 0.152532 0.714206 0.145643 0.721726 0.188655 0.858362 0.177062 0.871273 0.173296 0.867942 0.184852 0.854911 0.200637 0.845675 0.196925 0.842129 0.212726 0.833204 0.209122 0.829559 0.225030 0.821183 0.221532 0.817605 0.169399 0.864803 0.181135 0.851542 0.193347 0.838658 0.205664 0.825955 0.218285 0.813881 0.165474 0.861775 0.177567 0.848295 0.189934 0.835309 0.202371 0.822462 0.215214 0.810090 0.161619 0.858747 0.174133 0.845140 
						0.186635 0.832072 0.199170 0.819095 0.212189 0.806330 0.157907 0.855619 0.170779 0.842018 0.183375 0.828903 0.195975 0.815828 0.209100 0.802678 0.154380 0.852327 0.167478 0.838878 0.180114 0.825761 0.192738 0.812634 0.205848 0.799176 0.151050 0.848850 0.164229 0.835687 0.176855 0.822619 0.189450 0.809490 0.202391 0.795850 0.147896 0.845200 0.161029 0.832422 0.173598 0.819450 0.186111 0.806367 0.198724 0.792696 0.144847 0.841419 0.157830 0.829052 0.170303 0.816214 0.182686 0.803217 0.194872 0.789667 0.141784 0.837584 0.154546 0.825552 0.166896 0.812866 0.179121 0.799981 0.190900 0.786672 0.138583 0.833797 0.151107 0.821936 0.163325 0.809396 0.175398 0.796631 0.186928 0.783605 0.135160 0.830148 0.147528 0.818276 0.159620 0.805851 0.171587 0.793196 0.183066 0.780370 0.060162 0.990384 0.056641 0.986933 0.053118 0.983483 0.049591 0.980029 0.046061 0.976570 0.042528 0.973105 0.038995 0.969632 0.035466 0.966154 0.031942 0.962672 0.028426 0.959191 0.024916 0.955712 0.021413 0.952238 0.017912 0.948768 0.870987 0.164206 0.867503 0.160714 0.976658 0.045531 0.982088 0.047307 0.864008 0.157218 0.971862 0.043767 0.860503 0.153738 0.967580 0.041807 
						0.856978 0.150279 0.963731 0.039591 0.853428 0.146844 0.960248 0.037105 0.849860 0.143429 0.957086 0.034333 0.846280 0.140023 0.954244 0.031236 0.842707 0.136607 0.951685 0.027807 0.839156 0.133165 0.949400 0.024000 0.835636 0.129685 0.947374 0.019746 0.832150 0.126168 0.945554 0.014966 0.828695 0.122626 0.943710 0.009616 0.289740 0.748937 0.293252 0.752421 0.286255 0.745416 0.282780 0.741862 0.279299 0.738294 0.275789 0.734734 0.272247 0.731204 0.268674 0.727718 0.265078 0.724279 0.261470 0.720873 0.257863 0.717483 0.254269 0.714084 0.250702 0.710659 0.367794 0.669214 0.371098 0.672891 0.364510 0.665512 0.361180 0.661848 0.357753 0.658278 0.354204 0.654831 0.350547 0.651512 0.346820 0.648281 0.343076 0.645076 0.339373 0.641824 0.335761 0.638470 0.332268 0.634985 0.328894 0.631381 0.455136 0.580139 0.458569 0.583675 0.451670 0.576657 0.448155 0.573235 0.444595 0.569865 0.441004 0.566530 0.437406 0.563199 0.433827 0.559843 0.430283 0.556435 0.426782 0.552962 0.423322 0.549428 0.419892 0.545862 0.416472 0.542293 0.548598 0.485194 0.552271 0.488491 0.544883 0.481946 0.541174 0.478688 0.537521 0.475363 0.533960 0.471935 0.530504 0.468400 
						0.527138 0.464780 0.523821 0.461116 0.520495 0.457462 0.517106 0.453869 0.513619 0.450374 0.510027 0.446989 0.647685 0.384375 0.651339 0.387688 0.644047 0.381044 0.640452 0.377658 0.636922 0.374199 0.633462 0.370669 0.630054 0.367087 0.626668 0.363484 0.623267 0.359900 0.619819 0.356367 0.616303 0.352903 0.612719 0.349511 0.609087 0.346175 0.757388 0.272733 0.760883 0.276211 0.753948 0.269194 0.750541 0.265617 0.747136 0.262031 0.743700 0.258471 0.740213 0.254964 0.736666 0.251525 0.733067 0.248149 0.729438 0.244813 0.725809 0.241483 0.722207 0.238123 0.718656 0.234707 0.975729 0.036929 0.980040 0.035779 0.971959 0.036832 0.968591 0.035995 0.965573 0.034657 0.962874 0.032934 0.960478 0.030874 0.958371 0.028524 0.956596 0.025864 0.955205 0.022878 0.954313 0.019532 0.954159 0.015771 0.955231 0.011455 0.956596 0.025864 0.967267 0.023976 0.958371 0.028524 0.975729 0.036929 0.971959 0.036832 0.968591 0.035995 0.965573 0.034657 0.962874 0.032934 0.960478 0.030874 0.955205 0.022878 0.954313 0.019532 0.954159 0.015771 0.955231 0.011455 0.980040 0.035779 
					</float_array>
					<technique_common>
						<accessor count="443" offset="0" source="#meshId0-tex0-array" stride="2">
							<param name="S" type="float" />
							<param name="T" type="float" />
						</accessor>
					</technique_common>
				</source>
				<vertices id="meshId0-vertices">
					<input semantic="POSITION" source="#meshId0-positions" />
				</vertices>
				<polylist count="732" material="defaultMaterial">
					<input offset="0" semantic="VERTEX" source="#meshId0-vertices" />
					<input offset="0" semantic="NORMAL" source="#meshId0-normals" />
					<input offset="0" semantic="TANGENT" source="#meshId0-tangents" />
					<input offset="0" semantic="BINORMAL" source="#meshId0-bitangents" />
					<input offset="0" semantic="TEXCOORD" source="#meshId0-tex0" set="0" />
					<vcount>
						3 3 3 3 3 3 3 3 3 3 3 3 3 3 3 3 3 3 3 3 3 3 3 3 3 3 3 3 3 3 3 3 3 3 3 3 3 3 3 3 3 3 3 3 3 3 3 3 3 3 3 3 3 3 3 3 3 3 3 3 3 3 3 3 
						3 3 3 3 3 3 3 3 3 3 3 3 3 3 3 3 3 3 3 3 3 3 3 3 3 3 3 3 3 3 3 3 3 3 3 3 3 3 3 3 3 3 3 3 3 3 3 3 3 3 3 3 3 3 3 3 3 3 3 3 3 3 3 3 
						3 3 3 3 3 3 3 3 3 3 3 3 3 3 3 3 3 3 3 3 3 3 3 3 3 3 3 3 3 3 3 3 3 3 3 3 3 3 3 3 3 3 3 3 3 3 3 3 3 3 3 3 3 3 3 3 3 3 3 3 3 3 3 3 
						3 3 3 3 3 3 3 3 3 3 3 3 3 3 3 3 3 3 3 3 3 3 3 3 3 3 3 3 3 3 3 3 3 3 3 3 3 3 3 3 3 3 3 3 3 3 3 3 3 3 3 3 3 3 3 3 3 3 3 3 3 3 3 3 
						3 3 3 3 3 3 3 3 3 3 3 3 3 3 3 3 3 3 3 3 3 3 3 3 3 3 3 3 3 3 3 3 3 3 3 3 3 3 3 3 3 3 3 3 3 3 3 3 3 3 3 3 3 3 3 3 3 3 3 3 3 3 3 3 
						3 3 3 3 3 3 3 3 3 3 3 3 3 3 3 3 3 3 3 3 3 3 3 3 3 3 3 3 3 3 3 3 3 3 3 3 3 3 3 3 3 3 3 3 3 3 3 3 3 3 3 3 3 3 3 3 3 3 3 3 3 3 3 3 
						3 3 3 3 3 3 3 3 3 3 3 3 3 3 3 3 3 3 3 3 3 3 3 3 3 3 3 3 3 3 3 3 3 3 3 3 3 3 3 3 3 3 3 3 3 3 3 3 3 3 3 3 3 3 3 3 3 3 3 3 3 3 3 3 
						3 3 3 3 3 3 3 3 3 3 3 3 3 3 3 3 3 3 3 3 3 3 3 3 3 3 3 3 3 3 3 3 3 3 3 3 3 3 3 3 3 3 3 3 3 3 3 3 3 3 3 3 3 3 3 3 3 3 3 3 3 3 3 3 
						3 3 3 3 3 3 3 3 3 3 3 3 3 3 3 3 3 3 3 3 3 3 3 3 3 3 3 3 3 3 3 3 3 3 3 3 3 3 3 3 3 3 3 3 3 3 3 3 3 3 3 3 3 3 3 3 3 3 3 3 3 3 3 3 
						3 3 3 3 3 3 3 3 3 3 3 3 3 3 3 3 3 3 3 3 3 3 3 3 3 3 3 3 3 3 3 3 3 3 3 3 3 3 3 3 3 3 3 3 3 3 3 3 3 3 3 3 3 3 3 3 3 3 3 3 3 3 3 3 
						3 3 3 3 3 3 3 3 3 3 3 3 3 3 3 3 3 3 3 3 3 3 3 3 3 3 3 3 3 3 3 3 3 3 3 3 3 3 3 3 3 3 3 3 3 3 3 3 3 3 3 3 3 3 3 3 3 3 3 3 3 3 3 3 
						3 3 3 3 3 3 3 3 3 3 3 3 3 3 3 3 3 3 3 3 3 3 3 3 3 3 3 3 
					</vcount>
					<p>
						3 0 1 1 2 3 5 4 0 0 3 5 7 6 4 4 5 7 9 8 6 6 7 9 11 10 8 8 9 11 13 12 10 10 11 13 15 14 12 12 13 15 19 16 17 17 18 19 21 20 16 16 19 21 23 22 20 20 21 23 25 24 22 22 23 25 2 1 24 24 25 2 27 3 2 2 26 27 28 5 3 3 27 28 29 7 5 5 28 29 30 9 7 7 29 30 31 11 9 9 30 31 32 13 11 11 31 32 33 15 13 13 32 33 35 19 18 18 34 35 36 21 19 19 35 36 37 23 21 21 36 37 38 25 23 23 37 38 26 2 25 25 38 26 40 27 26 26 39 40 41 28 27 27 40 41 42 29 28 28 41 42 43 30 29 29 42 43 44 31 30 30 43 44 45 32 31 31 44 45 46 33 32 32 45 46 48 35 34 34 47 48 
						49 36 35 35 48 49 50 37 36 36 49 50 51 38 37 37 50 51 39 26 38 38 51 39 53 40 39 39 52 53 54 41 40 40 53 54 55 42 41 41 54 55 56 43 42 42 55 56 57 44 43 43 56 57 58 45 44 44 57 58 59 46 45 45 58 59 61 48 47 47 60 61 62 49 48 48 61 62 63 50 49 49 62 63 64 51 50 50 63 64 52 39 51 51 64 52 66 53 52 52 65 66 67 54 53 53 66 67 68 55 54 54 67 68 69 56 55 55 68 69 70 57 56 56 69 70 71 58 57 57 70 71 72 59 58 58 71 72 74 61 60 60 73 74 75 62 61 61 74 75 76 63 62 62 75 76 77 64 63 63 76 77 65 52 64 64 77 65 79 66 65 65 78 79 80 67 66 66 79 80 81 68 67 67 80 81 82 69 68 68 81 82 
						83 70 69 69 82 83 84 71 70 70 83 84 85 72 71 71 84 85 87 74 73 73 86 87 88 75 74 74 87 88 89 76 75 75 88 89 90 77 76 76 89 90 78 65 77 77 90 78 92 79 78 78 91 92 93 80 79 79 92 93 94 81 80 80 93 94 95 82 81 81 94 95 96 83 82 82 95 96 97 84 83 83 96 97 98 85 84 84 97 98 100 87 86 86 99 100 101 88 87 87 100 101 102 89 88 88 101 102 103 90 89 89 102 103 91 78 90 90 103 91 0 104 105 105 1 0 4 106 104 104 0 4 6 107 106 106 4 6 8 108 107 107 6 8 10 109 108 108 8 10 12 110 109 109 10 12 14 111 110 110 12 14 16 112 113 113 17 16 20 114 112 112 16 20 22 115 114 114 20 22 24 116 115 115 22 24 1 105 116 116 24 1 
						120 117 118 118 119 120 122 121 117 117 120 122 124 123 121 121 122 124 126 125 123 123 124 126 128 127 125 125 126 128 130 129 127 127 128 130 132 131 129 129 130 132 134 133 131 131 132 134 136 135 133 133 134 136 140 137 138 138 139 140 142 141 137 137 140 142 119 118 141 141 142 119 144 120 119 119 143 144 145 122 120 120 144 145 146 124 122 122 145 146 147 126 124 124 146 147 148 128 126 126 147 148 149 130 128 128 148 149 150 132 130 130 149 150 151 134 132 132 150 151 152 136 134 134 151 152 154 140 139 139 153 154 155 142 140 140 154 155 143 119 142 142 155 143 157 144 143 143 156 157 158 145 144 144 157 158 159 146 145 145 158 159 160 147 146 146 159 160 161 148 147 147 160 161 162 149 148 148 161 162 163 150 149 149 162 163 164 151 150 150 163 164 
						165 152 151 151 164 165 167 154 153 153 166 167 168 155 154 154 167 168 156 143 155 155 168 156 170 157 156 156 169 170 171 158 157 157 170 171 172 159 158 158 171 172 173 160 159 159 172 173 174 161 160 160 173 174 175 162 161 161 174 175 176 163 162 162 175 176 177 164 163 163 176 177 178 165 164 164 177 178 180 167 166 166 179 180 181 168 167 167 180 181 169 156 168 168 181 169 183 170 169 169 182 183 184 171 170 170 183 184 185 172 171 171 184 185 186 173 172 172 185 186 187 174 173 173 186 187 188 175 174 174 187 188 189 176 175 175 188 189 190 177 176 176 189 190 191 178 177 177 190 191 193 180 179 179 192 193 194 181 180 180 193 194 182 169 181 181 194 182 196 183 182 182 195 196 197 184 183 183 196 197 198 185 184 184 197 198 199 186 185 185 198 199 
						200 187 186 186 199 200 201 188 187 187 200 201 202 189 188 188 201 202 203 190 189 189 202 203 204 191 190 190 203 204 206 193 192 192 205 206 207 194 193 193 206 207 195 182 194 194 207 195 209 196 195 195 208 209 210 197 196 196 209 210 211 198 197 197 210 211 212 199 198 198 211 212 213 200 199 199 212 213 214 201 200 200 213 214 215 202 201 201 214 215 216 203 202 202 215 216 217 204 203 203 216 217 219 206 205 205 218 219 220 207 206 206 219 220 208 195 207 207 220 208 117 221 222 222 118 117 121 223 221 221 117 121 123 224 223 223 121 123 125 225 224 224 123 125 127 226 225 225 125 127 129 227 226 226 127 129 131 228 227 227 129 131 133 229 228 228 131 133 135 230 229 229 133 135 137 231 232 232 138 137 141 233 231 231 137 141 118 222 233 233 141 118 
						237 234 235 235 236 237 239 238 234 234 237 239 241 240 238 238 239 241 243 242 240 240 241 243 245 237 236 236 244 245 246 239 237 237 245 246 247 241 239 239 246 247 248 243 241 241 247 248 250 245 244 244 249 250 251 246 245 245 250 251 252 247 246 246 251 252 253 248 247 247 252 253 255 250 249 249 254 255 256 251 250 250 255 256 257 252 251 251 256 257 258 253 252 252 257 258 260 255 254 254 259 260 261 256 255 255 260 261 262 257 256 256 261 262 263 258 257 257 262 263 265 260 259 259 264 265 266 261 260 260 265 266 267 262 261 261 266 267 268 263 262 262 267 268 270 265 264 264 269 270 271 266 265 265 270 271 272 267 266 266 271 272 273 268 267 267 272 273 275 270 269 269 274 275 276 271 270 270 275 276 277 272 271 271 276 277 278 273 272 272 277 278 
						280 275 274 274 279 280 281 276 275 275 280 281 282 277 276 276 281 282 283 278 277 277 282 283 285 280 279 279 284 285 286 281 280 280 285 286 287 282 281 281 286 287 288 283 282 282 287 288 290 285 284 284 289 290 291 286 285 285 290 291 292 287 286 286 291 292 293 288 287 287 292 293 295 290 289 289 294 295 296 291 290 290 295 296 297 292 291 291 296 297 298 293 292 292 297 298 300 236 235 235 299 300 301 244 236 236 300 301 302 249 244 244 301 302 303 254 249 249 302 303 304 259 254 254 303 304 305 264 259 259 304 305 306 269 264 264 305 306 307 274 269 269 306 307 308 279 274 274 307 308 309 284 279 279 308 309 310 289 284 284 309 310 311 294 289 289 310 311 315 312 313 313 314 315 314 313 316 316 317 314 317 316 318 318 319 317 319 318 320 320 321 319 
						321 320 322 322 323 321 323 322 324 324 325 323 325 324 326 326 327 325 327 326 328 328 329 327 329 328 330 330 331 329 331 330 332 332 333 331 333 332 334 334 335 333 335 334 336 336 337 335 339 242 243 243 338 339 338 243 248 248 340 338 340 248 253 253 341 340 341 253 258 258 342 341 342 258 263 263 343 342 343 263 268 268 344 343 344 268 273 273 345 344 345 273 278 278 346 345 346 278 283 283 347 346 347 283 288 288 348 347 348 288 293 293 349 348 349 293 298 298 350 349 352 339 338 338 351 352 351 338 340 340 353 351 353 340 341 341 354 353 354 341 342 342 355 354 355 342 343 343 356 355 356 343 344 344 357 356 357 344 345 345 358 357 358 345 346 346 359 358 359 346 347 347 360 359 360 347 348 348 361 360 361 348 349 349 362 361 362 349 350 350 363 362 
						365 352 351 351 364 365 364 351 353 353 366 364 366 353 354 354 367 366 367 354 355 355 368 367 368 355 356 356 369 368 369 356 357 357 370 369 370 357 358 358 371 370 371 358 359 359 372 371 372 359 360 360 373 372 373 360 361 361 374 373 374 361 362 362 375 374 375 362 363 363 376 375 378 365 364 364 377 378 377 364 366 366 379 377 379 366 367 367 380 379 380 367 368 368 381 380 381 368 369 369 382 381 382 369 370 370 383 382 383 370 371 371 384 383 384 371 372 372 385 384 385 372 373 373 386 385 386 373 374 374 387 386 387 374 375 375 388 387 388 375 376 376 389 388 391 378 377 377 390 391 390 377 379 379 392 390 392 379 380 380 393 392 393 380 381 381 394 393 394 381 382 382 395 394 395 382 383 383 396 395 396 383 384 384 397 396 397 384 385 385 398 397 
						398 385 386 386 399 398 399 386 387 387 400 399 400 387 388 388 401 400 401 388 389 389 402 401 404 391 390 390 403 404 403 390 392 392 405 403 405 392 393 393 406 405 406 393 394 394 407 406 407 394 395 395 408 407 408 395 396 396 409 408 409 396 397 397 410 409 410 397 398 398 411 410 411 398 399 399 412 411 412 399 400 400 413 412 413 400 401 401 414 413 414 401 402 402 415 414 312 404 403 403 313 312 313 403 405 405 316 313 316 405 406 406 318 316 318 406 407 407 320 318 320 407 408 408 322 320 322 408 409 409 324 322 324 409 410 410 326 324 326 410 411 411 328 326 328 411 412 412 330 328 330 412 413 413 332 330 332 413 414 414 334 332 334 414 415 415 336 334 417 315 314 314 416 417 416 314 317 317 418 416 418 317 319 319 419 418 419 319 321 321 420 419 
						420 321 323 323 421 420 421 323 325 325 422 421 422 325 327 327 423 422 423 327 329 329 424 423 424 329 331 331 425 424 425 331 333 333 426 425 426 333 335 335 427 426 427 335 337 337 428 427 429 430 431 432 433 430 430 433 434 430 434 435 430 435 436 430 436 437 430 437 431 438 430 429 439 430 438 440 430 439 441 430 440 432 430 442 
					</p>
				</polylist>
			</mesh>
		</geometry>
		<geometry id="meshId1" name="meshId1_name" >
			<mesh>
				<source id="meshId1-positions" name="meshId1-positions">
					<float_array id="meshId1-positions-array" count="1884"> 
						8.216537 11.187195 -21.998713 2.179390 10.885056 -21.998713 1.976028 11.516922 -21.998711 8.356911 11.836273 -21.998711 8.356911 11.836273 -21.998711 1.976028 11.516922 -21.998711 1.976028 11.516922 -18.762308 8.356911 11.836273 -18.762308 8.356911 11.836273 -18.762308 1.976028 11.516922 -18.762308 2.179390 10.885056 -18.762310 8.216537 11.187195 -18.762310 8.216537 11.187195 -18.762310 2.179390 10.885056 -18.762310 2.179390 10.885056 -21.998713 8.216537 11.187195 -21.998713 8.356911 11.836273 -21.998711 8.356911 11.836273 -18.762308 8.216537 11.187195 -18.762310 8.216537 11.187195 -21.998713 10.485394 2.286453 -11.342512 11.211636 2.288666 -5.819253 11.841412 2.285767 -6.836641 11.074379 2.285767 -10.382318 -11.211624 2.288666 -5.819253 -10.485382 2.286453 -11.342512 -11.074371 2.285767 -10.382318 -11.841408 2.285767 -6.836641 -12.946075 2.291214 0.587875 -11.211624 2.288666 -5.819253 -11.841408 2.285767 -6.836641 -13.673279 2.285767 0.000001 -11.211624 2.293777 6.995005 -12.946075 2.291214 0.587875 -13.673279 2.285767 0.000001 -11.841408 2.285767 6.836643 -6.473038 2.295654 11.685347 -11.211624 2.293777 6.995005 -11.841408 2.285767 6.836643 -6.836639 2.285767 11.841410 0.000008 2.296341 13.402130 -6.473038 2.295654 11.685347 -6.836639 2.285767 11.841410 0.000008 2.285767 13.673285 6.473045 2.295654 11.685347 0.000008 2.296341 13.402130 0.000008 2.285767 13.673285 6.836647 2.285767 11.841410 11.211636 2.293777 6.995005 6.473045 2.295654 11.685347 6.836647 2.285767 11.841410 11.841412 2.285767 6.836643 12.946083 2.291214 0.587875 11.211636 2.293777 6.995005 11.841412 2.285767 6.836643 13.673290 2.285767 0.000001 11.211636 2.288666 -5.819253 12.946083 2.291214 0.587875 13.673290 2.285767 0.000001 11.841412 2.285767 -6.836641 11.074379 -0.628677 -10.382318 11.841412 -0.628677 -6.836641 8.907127 -0.628677 -5.142530 8.330162 -0.628677 -12.862375 
						-11.841408 -0.628677 -6.836641 -11.074371 -0.628677 -10.382318 -8.330154 -0.628677 -12.862375 -8.907127 -0.628677 -5.142530 -13.673279 -0.628677 0.000001 -11.841408 -0.628677 -6.836641 -8.907127 -0.628677 -5.142530 -10.285057 -0.628677 0.000001 -11.841408 -0.628677 6.836643 -13.673279 -0.628677 0.000001 -10.285057 -0.628677 0.000001 -8.907127 -0.628677 5.142532 -6.836639 -0.628677 11.841410 -11.841408 -0.628677 6.836643 -8.907127 -0.628677 5.142532 -5.142525 -0.628677 8.907125 0.000008 -0.628677 13.673285 -6.836639 -0.628677 11.841410 -5.142525 -0.628677 8.907125 0.000008 -0.628677 10.285063 6.836647 -0.628677 11.841410 0.000008 -0.628677 13.673285 0.000008 -0.628677 10.285063 5.142532 -0.628677 8.907125 11.841412 -0.628677 6.836643 6.836647 -0.628677 11.841410 5.142532 -0.628677 8.907125 8.907127 -0.628677 5.142532 13.673290 -0.628677 0.000001 11.841412 -0.628677 6.836643 8.907127 -0.628677 5.142532 10.285069 -0.628677 0.000001 11.841412 -0.628677 -6.836641 13.673290 -0.628677 0.000001 10.285069 -0.628677 0.000001 8.907127 -0.628677 -5.142530 8.330162 -0.628677 -12.862375 8.907127 -0.628677 -5.142530 8.907127 0.628632 -5.142530 8.330162 0.628632 -12.862375 -8.907127 -0.628677 -5.142530 -8.330154 -0.628677 -12.862375 -8.330154 0.628632 -12.862375 -8.907127 0.628632 -5.142530 -10.285057 -0.628677 0.000001 -10.285057 0.628632 0.000001 -8.907127 -0.628677 5.142532 -8.907127 0.628632 5.142532 -5.142525 -0.628677 8.907125 -5.142525 0.628632 8.907125 0.000008 -0.628677 10.285063 0.000008 0.628632 10.285063 5.142532 -0.628677 8.907125 5.142532 0.628632 8.907125 8.907127 -0.628677 5.142532 8.907127 0.628632 5.142532 10.285069 -0.628677 0.000001 10.285069 0.628632 0.000001 -7.215332 -0.584732 -12.619204 10.631748 -0.584732 -29.922749 10.631748 0.584686 -29.922749 -7.215332 0.584686 -12.619204 -7.215332 0.584686 -12.619204 10.631748 0.584686 -29.922749 
						7.215340 0.584686 -33.224327 -10.631737 0.584686 -15.920782 -10.631737 0.584686 -15.920782 7.215340 0.584686 -33.224327 7.215340 -0.584732 -33.224327 -10.631737 -0.584732 -15.920782 -10.631737 -0.584732 -15.920782 7.215340 -0.584732 -33.224327 10.631748 -0.584732 -29.922749 -7.215332 -0.584732 -12.619204 -10.644669 -0.584732 -29.906212 7.220474 -0.584732 -12.639558 7.220474 0.584686 -12.639558 -10.644669 0.584686 -29.906212 -10.644669 0.584686 -29.906212 7.220474 0.584686 -12.639558 10.644672 0.584686 -15.937322 -7.220467 0.584686 -33.203972 -7.220467 0.584686 -33.203972 10.644672 0.584686 -15.937322 10.644672 -0.584732 -15.937322 -7.220467 -0.584732 -33.203972 -7.220467 -0.584732 -33.203972 10.644672 -0.584732 -15.937322 7.220474 -0.584732 -12.639558 -10.644669 -0.584732 -29.906212 6.053741 2.276199 -36.967995 10.485394 2.278946 -30.101673 11.074379 2.285767 -30.399029 6.393799 2.285767 -37.725655 0.000008 2.275192 -39.481247 6.053741 2.276199 -36.967995 6.393799 2.285767 -37.725655 0.000008 2.285767 -40.407387 -6.053734 2.276199 -36.967995 0.000008 2.275192 -39.481247 0.000008 2.285767 -40.407387 -6.393784 2.285767 -37.725655 -10.485382 2.278946 -30.101673 -6.053734 2.276199 -36.967995 -6.393784 2.285767 -37.725655 -11.074371 2.285767 -30.399029 -12.107483 2.282684 -20.722092 -10.485382 2.278946 -30.101673 -11.074371 2.285767 -30.399029 -12.787575 2.285767 -20.390675 -10.485382 2.286453 -11.342512 -12.107483 2.282684 -20.722092 -12.787575 2.285767 -20.390675 -11.074371 2.285767 -10.382318 12.107491 2.282684 -20.722092 10.485394 2.286453 -11.342512 11.074379 2.285767 -10.382318 12.787586 2.285767 -20.390675 10.485394 2.278946 -30.101673 12.107491 2.282684 -20.722092 12.787586 2.285767 -20.390675 11.074379 2.285767 -30.399029 6.393799 -0.628677 -37.725655 11.074379 -0.628677 -30.399029 8.330162 -0.628677 -27.918976 4.809425 -0.628677 -33.430069 0.000008 -0.628677 -40.407387 6.393799 -0.628677 -37.725655 
						4.809425 -0.628677 -33.430069 0.000008 -0.628677 -35.447269 -6.393784 -0.628677 -37.725655 0.000008 -0.628677 -40.407387 0.000008 -0.628677 -35.447269 -4.809410 -0.628677 -33.430069 -11.074371 -0.628677 -30.399029 -6.393784 -0.628677 -37.725655 -4.809410 -0.628677 -33.430069 -8.330154 -0.628677 -27.918976 -12.787575 -0.628677 -20.390675 -11.074371 -0.628677 -30.399029 -8.330154 -0.628677 -27.918976 -9.618828 -0.628677 -20.390675 -11.074371 -0.628677 -10.382318 -12.787575 -0.628677 -20.390675 -9.618828 -0.628677 -20.390675 -8.330154 -0.628677 -12.862375 12.787586 -0.628677 -20.390675 11.074379 -0.628677 -10.382318 8.330162 -0.628677 -12.862375 9.618843 -0.628677 -20.390675 11.074379 -0.628677 -30.399029 12.787586 -0.628677 -20.390675 9.618843 -0.628677 -20.390675 8.330162 -0.628677 -27.918976 4.809425 -0.628677 -33.430069 8.330162 -0.628677 -27.918976 8.330162 0.628632 -27.918976 4.809425 0.628632 -33.430069 0.000008 -0.628677 -35.447269 0.000008 0.628632 -35.447269 -4.809410 -0.628677 -33.430069 -4.809410 0.628632 -33.430069 -8.330154 -0.628677 -27.918976 -8.330154 0.628632 -27.918976 -9.618828 -0.628677 -20.390675 -9.618828 0.628632 -20.390675 9.618843 -0.628677 -20.390675 9.618843 0.628632 -20.390675 -10.567795 -0.584732 -9.384527 7.191544 -0.584732 8.484253 7.191544 0.584686 8.484253 -10.567795 0.584686 -9.384527 -10.567795 0.584686 -9.384527 7.191544 0.584686 8.484253 10.567802 0.584686 5.084877 -7.215332 0.584686 -12.619204 -7.215332 0.584686 -12.619204 10.567802 0.584686 5.084877 10.567802 -0.584732 5.084877 -7.215332 -0.584732 -12.619204 -7.215332 -0.584732 -12.619204 10.567802 -0.584732 5.084877 7.191544 -0.584732 8.484253 -10.567795 -0.584732 -9.384527 -7.233566 -0.584732 8.419964 10.632240 -0.584732 -9.342730 10.632240 0.584686 -9.342730 -7.233566 0.584686 8.419964 -7.233566 0.584686 8.419964 10.632240 0.584686 -9.342730 7.220474 0.584686 -12.639558 -10.632233 0.584686 5.043081 
						-10.632233 0.584686 5.043081 7.220474 0.584686 -12.639558 7.220474 -0.584732 -12.639558 -10.632233 -0.584732 5.043081 -10.632233 -0.584732 5.043081 7.220474 -0.584732 -12.639558 10.632240 -0.584732 -9.342730 -7.233566 -0.584732 8.419964 -10.631737 0.584686 -15.920782 -10.631737 -0.584732 -15.920782 -10.567795 -0.584732 -9.384527 -10.567795 0.584686 -9.384527 10.644672 -0.584732 -15.937322 10.644672 0.584686 -15.937322 10.632240 0.584686 -9.342730 10.632240 -0.584732 -9.342730 10.644672 -0.584732 -15.937322 10.632240 -0.584732 -9.342730 7.220474 -0.584732 -12.639558 10.632240 0.584686 -9.342730 10.644672 0.584686 -15.937322 7.220474 0.584686 -12.639558 -10.567795 -0.584732 -9.384527 -10.631737 -0.584732 -15.920782 -7.215332 -0.584732 -12.619204 -10.631737 0.584686 -15.920782 -10.567795 0.584686 -9.384527 -7.215332 0.584686 -12.619204 8.907127 0.628632 -5.142530 10.285069 0.628632 0.000001 12.261463 0.628632 0.000001 10.618740 0.628632 -6.130730 10.285069 0.628632 0.000001 8.907127 0.628632 5.142532 10.618740 0.628632 6.130732 12.261463 0.628632 0.000001 8.907127 0.628632 5.142532 5.142532 0.628632 8.907125 6.130737 0.628632 10.618738 10.618740 0.628632 6.130732 5.142532 0.628632 8.907125 0.000008 0.628632 10.285063 0.000008 0.628632 12.261463 6.130737 0.628632 10.618738 0.000008 0.628632 10.285063 -5.142525 0.628632 8.907125 -6.130730 0.628632 10.618738 0.000008 0.628632 12.261463 -5.142525 0.628632 8.907125 -8.907127 0.628632 5.142532 -10.618736 0.628632 6.130732 -6.130730 0.628632 10.618738 -8.907127 0.628632 5.142532 -10.285057 0.628632 0.000001 -12.261459 0.628632 0.000001 -10.618736 0.628632 6.130732 -10.285057 0.628632 0.000001 -8.907127 0.628632 -5.142530 -10.618736 0.628632 -6.130730 -12.261459 0.628632 0.000001 -8.907127 0.628632 -5.142530 -8.330154 0.628632 -12.862375 -9.930893 0.628632 -11.415721 -10.618736 0.628632 -6.130730 
						-8.330154 0.628632 -12.862375 -9.618828 0.628632 -20.390675 -11.467209 0.628632 -20.390675 -9.930893 0.628632 -11.415721 -9.618828 0.628632 -20.390675 -8.330154 0.628632 -27.918976 -9.930893 0.628632 -29.365629 -11.467209 0.628632 -20.390675 -8.330154 0.628632 -27.918976 -4.809410 0.628632 -33.430069 -5.733604 0.628632 -35.935745 -9.930893 0.628632 -29.365629 -4.809410 0.628632 -33.430069 0.000008 0.628632 -35.447269 0.000008 0.628632 -38.340576 -5.733604 0.628632 -35.935745 0.000008 0.628632 -35.447269 4.809425 0.628632 -33.430069 5.733612 0.628632 -35.935745 0.000008 0.628632 -38.340576 4.809425 0.628632 -33.430069 8.330162 0.628632 -27.918976 9.930901 0.628632 -29.365629 5.733612 0.628632 -35.935745 8.330162 0.628632 -27.918976 9.618843 0.628632 -20.390675 11.467220 0.628632 -20.390675 9.930901 0.628632 -29.365629 9.618843 0.628632 -20.390675 8.330162 0.628632 -12.862375 9.930901 0.628632 -11.415721 11.467220 0.628632 -20.390675 8.330162 0.628632 -12.862375 8.907127 0.628632 -5.142530 10.618740 0.628632 -6.130730 9.930901 0.628632 -11.415721 9.930901 0.628632 -11.415721 10.618740 0.628632 -6.130730 11.211636 2.288666 -5.819253 10.485394 2.286453 -11.342512 11.074379 -0.628677 -10.382318 11.074379 2.285767 -10.382318 11.841412 2.285767 -6.836641 11.841412 -0.628677 -6.836641 -10.618736 0.628632 -6.130730 -9.930893 0.628632 -11.415721 -10.485382 2.286453 -11.342512 -11.211624 2.288666 -5.819253 -11.841408 -0.628677 -6.836641 -11.841408 2.285767 -6.836641 -11.074371 2.285767 -10.382318 -11.074371 -0.628677 -10.382318 -12.261459 0.628632 0.000001 -12.946075 2.291214 0.587875 -13.673279 -0.628677 0.000001 -13.673279 2.285767 0.000001 -10.618736 0.628632 6.130732 -11.211624 2.293777 6.995005 -11.841408 -0.628677 6.836643 -11.841408 2.285767 6.836643 -6.130730 0.628632 10.618738 -6.473038 2.295654 11.685347 -6.836639 -0.628677 11.841410 -6.836639 2.285767 11.841410 
						0.000008 0.628632 12.261463 0.000008 2.296341 13.402130 0.000008 -0.628677 13.673285 0.000008 2.285767 13.673285 6.130737 0.628632 10.618738 6.473045 2.295654 11.685347 6.836647 -0.628677 11.841410 6.836647 2.285767 11.841410 10.618740 0.628632 6.130732 11.211636 2.293777 6.995005 11.841412 -0.628677 6.836643 11.841412 2.285767 6.836643 12.261463 0.628632 0.000001 12.946083 2.291214 0.587875 13.673290 -0.628677 0.000001 13.673290 2.285767 0.000001 5.733612 0.628632 -35.935745 9.930901 0.628632 -29.365629 10.485394 2.278946 -30.101673 6.053741 2.276199 -36.967995 6.393799 -0.628677 -37.725655 6.393799 2.285767 -37.725655 11.074379 2.285767 -30.399029 11.074379 -0.628677 -30.399029 0.000008 0.628632 -38.340576 0.000008 2.275192 -39.481247 0.000008 -0.628677 -40.407387 0.000008 2.285767 -40.407387 -5.733604 0.628632 -35.935745 -6.053734 2.276199 -36.967995 -6.393784 -0.628677 -37.725655 -6.393784 2.285767 -37.725655 -9.930893 0.628632 -29.365629 -10.485382 2.278946 -30.101673 -11.074371 -0.628677 -30.399029 -11.074371 2.285767 -30.399029 -11.467209 0.628632 -20.390675 -12.107483 2.282684 -20.722092 -12.787575 -0.628677 -20.390675 -12.787575 2.285767 -20.390675 11.467220 0.628632 -20.390675 12.107491 2.282684 -20.722092 12.787586 -0.628677 -20.390675 12.787586 2.285767 -20.390675 -1.856125 -0.362381 -39.329048 1.856133 -0.362381 -39.329048 0.000008 -3.029434 -37.472916 1.856133 -0.362381 -35.616783 0.000008 -3.029434 -37.472916 1.856133 -0.362381 -39.329048 -1.856125 -0.362381 -35.616783 0.000008 -3.029434 -37.472916 1.856133 -0.362381 -35.616783 -1.856125 -0.362381 -39.329048 0.000008 -3.029434 -37.472916 -1.856125 -0.362381 -35.616783 -10.114159 5.533188 -21.998713 -11.678833 -0.296021 -21.998713 -12.343781 -0.296021 -21.998711 -10.690025 5.865067 -21.998711 -5.839409 9.800461 -21.998713 -6.171890 10.375305 -21.998711 0.000008 11.362396 -21.998713 0.000008 12.026169 -21.998711 
						5.839417 9.800461 -21.998713 6.171898 10.375305 -21.998711 10.114174 5.533188 -21.998713 10.690037 5.865067 -21.998711 11.678841 -0.296021 -21.998713 12.343788 -0.296021 -21.998711 -10.690025 5.865067 -21.998711 -12.343781 -0.296021 -21.998711 -12.343781 -0.296021 -18.762308 -10.690025 5.865067 -18.762308 -6.171890 10.375305 -21.998711 -6.171890 10.375305 -18.762308 0.000008 12.026169 -21.998711 0.000008 12.026169 -18.762308 6.171898 10.375305 -21.998711 6.171898 10.375305 -18.762308 10.690037 5.865067 -21.998711 10.690037 5.865067 -18.762308 12.343788 -0.296021 -21.998711 12.343788 -0.296021 -18.762308 -10.690025 5.865067 -18.762308 -12.343781 -0.296021 -18.762308 -11.678833 -0.296021 -18.762310 -10.114159 5.533188 -18.762310 -6.171890 10.375305 -18.762308 -5.839409 9.800461 -18.762310 0.000008 12.026169 -18.762308 0.000008 11.362396 -18.762310 6.171898 10.375305 -18.762308 5.839417 9.800461 -18.762310 10.690037 5.865067 -18.762308 10.114174 5.533188 -18.762310 12.343788 -0.296021 -18.762308 11.678841 -0.296021 -18.762310 -10.114159 5.533188 -18.762310 -11.678833 -0.296021 -18.762310 -11.678833 -0.296021 -21.998713 -10.114159 5.533188 -21.998713 -5.839409 9.800461 -18.762310 -5.839409 9.800461 -21.998713 0.000008 11.362396 -18.762310 0.000008 11.362396 -21.998713 5.839417 9.800461 -18.762310 5.839417 9.800461 -21.998713 10.114174 5.533188 -18.762310 10.114174 5.533188 -21.998713 11.678841 -0.296021 -18.762310 11.678841 -0.296021 -21.998713 -1.856125 -0.362381 -4.346327 1.856133 -0.362381 -4.346327 0.000008 -3.029434 -2.490194 1.856133 -0.362381 -0.634061 0.000008 -3.029434 -2.490194 1.856133 -0.362381 -4.346327 -1.856125 -0.362381 -0.634061 0.000008 -3.029434 -2.490194 1.856133 -0.362381 -0.634061 -1.856125 -0.362381 -4.346327 0.000008 -3.029434 -2.490194 -1.856125 -0.362381 -0.634061 -9.758286 -0.362381 -31.925495 -6.046013 -0.362381 -31.925495 -7.902153 -3.029434 -30.069363 -6.046013 -0.362381 -28.213230 
						-7.902153 -3.029434 -30.069363 -6.046013 -0.362381 -31.925495 -9.758286 -0.362381 -28.213230 -7.902153 -3.029434 -30.069363 -6.046013 -0.362381 -28.213230 -9.758286 -0.362381 -31.925495 -7.902153 -3.029434 -30.069363 -9.758286 -0.362381 -28.213230 -11.004601 -0.362381 -14.330002 -7.292328 -0.362381 -14.330002 -9.148468 -3.029434 -12.473868 -7.292328 -0.362381 -10.617735 -9.148468 -3.029434 -12.473868 -7.292328 -0.362381 -14.330002 -11.004601 -0.362381 -10.617735 -9.148468 -3.029434 -12.473868 -7.292328 -0.362381 -10.617735 -11.004601 -0.362381 -14.330002 -9.148468 -3.029434 -12.473868 -11.004601 -0.362381 -10.617735 -10.366959 -0.362381 4.206451 -6.654686 -0.362381 4.206451 -8.510826 -3.029434 6.062584 -6.654686 -0.362381 7.918718 -8.510826 -3.029434 6.062584 -6.654686 -0.362381 4.206451 -10.366959 -0.362381 7.918718 -8.510826 -3.029434 6.062584 -6.654686 -0.362381 7.918718 -10.366959 -0.362381 4.206451 -8.510826 -3.029434 6.062584 -10.366959 -0.362381 7.918718 9.758293 -0.362381 -31.925495 7.902161 -3.029434 -30.069363 6.046021 -0.362381 -31.925495 6.046021 -0.362381 -28.213230 6.046021 -0.362381 -31.925495 7.902161 -3.029434 -30.069363 9.758293 -0.362381 -28.213230 6.046021 -0.362381 -28.213230 7.902161 -3.029434 -30.069363 9.758293 -0.362381 -31.925495 9.758293 -0.362381 -28.213230 7.902161 -3.029434 -30.069363 11.004608 -0.362381 -14.330002 9.148476 -3.029434 -12.473868 7.292336 -0.362381 -14.330002 7.292336 -0.362381 -10.617735 7.292336 -0.362381 -14.330002 9.148476 -3.029434 -12.473868 11.004608 -0.362381 -10.617735 7.292336 -0.362381 -10.617735 9.148476 -3.029434 -12.473868 11.004608 -0.362381 -14.330002 11.004608 -0.362381 -10.617735 9.148476 -3.029434 -12.473868 10.366966 -0.362381 4.206451 8.510838 -3.029434 6.062584 6.654701 -0.362381 4.206451 6.654701 -0.362381 7.918718 6.654701 -0.362381 4.206451 8.510838 -3.029434 6.062584 10.366966 -0.362381 7.918718 6.654701 -0.362381 7.918718 
						8.510838 -3.029434 6.062584 10.366966 -0.362381 4.206451 10.366966 -0.362381 7.918718 8.510838 -3.029434 6.062584 -1.856125 -0.362381 -25.259302 1.856133 -0.362381 -25.259302 0.000008 -3.029434 -23.403170 1.856133 -0.362381 -21.547037 0.000008 -3.029434 -23.403170 1.856133 -0.362381 -25.259302 -1.856125 -0.362381 -21.547037 0.000008 -3.029434 -23.403170 1.856133 -0.362381 -21.547037 -1.856125 -0.362381 -25.259302 0.000008 -3.029434 -23.403170 -1.856125 -0.362381 -21.547037 -2.458878 11.689026 -18.601059 2.458885 11.689026 -18.601059 1.571823 12.463165 -18.601059 -1.571815 12.463165 -18.601059 -1.571815 12.463165 -22.175627 -1.571815 12.463165 -18.601059 1.571823 12.463165 -18.601059 1.571823 12.463165 -22.175627 -2.458878 10.527649 -22.175627 2.458885 10.527649 -22.175627 2.458885 10.527649 -18.601059 -2.458878 10.527649 -18.601059 2.458885 10.527649 -18.601059 2.458885 10.527649 -22.175627 2.458885 11.689026 -22.175627 2.458885 11.689026 -18.601059 -2.458878 10.527649 -22.175627 -2.458878 10.527649 -18.601059 -2.458878 11.689026 -18.601059 -2.458878 11.689026 -22.175627 -2.458878 11.689026 -22.175627 -1.571815 12.463165 -22.175627 1.571823 12.463165 -22.175627 2.458885 11.689026 -22.175627 -2.458878 11.689026 -18.601059 -1.571815 12.463165 -18.601059 -1.571815 12.463165 -22.175627 -2.458878 11.689026 -22.175627 1.571823 12.463165 -18.601059 2.458885 11.689026 -18.601059 2.458885 11.689026 -22.175627 1.571823 12.463165 -22.175627 -2.458878 10.527649 -18.601059 2.458885 10.527649 -18.601059 2.458885 10.527649 -22.175627 -2.458878 10.527649 -22.175627 
					</float_array>
					<technique_common>
						<accessor count="628" offset="0" source="#meshId1-positions-array" stride="3">
							<param name="X" type="float" />
							<param name="Y" type="float" />
							<param name="Z" type="float" />
						</accessor>
					</technique_common>
				</source>
				<source id="meshId1-normals" name="meshId1-normals">
					<float_array id="meshId1-normals-array" count="1884"> 
						0.000000 0.000003 -1.000000 0.000000 0.000003 -1.000000 0.000000 0.000003 -1.000000 0.000000 0.000003 -1.000000 -0.049986 0.998750 0.000000 -0.049986 0.998750 0.000000 -0.049986 0.998750 0.000000 -0.049986 0.998750 0.000000 0.000000 -0.000003 1.000000 0.000000 -0.000003 1.000000 0.000000 -0.000003 1.000000 0.000000 -0.000003 1.000000 0.049986 -0.998750 0.000000 0.049986 -0.998750 0.000000 0.049986 -0.998750 0.000000 0.049986 -0.998750 0.000000 0.977403 -0.211385 0.000000 0.977403 -0.211385 0.000000 0.977403 -0.211385 0.000000 0.977403 -0.211385 0.000000 0.002893 0.999996 -0.000720 0.002893 0.999996 -0.000720 0.002893 0.999996 -0.000720 0.002893 0.999996 -0.000720 -0.002893 0.999996 -0.000720 -0.002893 0.999996 -0.000720 -0.002893 0.999996 -0.000720 -0.002893 0.999996 -0.000720 -0.004486 0.999989 -0.001402 -0.004486 0.999989 -0.001402 -0.004486 0.999989 -0.001402 -0.004486 0.999989 -0.001402 -0.011520 0.999929 0.002909 -0.011520 0.999929 0.002909 -0.011520 0.999929 0.002909 -0.011520 0.999929 0.002909 -0.018056 0.999676 0.017952 -0.018056 0.999676 0.017952 -0.018056 0.999676 0.017952 -0.018056 0.999676 0.017952 -0.010443 0.999186 0.038972 -0.010443 0.999186 0.038972 -0.010443 0.999186 0.038972 -0.010443 0.999186 0.038972 0.010443 0.999186 0.038973 0.010443 0.999186 0.038973 0.010443 0.999186 0.038973 0.010443 0.999186 0.038973 0.018056 0.999676 0.017952 0.018056 0.999676 0.017952 0.018056 0.999676 0.017952 0.018056 0.999676 0.017952 0.011520 0.999929 0.002909 0.011520 0.999929 0.002909 0.011520 0.999929 0.002909 0.011520 0.999929 0.002909 0.004486 0.999989 -0.001402 0.004486 0.999989 -0.001402 0.004486 0.999989 -0.001402 0.004486 0.999989 -0.001402 -0.000000 -1.000000 0.000000 -0.000000 -1.000000 0.000000 -0.000000 -1.000000 0.000000 -0.000000 -1.000000 0.000000 
						0.000000 -1.000000 0.000000 0.000000 -1.000000 0.000000 0.000000 -1.000000 0.000000 0.000000 -1.000000 0.000000 0.000000 -1.000000 0.000000 0.000000 -1.000000 0.000000 0.000000 -1.000000 0.000000 0.000000 -1.000000 0.000000 0.000000 -1.000000 -0.000000 0.000000 -1.000000 -0.000000 0.000000 -1.000000 -0.000000 0.000000 -1.000000 -0.000000 0.000000 -1.000000 -0.000000 0.000000 -1.000000 -0.000000 0.000000 -1.000000 -0.000000 0.000000 -1.000000 -0.000000 0.000000 -1.000000 -0.000000 0.000000 -1.000000 -0.000000 0.000000 -1.000000 -0.000000 0.000000 -1.000000 -0.000000 -0.000000 -1.000000 -0.000000 -0.000000 -1.000000 -0.000000 -0.000000 -1.000000 -0.000000 -0.000000 -1.000000 -0.000000 -0.000000 -1.000000 -0.000000 -0.000000 -1.000000 -0.000000 -0.000000 -1.000000 -0.000000 -0.000000 -1.000000 -0.000000 -0.000000 -1.000000 -0.000000 -0.000000 -1.000000 -0.000000 -0.000000 -1.000000 -0.000000 -0.000000 -1.000000 -0.000000 -0.000000 -1.000000 0.000000 -0.000000 -1.000000 0.000000 -0.000000 -1.000000 0.000000 -0.000000 -1.000000 0.000000 -0.998913 0.000000 -0.046625 -0.988646 0.000000 0.150261 -0.988646 0.000000 0.150261 -0.998913 0.000000 -0.046625 0.988646 0.000000 0.150261 0.998913 0.000000 -0.046625 0.998913 0.000000 -0.046625 0.988646 0.000000 0.150261 1.000000 0.000000 0.000000 1.000000 0.000000 0.000000 0.866025 0.000000 -0.500000 0.866025 0.000000 -0.500000 0.500000 0.000000 -0.866025 0.500000 0.000000 -0.866025 0.000000 0.000000 -1.000000 0.000000 0.000000 -1.000000 -0.500000 0.000000 -0.866025 -0.500000 0.000000 -0.866025 -0.866025 0.000000 -0.500000 -0.866025 0.000000 -0.500000 -1.000000 0.000000 0.000000 -1.000000 0.000000 0.000000 0.696090 0.000000 0.717955 0.696090 0.000000 0.717955 0.696090 0.000000 0.717955 0.696090 0.000000 0.717955 -0.000000 1.000000 -0.000000 -0.000000 1.000000 -0.000000 
						-0.000000 1.000000 -0.000000 -0.000000 1.000000 -0.000000 -0.696090 0.000000 -0.717955 -0.696090 0.000000 -0.717955 -0.696090 0.000000 -0.717955 -0.696090 0.000000 -0.717955 -0.000000 -1.000000 -0.000000 -0.000000 -1.000000 -0.000000 -0.000000 -1.000000 -0.000000 -0.000000 -1.000000 -0.000000 -0.694960 0.000000 0.719048 -0.694960 0.000000 0.719048 -0.694960 0.000000 0.719048 -0.694960 0.000000 0.719048 0.000000 1.000000 -0.000000 0.000000 1.000000 -0.000000 0.000000 1.000000 -0.000000 0.000000 1.000000 -0.000000 0.694960 0.000000 -0.719048 0.694960 0.000000 -0.719048 0.694960 0.000000 -0.719048 0.694960 0.000000 -0.719048 0.000000 -1.000000 -0.000000 0.000000 -1.000000 -0.000000 0.000000 -1.000000 -0.000000 0.000000 -1.000000 -0.000000 -0.010332 0.999926 0.006440 -0.010332 0.999926 0.006440 -0.010332 0.999926 0.006440 -0.010332 0.999926 0.006440 -0.004679 0.999928 0.011018 -0.004679 0.999928 0.011018 -0.004679 0.999928 0.011018 -0.004679 0.999928 0.011018 0.004679 0.999928 0.011018 0.004679 0.999928 0.011018 0.004679 0.999928 0.011018 0.004679 0.999928 0.011018 0.010332 0.999926 0.006440 0.010332 0.999926 0.006440 0.010332 0.999926 0.006440 0.010332 0.999926 0.006440 0.007829 0.999969 0.001153 0.007829 0.999969 0.001153 0.007829 0.999969 0.001153 0.007829 0.999969 0.001153 0.001438 0.999999 -0.000441 0.001438 0.999999 -0.000441 0.001438 0.999999 -0.000441 0.001438 0.999999 -0.000441 -0.001438 0.999999 -0.000441 -0.001438 0.999999 -0.000441 -0.001438 0.999999 -0.000441 -0.001438 0.999999 -0.000441 -0.007829 0.999969 0.001153 -0.007829 0.999969 0.001153 -0.007829 0.999969 0.001153 -0.007829 0.999969 0.001153 -0.000000 -1.000000 0.000000 -0.000000 -1.000000 0.000000 -0.000000 -1.000000 0.000000 -0.000000 -1.000000 0.000000 -0.000000 -1.000000 0.000000 -0.000000 -1.000000 0.000000 
						-0.000000 -1.000000 0.000000 -0.000000 -1.000000 0.000000 0.000000 -1.000000 0.000000 0.000000 -1.000000 0.000000 0.000000 -1.000000 0.000000 0.000000 -1.000000 0.000000 0.000000 -1.000000 0.000000 0.000000 -1.000000 0.000000 0.000000 -1.000000 0.000000 0.000000 -1.000000 0.000000 0.000000 -1.000000 0.000000 0.000000 -1.000000 0.000000 0.000000 -1.000000 0.000000 0.000000 -1.000000 0.000000 0.000000 -1.000000 -0.000000 0.000000 -1.000000 -0.000000 0.000000 -1.000000 -0.000000 0.000000 -1.000000 -0.000000 -0.000000 -1.000000 -0.000000 -0.000000 -1.000000 -0.000000 -0.000000 -1.000000 -0.000000 -0.000000 -1.000000 -0.000000 -0.000000 -1.000000 0.000000 -0.000000 -1.000000 0.000000 -0.000000 -1.000000 0.000000 -0.000000 -1.000000 0.000000 -0.670496 0.000000 0.741913 -0.938216 0.000000 0.346050 -0.938216 0.000000 0.346050 -0.670496 0.000000 0.741913 0.000000 0.000000 1.000000 0.000000 0.000000 1.000000 0.670496 0.000000 0.741913 0.670496 0.000000 0.741913 0.938216 0.000000 0.346050 0.938216 0.000000 0.346050 1.000000 0.000000 0.000000 1.000000 0.000000 0.000000 -1.000000 0.000000 0.000000 -1.000000 0.000000 0.000000 -0.709275 0.000000 0.704931 -0.709275 0.000000 0.704931 -0.709275 0.000000 0.704931 -0.709275 0.000000 0.704931 -0.000000 1.000000 0.000000 -0.000000 1.000000 0.000000 -0.000000 1.000000 0.000000 -0.000000 1.000000 0.000000 0.705530 0.000000 -0.708680 0.705530 0.000000 -0.708680 0.705530 0.000000 -0.708680 0.705530 0.000000 -0.708680 -0.000000 -1.000000 0.000000 -0.000000 -1.000000 0.000000 -0.000000 -1.000000 0.000000 -0.000000 -1.000000 0.000000 0.705057 0.000000 0.709150 0.705057 0.000000 0.709150 0.705057 0.000000 0.709150 0.705057 0.000000 0.709150 0.000000 1.000000 0.000000 0.000000 1.000000 0.000000 0.000000 1.000000 0.000000 0.000000 1.000000 0.000000 
						-0.703715 0.000000 -0.710483 -0.703715 0.000000 -0.710483 -0.703715 0.000000 -0.710483 -0.703715 0.000000 -0.710483 0.000000 -1.000000 0.000000 0.000000 -1.000000 0.000000 0.000000 -1.000000 0.000000 0.000000 -1.000000 0.000000 -0.999952 0.000000 0.009782 -0.999952 0.000000 0.009782 -0.999952 0.000000 0.009782 -0.999952 0.000000 0.009782 0.999998 0.000000 0.001886 0.999998 0.000000 0.001886 0.999998 0.000000 0.001886 0.999998 0.000000 0.001886 0.000000 -1.000000 0.000000 0.000000 -1.000000 0.000000 0.000000 -1.000000 0.000000 0.000000 1.000000 0.000000 0.000000 1.000000 0.000000 0.000000 1.000000 0.000000 -0.000000 -1.000000 0.000000 -0.000000 -1.000000 0.000000 -0.000000 -1.000000 0.000000 -0.000000 1.000000 0.000000 -0.000000 1.000000 0.000000 -0.000000 1.000000 0.000000 0.000000 1.000000 0.000000 0.000000 1.000000 0.000000 0.000000 1.000000 0.000000 0.000000 1.000000 0.000000 0.000000 1.000000 0.000000 0.000000 1.000000 0.000000 0.000000 1.000000 0.000000 0.000000 1.000000 0.000000 0.000000 1.000000 0.000000 0.000000 1.000000 0.000000 0.000000 1.000000 0.000000 0.000000 1.000000 0.000000 0.000000 1.000000 0.000000 0.000000 1.000000 0.000000 0.000000 1.000000 0.000000 0.000000 1.000000 0.000000 -0.000000 1.000000 0.000000 -0.000000 1.000000 0.000000 -0.000000 1.000000 0.000000 -0.000000 1.000000 0.000000 -0.000000 1.000000 0.000000 -0.000000 1.000000 0.000000 -0.000000 1.000000 0.000000 -0.000000 1.000000 0.000000 -0.000000 1.000000 0.000000 -0.000000 1.000000 0.000000 -0.000000 1.000000 0.000000 -0.000000 1.000000 0.000000 -0.000000 1.000000 -0.000000 -0.000000 1.000000 -0.000000 -0.000000 1.000000 -0.000000 -0.000000 1.000000 -0.000000 -0.000000 1.000000 -0.000000 -0.000000 1.000000 -0.000000 -0.000000 1.000000 -0.000000 -0.000000 1.000000 -0.000000 
						-0.000000 1.000000 0.000000 -0.000000 1.000000 0.000000 -0.000000 1.000000 0.000000 -0.000000 1.000000 0.000000 -0.000000 1.000000 -0.000000 -0.000000 1.000000 -0.000000 -0.000000 1.000000 -0.000000 -0.000000 1.000000 -0.000000 -0.000000 1.000000 0.000000 -0.000000 1.000000 0.000000 -0.000000 1.000000 0.000000 -0.000000 1.000000 0.000000 -0.000000 1.000000 -0.000000 -0.000000 1.000000 -0.000000 -0.000000 1.000000 -0.000000 -0.000000 1.000000 -0.000000 0.000000 1.000000 -0.000000 0.000000 1.000000 -0.000000 0.000000 1.000000 -0.000000 0.000000 1.000000 -0.000000 0.000000 1.000000 0.000000 0.000000 1.000000 0.000000 0.000000 1.000000 0.000000 0.000000 1.000000 0.000000 0.000000 1.000000 -0.000000 0.000000 1.000000 -0.000000 0.000000 1.000000 -0.000000 0.000000 1.000000 -0.000000 0.000000 1.000000 0.000000 0.000000 1.000000 0.000000 0.000000 1.000000 0.000000 0.000000 1.000000 0.000000 0.000000 1.000000 0.000000 0.000000 1.000000 0.000000 0.000000 1.000000 0.000000 0.000000 1.000000 0.000000 -0.944713 0.322452 -0.059517 -0.935984 0.301276 0.182117 -0.933250 0.297722 0.201013 -0.945134 0.322266 -0.053538 0.997572 0.000000 0.069638 0.997572 0.000000 0.069638 0.970069 0.000000 -0.242829 0.970069 0.000000 -0.242829 0.935984 0.301276 0.182117 0.944713 0.322452 -0.059517 0.945134 0.322266 -0.053538 0.933250 0.297722 0.201013 -0.970069 0.000000 -0.242829 -0.970069 0.000000 -0.242829 -0.997572 0.000000 0.069638 -0.997572 0.000000 0.069638 0.930935 0.362304 0.045774 0.918634 0.391698 -0.051813 -1.000000 0.000000 0.000000 -1.000000 0.000000 0.000000 0.770608 0.486655 -0.411496 0.730698 0.498790 -0.466142 -0.866025 0.000000 0.500000 -0.866025 0.000000 0.500000 0.428947 0.549506 -0.716971 0.399727 0.552003 -0.731786 -0.500000 0.000000 0.866025 -0.500000 0.000000 0.866025 
						0.000000 0.567514 -0.823364 0.000000 0.567514 -0.823364 0.000000 0.000000 1.000000 0.000000 0.000000 1.000000 -0.428947 0.549506 -0.716971 -0.399727 0.552003 -0.731786 0.500000 0.000000 0.866025 0.500000 0.000000 0.866025 -0.770608 0.486655 -0.411496 -0.730698 0.498790 -0.466143 0.866025 0.000000 0.500000 0.866025 0.000000 0.500000 -0.930935 0.362304 0.045774 -0.918634 0.391698 -0.051813 1.000000 0.000000 0.000000 1.000000 0.000000 -0.000000 -0.599015 0.507879 0.619064 -0.861556 0.417141 0.289336 -0.835129 0.429962 0.343063 -0.541725 0.520367 0.660116 0.670496 0.000000 -0.741913 0.670496 0.000000 -0.741913 0.938216 0.000000 -0.346049 0.938216 0.000000 -0.346049 0.000000 0.573566 0.819159 0.000000 0.573566 0.819159 0.000000 0.000000 -1.000000 0.000000 0.000000 -1.000000 0.599015 0.507879 0.619064 0.541725 0.520367 0.660116 -0.670496 0.000000 -0.741913 -0.670496 0.000000 -0.741913 0.861556 0.417140 0.289336 0.835129 0.429962 0.343063 -0.938216 0.000000 -0.346049 -0.938216 0.000000 -0.346049 0.935158 0.353761 -0.018236 0.932617 0.360362 0.019100 -1.000000 0.000000 0.000000 -1.000000 0.000000 0.000000 -0.935158 0.353761 -0.018236 -0.932617 0.360363 0.019100 1.000000 0.000000 0.000000 1.000000 0.000000 0.000000 0.000000 -0.571231 -0.820789 0.000000 -0.571231 -0.820789 0.000000 -0.571231 -0.820789 0.820790 -0.571231 0.000000 0.820790 -0.571231 0.000000 0.820790 -0.571231 0.000000 0.000000 -0.571231 0.820789 0.000000 -0.571231 0.820789 0.000000 -0.571231 0.820789 -0.820790 -0.571231 0.000000 -0.820790 -0.571231 0.000000 -0.820790 -0.571231 0.000000 -0.000002 0.000001 -1.000000 -0.000004 0.000001 -1.000000 -0.000004 0.000001 -1.000000 -0.000002 0.000001 -1.000000 -0.000001 0.000002 -1.000000 -0.000001 0.000002 -1.000000 0.000000 0.000003 -1.000000 0.000000 0.000003 -1.000000 
						0.000001 0.000002 -1.000000 0.000001 0.000002 -1.000000 0.000003 0.000001 -1.000000 0.000003 0.000001 -1.000000 0.000004 0.000001 -1.000000 0.000004 0.000001 -1.000000 -0.865646 0.500657 0.000000 -0.965812 0.259242 0.000000 -0.965812 0.259242 0.000000 -0.865646 0.500657 0.000000 -0.499344 0.866404 0.000000 -0.499344 0.866404 0.000000 0.000000 1.000000 0.000000 0.000000 1.000000 0.000000 0.499344 0.866404 0.000000 0.499344 0.866404 0.000000 0.865646 0.500657 0.000000 0.865646 0.500657 0.000000 0.965812 0.259242 0.000000 0.965812 0.259242 0.000000 0.000002 -0.000001 1.000000 0.000002 -0.000001 1.000000 0.000002 -0.000001 1.000000 0.000002 -0.000001 1.000000 0.000002 -0.000002 1.000000 0.000002 -0.000002 1.000000 0.000000 -0.000003 1.000000 0.000000 -0.000003 1.000000 -0.000001 -0.000002 1.000000 -0.000001 -0.000002 1.000000 -0.000002 -0.000001 1.000000 -0.000002 -0.000001 1.000000 -0.000002 -0.000001 1.000000 -0.000002 -0.000001 1.000000 0.865646 -0.500657 0.000000 0.965812 -0.259242 0.000000 0.965812 -0.259242 0.000000 0.865646 -0.500657 0.000000 0.499343 -0.866404 0.000000 0.499343 -0.866404 0.000000 0.000000 -1.000000 0.000000 0.000000 -1.000000 0.000000 -0.499343 -0.866404 0.000000 -0.499343 -0.866404 0.000000 -0.865646 -0.500657 0.000000 -0.865646 -0.500657 0.000000 -0.965812 -0.259242 0.000000 -0.965812 -0.259242 0.000000 0.000000 -0.571231 -0.820789 0.000000 -0.571231 -0.820789 0.000000 -0.571231 -0.820789 0.820789 -0.571231 0.000000 0.820789 -0.571231 0.000000 0.820789 -0.571231 0.000000 0.000000 -0.571231 0.820789 0.000000 -0.571231 0.820789 0.000000 -0.571231 0.820789 -0.820789 -0.571231 0.000000 -0.820789 -0.571231 0.000000 -0.820789 -0.571231 0.000000 0.000000 -0.571231 -0.820789 0.000000 -0.571231 -0.820789 0.000000 -0.571231 -0.820789 0.820789 -0.571231 0.000000 
						0.820789 -0.571231 0.000000 0.820789 -0.571231 0.000000 0.000000 -0.571231 0.820789 0.000000 -0.571231 0.820789 0.000000 -0.571231 0.820789 -0.820789 -0.571231 0.000000 -0.820789 -0.571231 0.000000 -0.820789 -0.571231 0.000000 0.000000 -0.571231 -0.820789 0.000000 -0.571231 -0.820789 0.000000 -0.571231 -0.820789 0.820789 -0.571231 0.000000 0.820789 -0.571231 0.000000 0.820789 -0.571231 0.000000 0.000000 -0.571231 0.820789 0.000000 -0.571231 0.820789 0.000000 -0.571231 0.820789 -0.820789 -0.571231 0.000000 -0.820789 -0.571231 0.000000 -0.820789 -0.571231 0.000000 0.000000 -0.571231 -0.820789 0.000000 -0.571231 -0.820789 0.000000 -0.571231 -0.820789 0.820789 -0.571231 0.000000 0.820789 -0.571231 0.000000 0.820789 -0.571231 0.000000 0.000000 -0.571231 0.820789 0.000000 -0.571231 0.820789 0.000000 -0.571231 0.820789 -0.820789 -0.571231 0.000000 -0.820789 -0.571231 0.000000 -0.820789 -0.571231 0.000000 0.000000 -0.571231 -0.820789 0.000000 -0.571231 -0.820789 0.000000 -0.571231 -0.820789 -0.820789 -0.571231 0.000000 -0.820789 -0.571231 0.000000 -0.820789 -0.571231 0.000000 0.000000 -0.571231 0.820789 0.000000 -0.571231 0.820789 0.000000 -0.571231 0.820789 0.820789 -0.571231 0.000000 0.820789 -0.571231 0.000000 0.820789 -0.571231 0.000000 0.000000 -0.571231 -0.820789 0.000000 -0.571231 -0.820789 0.000000 -0.571231 -0.820789 -0.820789 -0.571231 0.000000 -0.820789 -0.571231 0.000000 -0.820789 -0.571231 0.000000 0.000000 -0.571231 0.820789 0.000000 -0.571231 0.820789 0.000000 -0.571231 0.820789 0.820789 -0.571231 0.000000 0.820789 -0.571231 0.000000 0.820789 -0.571231 0.000000 0.000000 -0.571231 -0.820789 0.000000 -0.571231 -0.820789 0.000000 -0.571231 -0.820789 -0.820789 -0.571231 0.000000 -0.820789 -0.571231 0.000000 -0.820789 -0.571231 0.000000 0.000000 -0.571231 0.820789 0.000000 -0.571231 0.820789 
						0.000000 -0.571231 0.820789 0.820789 -0.571231 0.000000 0.820789 -0.571231 0.000000 0.820789 -0.571231 0.000000 0.000000 -0.571231 -0.820789 0.000000 -0.571231 -0.820789 0.000000 -0.571231 -0.820789 0.820789 -0.571231 0.000000 0.820789 -0.571231 0.000000 0.820789 -0.571231 0.000000 0.000000 -0.571231 0.820789 0.000000 -0.571231 0.820789 0.000000 -0.571231 0.820789 -0.820789 -0.571231 0.000000 -0.820789 -0.571231 0.000000 -0.820789 -0.571231 0.000000 0.000000 0.000000 1.000000 0.000000 0.000000 1.000000 0.000000 0.000000 1.000000 0.000000 0.000000 1.000000 0.000000 1.000000 0.000000 0.000000 1.000000 0.000000 0.000000 1.000000 0.000000 0.000000 1.000000 0.000000 0.000000 -1.000000 0.000000 0.000000 -1.000000 0.000000 0.000000 -1.000000 0.000000 0.000000 -1.000000 0.000000 1.000000 0.000000 0.000000 1.000000 0.000000 0.000000 1.000000 0.000000 0.000000 1.000000 0.000000 0.000000 -1.000000 0.000000 0.000000 -1.000000 0.000000 0.000000 -1.000000 0.000000 0.000000 -1.000000 0.000000 0.000000 0.000000 0.000000 -1.000000 0.000000 0.000000 -1.000000 0.000000 0.000000 -1.000000 0.000000 0.000000 -1.000000 -0.657519 0.753438 0.000000 -0.657519 0.753438 0.000000 -0.657519 0.753438 0.000000 -0.657519 0.753438 0.000000 0.657519 0.753438 0.000000 0.657519 0.753438 0.000000 0.657519 0.753438 0.000000 0.657519 0.753438 0.000000 0.000000 0.000000 1.000000 0.000000 0.000000 1.000000 0.000000 0.000000 -1.000000 0.000000 0.000000 -1.000000 
					</float_array>
					<technique_common>
						<accessor count="628" offset="0" source="#meshId1-normals-array" stride="3">
							<param name="X" type="float" />
							<param name="Y" type="float" />
							<param name="Z" type="float" />
						</accessor>
					</technique_common>
				</source>
				<source id="meshId1-tangents" name="meshId1-tangents">
					<float_array id="meshId1-tangents-array" count="1884"> 
						0.041292 -0.999147 -0.000003 0.047319 -0.998880 -0.000003 0.047678 -0.998863 -0.000003 0.041794 -0.999126 -0.000003 0.000003 0.000000 -1.000000 0.000001 0.000000 -1.000000 0.000000 0.000000 -1.000000 0.000002 0.000000 -1.000000 -0.044148 0.999025 0.000003 -0.044989 0.998987 0.000003 -0.045060 0.998984 0.000003 -0.044200 0.999023 0.000003 -0.000509 -0.000025 1.000000 0.000213 0.000011 1.000000 0.000542 0.000027 1.000000 -0.000180 -0.000009 1.000000 -0.000001 -0.000003 -1.000000 -0.000001 -0.000006 -1.000000 -0.000002 -0.000007 -1.000000 -0.000001 -0.000004 -1.000000 0.999897 -0.002882 0.014027 0.991843 -0.002961 -0.127428 0.988447 -0.002968 -0.151538 0.999991 -0.002890 0.003228 0.994388 0.002952 0.105752 0.996103 0.002818 -0.088153 0.978133 0.002680 -0.207962 0.995432 0.002948 0.095429 0.983388 0.004666 0.181455 0.986799 0.004654 0.161884 0.986998 0.004653 0.160667 0.983654 0.004665 0.180011 0.995430 0.011192 0.094837 0.981279 0.010746 0.192292 0.980576 0.010727 0.195849 0.995017 0.011175 0.099076 0.998408 0.017068 0.053764 0.995793 0.016367 0.090161 0.995720 0.016351 0.090962 0.998355 0.017049 0.054739 0.996526 0.007178 0.082975 0.996246 0.007047 0.086280 0.996242 0.007044 0.086333 0.996518 0.007175 0.083068 0.995178 -0.014186 0.097058 0.993926 -0.014642 0.109074 0.993900 -0.014651 0.109307 0.995110 -0.014212 0.097744 0.999831 -0.017992 -0.003715 0.995759 -0.019599 0.089893 0.995413 -0.019660 0.093630 0.999820 -0.018157 0.005465 0.986936 -0.010903 -0.160743 0.999873 -0.011551 0.010999 0.999648 -0.011586 0.023876 0.990298 -0.011006 -0.138523 0.986493 -0.004655 -0.163736 0.993139 -0.004619 -0.116851 0.993746 -0.004615 -0.111568 0.987672 -0.004650 -0.156468 -0.994726 0.000000 0.102569 -0.993214 0.000000 0.116305 -0.992887 0.000000 0.119059 -0.993665 0.000000 0.112385 
						-0.997636 -0.000000 -0.068721 -0.977419 -0.000000 -0.211310 -0.966809 -0.000000 -0.255499 -0.989124 -0.000000 -0.147082 -0.955260 -0.000000 0.295767 -0.999967 -0.000000 0.008142 -0.986819 -0.000000 -0.161826 -0.983995 -0.000000 0.178195 -0.438140 -0.000000 0.898907 -0.829930 -0.000000 0.557867 -0.957824 -0.000000 0.287355 -0.615772 -0.000000 0.787924 0.298996 -0.000000 0.954254 -0.063498 -0.000000 0.997982 -0.273367 -0.000000 0.961910 0.152260 -0.000000 0.988340 0.926859 -0.000000 0.375410 0.895870 -0.000000 0.444316 0.875195 -0.000000 0.483770 0.914452 -0.000000 0.404693 0.844567 0.000000 -0.535450 0.823344 0.000000 -0.567543 0.810254 0.000000 -0.586079 0.835779 0.000000 -0.549067 -0.170840 0.000000 -0.985299 -0.033032 0.000000 -0.999454 0.048546 0.000000 -0.998821 -0.113238 0.000000 -0.993568 -0.939434 0.000000 -0.342729 -0.750314 0.000000 -0.661081 -0.590944 0.000000 -0.806713 -0.876309 0.000000 -0.481749 -0.997212 0.000000 0.074625 -0.996058 0.000000 -0.088705 -0.982939 0.000000 -0.183932 -0.999981 0.000000 0.006148 -0.002815 0.998175 0.060315 -0.004447 0.999562 -0.029262 -0.007184 0.998857 -0.047267 -0.002297 0.998785 0.049222 -0.008758 -0.998300 0.057621 -0.005686 -0.992537 -0.121814 -0.006490 -0.990265 -0.139042 -0.005064 -0.999432 0.033319 0.000000 -0.966823 0.255446 0.000000 -0.975444 0.220249 0.280965 -0.827185 0.486645 0.265770 -0.847033 0.460327 0.773169 -0.450496 0.446389 0.765952 -0.466644 0.442223 0.994528 0.104469 0.000000 0.995008 0.099791 0.000000 0.694455 0.597475 -0.400944 0.700235 0.588411 -0.404281 0.252112 0.863573 -0.436670 0.264622 0.848470 -0.458339 0.000000 0.979303 -0.202399 0.000000 0.971978 -0.235071 -0.007721 -0.999942 0.007486 -0.005221 -0.999974 0.005062 -0.005144 -0.999974 0.004988 -0.007644 -0.999943 0.007411 0.927092 0.000000 0.374834 0.731179 0.000000 0.682186 
						0.696312 0.000000 0.717739 0.907283 0.000000 0.420521 0.001169 0.999999 -0.001133 -0.004650 0.999979 0.004509 -0.004830 0.999977 0.004683 0.000989 0.999999 -0.000959 -0.942614 0.000000 -0.333884 -0.744648 0.000000 -0.667457 -0.709550 0.000000 -0.704655 -0.924311 0.000000 -0.381639 0.005291 -0.999973 0.005114 0.005016 -0.999976 0.004848 0.005008 -0.999976 0.004840 0.005282 -0.999973 0.005105 -0.695797 0.000000 0.718238 -0.916798 0.000000 0.399352 -0.936011 0.000000 0.351971 -0.731599 0.000000 0.681736 0.007039 0.999952 0.006804 0.012330 0.999853 0.011917 0.012493 0.999849 0.012074 0.007203 0.999950 0.006961 0.706736 0.000000 -0.707478 0.911682 0.000000 -0.410897 0.930866 0.000000 -0.365360 0.740821 0.000000 -0.671703 0.999560 0.010506 -0.027733 0.998195 0.009932 0.059233 0.997926 0.009901 0.063614 0.999730 0.010463 -0.020735 0.998335 0.005305 -0.057440 0.999583 0.004991 -0.028456 0.999649 0.004965 -0.026036 0.998514 0.005270 -0.054244 0.989108 -0.003007 -0.147160 0.990227 -0.003097 -0.139431 0.990301 -0.003104 -0.138903 0.989211 -0.003015 -0.146470 0.975382 -0.008659 -0.220354 0.988491 -0.009241 -0.150997 0.988897 -0.009263 -0.148316 0.976296 -0.008695 -0.216263 0.965704 -0.007261 -0.259543 0.976569 -0.007397 -0.215078 0.976903 -0.007402 -0.213555 0.966519 -0.007271 -0.256493 0.999374 -0.001452 -0.035347 0.969661 -0.001502 -0.244450 0.966563 -0.001503 -0.256424 0.998376 -0.001460 -0.056958 0.992918 0.001480 0.118796 0.999992 0.001439 0.003695 0.999999 0.001437 -0.000134 0.993511 0.001478 0.113724 0.997486 0.007728 0.070439 0.990665 0.007599 0.136108 0.990389 0.007594 0.138098 0.997243 0.007722 0.073805 0.054963 0.000000 0.998488 -0.455076 0.000000 0.890452 -0.650992 0.000000 0.759085 -0.127280 0.000000 0.991867 0.891172 0.000000 0.453666 0.644697 0.000000 0.764438 
						0.357804 0.000000 0.933797 0.736685 0.000000 0.676236 0.900142 0.000000 -0.435596 0.829830 -0.000000 -0.558016 0.748215 -0.000000 -0.663457 0.850915 -0.000000 -0.525303 -0.393879 -0.000000 -0.919162 -0.175653 -0.000000 -0.984452 -0.021775 -0.000000 -0.999763 -0.299170 -0.000000 -0.954200 -0.925215 -0.000000 -0.379442 -0.734269 -0.000000 -0.678858 -0.617253 -0.000000 -0.786765 -0.886924 -0.000000 -0.461915 -0.984209 -0.000000 -0.177011 -0.971647 -0.000000 -0.236437 -0.966368 -0.000000 -0.257164 -0.981629 -0.000000 -0.190800 -0.986149 0.000000 0.165864 -0.996605 0.000000 0.082338 -0.999022 0.000000 0.044223 -0.989566 0.000000 0.144079 -0.657313 0.000000 0.753618 -0.941791 0.000000 0.336199 -0.985614 0.000000 0.169014 -0.737283 0.000000 0.675584 0.545818 0.677319 0.493277 0.157280 0.890747 0.426420 0.148872 0.902732 0.403624 0.535630 0.691937 0.484070 0.998255 0.059044 0.000000 0.997755 0.066976 0.000000 0.605559 -0.577751 -0.547268 0.608404 -0.572294 -0.549839 0.188203 -0.839176 -0.510259 0.193398 -0.829253 -0.524343 0.000000 -0.959198 -0.282735 0.000000 -0.953417 -0.301654 0.000000 0.982933 0.183963 0.000000 0.986585 0.163251 0.007915 0.999937 0.007964 0.003846 0.999985 0.003869 0.003722 0.999986 0.003745 0.007791 0.999939 0.007839 0.942450 0.000000 -0.334348 0.749816 0.000000 -0.661647 0.716147 0.000000 -0.697949 0.924522 0.000000 -0.381127 0.007587 -0.999943 0.007553 0.006455 -0.999959 0.006426 0.006420 -0.999959 0.006392 0.007553 -0.999943 0.007519 -0.928314 0.000000 0.371796 -0.743743 0.000000 0.668466 -0.712708 0.000000 0.701461 -0.909777 0.000000 0.415098 -0.007577 0.999943 0.007533 -0.002386 0.999994 0.002372 -0.002228 0.999995 0.002215 -0.007419 0.999945 0.007376 -0.720897 0.000000 -0.693042 -0.916219 0.000000 -0.400678 -0.934277 0.000000 -0.356549 -0.752553 0.000000 -0.658532 
						-0.007215 -0.999948 0.007146 -0.005014 -0.999975 0.004966 -0.004947 -0.999976 0.004900 -0.007148 -0.999949 0.007080 0.702574 0.000000 0.711610 0.919410 0.000000 0.393301 0.938199 0.000000 0.346097 0.737807 0.000000 0.675012 -0.000024 0.999997 -0.002487 -0.000003 1.000000 -0.000262 0.000169 0.999851 0.017257 0.000147 0.999887 0.015032 -0.000050 0.999645 0.026657 -0.000046 0.999707 0.024217 -0.000009 0.999988 0.004815 -0.000014 0.999974 0.007256 0.999887 0.000000 0.015049 0.999887 0.000000 0.015049 0.999887 0.000000 0.015049 -0.999428 0.000000 0.033816 -0.999428 0.000000 0.033816 -0.999428 0.000000 0.033816 -0.999904 0.000000 0.013892 -0.999904 0.000000 0.013892 -0.999904 0.000000 0.013892 0.999869 0.000000 0.016217 0.999869 0.000000 0.016217 0.999869 0.000000 0.016217 0.979552 -0.000000 -0.201193 0.985415 -0.000000 -0.170166 0.986514 -0.000000 -0.163675 0.981364 -0.000000 -0.192157 0.989203 -0.000000 -0.146554 0.998849 -0.000000 -0.047958 0.999626 -0.000000 -0.027341 0.993024 -0.000000 -0.117914 0.999369 -0.000000 0.035512 0.995305 -0.000000 0.096788 0.993985 -0.000000 0.109518 0.998572 -0.000000 0.053414 0.993634 -0.000000 0.112654 0.993425 -0.000000 0.114483 0.993381 -0.000000 0.114864 0.993574 -0.000000 0.113188 0.997838 0.000000 0.065727 0.997195 0.000000 0.074851 0.997050 0.000000 0.076752 0.997659 0.000000 0.068391 0.999762 0.000000 -0.021821 0.998016 0.000000 0.062965 0.996748 0.000000 0.080585 0.999996 0.000000 0.002917 0.998925 0.000000 0.046356 0.984977 0.000000 0.172685 0.980066 0.000000 0.198673 0.996522 0.000000 0.083326 0.978407 0.000000 0.206687 0.980502 0.000000 0.196508 0.980926 0.000000 0.194383 0.979030 0.000000 0.203718 0.989357 0.000000 0.145510 0.995670 0.000000 -0.092955 0.977753 0.000000 -0.209758 0.993899 0.000000 0.110293 
						0.987262 0.000000 -0.159102 0.966320 0.000000 -0.257345 0.962800 0.000000 -0.270215 0.983323 0.000000 -0.181869 0.965846 0.000000 -0.259117 0.976253 0.000000 -0.216632 0.977357 0.000000 -0.211595 0.967853 0.000000 -0.251518 0.983678 0.000000 -0.179937 0.992827 0.000000 -0.119558 0.994051 0.000000 -0.108913 0.986050 0.000000 -0.166451 0.996805 0.000000 -0.079877 0.995711 0.000000 -0.092522 0.995321 0.000000 -0.096622 0.996391 0.000000 -0.084880 0.993051 -0.000000 -0.117684 0.998106 -0.000000 -0.061514 0.999133 -0.000000 -0.041621 0.995768 -0.000000 -0.091908 0.995823 -0.000000 -0.091304 0.999325 -0.000000 0.036751 0.997878 -0.000000 0.065114 0.998842 -0.000000 -0.048109 0.997108 -0.000000 0.075998 0.991204 -0.000000 0.132340 0.990180 -0.000000 0.139802 0.996032 -0.000000 0.088991 0.988847 -0.000000 0.148933 0.994758 -0.000000 0.102260 0.995309 -0.000000 0.096743 0.990071 -0.000000 0.140569 0.998441 -0.000000 0.055811 0.990467 -0.000000 -0.137752 0.982063 -0.000000 -0.188553 0.999644 -0.000000 0.026674 0.318581 0.945584 0.066165 0.302427 0.952916 -0.022094 0.295853 0.954396 -0.039999 0.319660 0.946111 0.051885 -0.004294 -0.998097 0.061507 -0.004465 -0.997942 0.063964 0.016769 -0.997613 0.066992 0.020622 -0.996387 0.082384 0.297818 -0.953479 0.046714 0.314270 -0.942193 -0.116216 0.312453 -0.939585 -0.139832 0.300931 -0.953526 0.015133 0.017891 0.997282 -0.071471 0.028547 0.993066 -0.114041 -0.011004 0.987436 -0.157639 -0.009768 0.990113 -0.139928 0.348493 -0.918841 0.185160 0.394794 -0.904731 0.159999 0.000000 0.976308 0.216388 0.000000 0.989207 0.146522 0.619062 -0.724993 0.301906 0.656229 -0.701448 0.278090 0.296454 0.805271 0.513473 0.276075 0.833745 0.478176 0.892628 -0.379651 0.243064 0.907213 -0.352412 0.229718 0.780731 0.432757 0.450755 0.776371 0.443092 0.448238 
						0.995454 0.078425 0.054056 0.995433 0.078604 0.054179 0.995946 -0.089955 0.000000 0.997277 -0.073746 0.000000 0.857983 0.496149 -0.133049 0.874537 0.468821 -0.124060 0.687313 -0.608387 -0.396820 0.717443 -0.560090 -0.414216 0.598984 0.773588 -0.206834 0.638621 0.740758 -0.208426 0.209766 -0.907740 -0.363326 0.249583 -0.866507 -0.432290 0.354802 0.927012 -0.121510 0.394997 0.907314 -0.144077 0.000000 -0.997236 -0.074301 -0.000000 -0.989249 -0.146244 0.761737 0.599769 0.245018 0.489548 0.833559 0.255972 0.519789 0.820909 0.236491 0.800974 0.557730 0.217663 0.568599 -0.642369 0.513865 0.556601 -0.661183 0.503023 0.132031 -0.924354 0.357964 0.146062 -0.906557 0.396006 0.995836 0.074680 -0.052290 0.995691 0.075967 -0.053192 0.994014 -0.109251 0.000000 0.992653 -0.120994 0.000000 0.790616 -0.497667 -0.356726 0.832614 -0.439901 -0.336513 0.635757 0.515456 -0.574559 0.649016 0.484506 -0.586542 0.503016 -0.778387 -0.375617 0.542621 -0.746165 -0.385748 0.178909 0.855983 -0.485062 0.194216 0.827655 -0.526562 0.338121 -0.906793 -0.251794 0.352045 -0.896907 -0.267625 0.000000 0.972492 -0.232938 0.000000 0.963964 -0.266032 0.347885 0.926888 0.140911 0.359783 0.924408 0.126591 -0.000000 -0.989116 0.147140 -0.000000 -0.992833 0.119513 -0.000001 -0.820789 0.571231 -0.000001 -0.820789 0.571231 -0.000001 -0.820789 0.571231 0.000000 0.000000 1.000000 0.000000 0.000000 1.000000 0.000000 0.000000 1.000000 0.000001 0.820789 0.571231 0.000001 0.820789 0.571231 0.000001 0.820789 0.571231 0.000000 0.000000 1.000000 0.000000 0.000000 1.000000 0.000000 0.000000 1.000000 -0.509013 -0.860759 0.000000 -0.276242 -0.961088 0.000000 -0.275981 -0.961163 0.000000 -0.508423 -0.861107 0.000000 -0.866247 -0.499617 -0.000000 -0.865978 -0.500082 -0.000000 -0.999995 0.003231 0.000000 -0.999995 0.003215 0.000000 
						-0.863749 0.503922 0.000000 -0.863514 0.504326 0.000000 -0.510442 0.859912 -0.000000 -0.510017 0.860165 -0.000000 -0.288984 0.957334 -0.000000 -0.288824 0.957382 -0.000000 -0.500635 -0.865607 0.009454 -0.259226 -0.965751 -0.011279 -0.259168 -0.965536 -0.023920 -0.500654 -0.865641 0.003399 -0.866404 -0.499344 -0.000539 -0.866404 -0.499344 0.000278 -0.999996 0.000000 0.002687 -0.999997 0.000000 0.002558 -0.866398 0.499340 0.003646 -0.866401 0.499342 0.002575 -0.500653 0.865639 0.004036 -0.500633 0.865604 0.009826 -0.259150 0.965469 -0.026659 -0.259216 0.965714 -0.014280 -0.510951 -0.859610 -0.000000 -0.286264 -0.958151 -0.000000 -0.286442 -0.958098 -0.000000 -0.511411 -0.859336 -0.000000 -0.865311 -0.501236 0.000000 -0.865557 -0.500810 0.000000 -0.999996 -0.002811 0.000000 -0.999996 -0.002819 0.000000 -0.867405 0.497603 0.000000 -0.867677 0.497128 0.000000 -0.508724 0.860930 0.000000 -0.509344 0.860563 0.000000 -0.272627 0.962120 0.000000 -0.272915 0.962038 0.000000 -0.500595 -0.865539 0.015705 -0.259128 -0.965388 0.029636 -0.259124 -0.965371 0.030219 -0.500586 -0.865523 0.016823 -0.866403 -0.499343 -0.001900 -0.866404 -0.499343 -0.001093 -0.999995 0.000000 -0.003036 -0.999995 0.000000 -0.003086 -0.866398 0.499340 -0.003640 -0.866397 0.499339 -0.004199 -0.500629 0.865597 -0.010608 -0.500626 0.865593 -0.011083 -0.259196 0.965639 -0.018945 -0.259196 0.965640 -0.018882 1.000000 0.000000 0.000000 1.000000 0.000000 0.000000 1.000000 0.000000 0.000000 0.571231 0.820789 -0.000003 0.571231 0.820789 -0.000003 0.571231 0.820789 -0.000003 1.000000 0.000000 0.000000 1.000000 0.000000 0.000000 1.000000 0.000000 0.000000 0.571231 -0.820789 0.000003 0.571231 -0.820789 0.000003 0.571231 -0.820789 0.000003 -0.000003 -0.820789 0.571231 -0.000003 -0.820789 0.571231 -0.000003 -0.820789 0.571231 0.000000 0.000000 1.000000 
						0.000000 0.000000 1.000000 0.000000 0.000000 1.000000 0.000003 0.820789 0.571231 0.000003 0.820789 0.571231 0.000003 0.820789 0.571231 0.000000 0.000000 1.000000 0.000000 0.000000 1.000000 0.000000 0.000000 1.000000 1.000000 0.000000 0.000000 1.000000 0.000000 0.000000 1.000000 0.000000 0.000000 0.571231 0.820789 -0.000001 0.571231 0.820789 -0.000001 0.571231 0.820789 -0.000001 1.000000 0.000000 0.000000 1.000000 0.000000 0.000000 1.000000 0.000000 0.000000 0.571231 -0.820789 0.000001 0.571231 -0.820789 0.000001 0.571231 -0.820789 0.000001 1.000000 0.000000 0.000000 1.000000 0.000000 0.000000 1.000000 0.000000 0.000000 0.571231 0.820789 0.000004 0.571231 0.820789 0.000004 0.571231 0.820789 0.000004 1.000000 0.000000 0.000000 1.000000 0.000000 0.000000 1.000000 0.000000 0.000000 0.571231 -0.820789 -0.000004 0.571231 -0.820789 -0.000004 0.571231 -0.820789 -0.000004 0.000002 -0.820789 0.571231 0.000002 -0.820789 0.571231 0.000002 -0.820789 0.571231 0.000000 0.000000 1.000000 0.000000 0.000000 1.000000 0.000000 0.000000 1.000000 -0.000002 0.820789 0.571231 -0.000002 0.820789 0.571231 -0.000002 0.820789 0.571231 0.000000 0.000000 1.000000 0.000000 0.000000 1.000000 0.000000 0.000000 1.000000 1.000000 0.000000 0.000000 1.000000 0.000000 0.000000 1.000000 0.000000 0.000000 0.571231 -0.820789 0.000001 0.571231 -0.820789 0.000001 0.571231 -0.820789 0.000001 1.000000 0.000000 0.000000 1.000000 0.000000 0.000000 1.000000 0.000000 0.000000 0.571231 0.820789 -0.000001 0.571231 0.820789 -0.000001 0.571231 0.820789 -0.000001 1.000000 0.000000 0.000000 1.000000 0.000000 0.000000 1.000000 0.000000 0.000000 0.571231 -0.820789 -0.000002 0.571231 -0.820789 -0.000002 0.571231 -0.820789 -0.000002 1.000000 0.000000 0.000000 1.000000 0.000000 0.000000 
						1.000000 0.000000 0.000000 0.571231 0.820789 0.000002 0.571231 0.820789 0.000002 0.571231 0.820789 0.000002 0.000004 -0.820789 0.571231 0.000004 -0.820789 0.571231 0.000004 -0.820789 0.571231 0.000000 0.000000 1.000000 0.000000 0.000000 1.000000 0.000000 0.000000 1.000000 -0.000004 0.820789 0.571231 -0.000004 0.820789 0.571231 -0.000004 0.820789 0.571231 0.000000 0.000000 1.000000 0.000000 0.000000 1.000000 0.000000 0.000000 1.000000 -0.021549 0.999768 0.000000 0.019882 0.999802 0.000000 0.110777 0.993845 0.000000 -0.054705 0.998503 0.000000 0.000046 0.000000 -1.000000 -0.000009 0.000000 -1.000000 -0.000055 0.000000 -1.000000 -0.000000 0.000000 -1.000000 0.000007 0.000000 1.000000 0.000008 0.000000 1.000000 0.000009 0.000000 1.000000 0.000008 0.000000 1.000000 0.000000 0.000146 -1.000000 0.000000 0.000147 -1.000000 0.000000 0.000147 -1.000000 0.000000 0.000146 -1.000000 0.000000 0.000172 -1.000000 0.000000 0.000172 -1.000000 0.000000 0.000172 -1.000000 0.000000 0.000172 -1.000000 0.021490 -0.999769 0.000000 0.054511 -0.998513 0.000000 -0.110425 -0.993884 0.000000 -0.019802 -0.999804 0.000000 0.000205 0.000179 -1.000000 0.000175 0.000152 -1.000000 0.000056 0.000049 -1.000000 0.000086 0.000075 -1.000000 -0.000067 0.000059 -1.000000 -0.000089 0.000078 -1.000000 -0.000175 0.000153 -1.000000 -0.000153 0.000134 -1.000000 0.000000 1.000000 0.000000 0.000000 1.000000 0.000000 0.000027 -1.000000 0.000000 0.000024 -1.000000 0.000000 
					</float_array>
					<technique_common>
						<accessor count="628" offset="0" source="#meshId1-tangents-array" stride="3">
							<param name="X" type="float" />
							<param name="Y" type="float" />
							<param name="Z" type="float" />
						</accessor>
					</technique_common>
				</source>
				<source id="meshId1-bitangents" name="meshId1-bitangents">
					<float_array id="meshId1-bitangents-array" count="1884"> 
						-0.999147 -0.041292 -0.000000 -0.998880 -0.047319 -0.000000 -0.998863 -0.047678 -0.000000 -0.999126 -0.041794 -0.000000 -0.998750 -0.049986 -0.000003 -0.998750 -0.049986 -0.000001 -0.998750 -0.049986 -0.000000 -0.998750 -0.049986 -0.000002 -0.999025 -0.044148 -0.000000 -0.998987 -0.044989 -0.000000 -0.998984 -0.045060 -0.000000 -0.999023 -0.044200 -0.000000 -0.998750 -0.049986 -0.000509 -0.998750 -0.049986 0.000213 -0.998750 -0.049986 0.000543 -0.998750 -0.049986 -0.000180 0.211385 0.977403 -0.000004 0.211385 0.977403 -0.000007 0.211385 0.977403 -0.000007 0.211385 0.977403 -0.000004 0.014025 -0.000760 -0.999901 -0.127429 -0.000345 -0.991848 -0.151540 -0.000273 -0.988451 0.003226 -0.000729 -0.999995 0.105754 -0.000410 -0.994392 -0.088150 -0.000972 -0.996107 -0.207959 -0.001306 -0.978137 0.095431 -0.000441 -0.995436 0.181459 -0.000564 -0.983398 0.161889 -0.000657 -0.986809 0.160672 -0.000663 -0.987008 0.180015 -0.000571 -0.983664 0.094797 0.003988 -0.995489 0.192247 0.005069 -0.981333 0.195804 0.005108 -0.980630 0.099037 0.004035 -0.995076 0.053440 0.018894 -0.998392 0.089838 0.019504 -0.995765 0.090639 0.019518 -0.995693 0.054415 0.018911 -0.998339 0.082627 0.039704 -0.995789 0.085935 0.039727 -0.995508 0.085988 0.039727 -0.995504 0.082720 0.039704 -0.995782 0.097532 0.037771 -0.994515 0.109556 0.037597 -0.993269 0.109789 0.037593 -0.993244 0.098218 0.037761 -0.994448 -0.003390 0.018016 -0.999832 0.090216 0.016253 -0.995790 0.093952 0.016179 -0.995445 0.005790 0.017850 -0.999824 -0.160700 0.004722 -0.986992 0.011031 0.002782 -0.999935 0.023908 0.002633 -0.999711 -0.138481 0.004476 -0.990355 -0.163741 -0.000648 -0.986503 -0.116856 -0.000868 -0.993149 -0.111573 -0.000892 -0.993756 -0.156473 -0.000682 -0.987682 -0.102569 0.000000 -0.994726 -0.116305 0.000000 -0.993214 -0.119059 0.000000 -0.992887 -0.112385 0.000000 -0.993665 
						0.068721 -0.000000 -0.997636 0.211310 0.000000 -0.977419 0.255499 0.000000 -0.966809 0.147082 0.000000 -0.989124 -0.295767 -0.000000 -0.955260 -0.008142 -0.000000 -0.999967 0.161826 -0.000000 -0.986819 -0.178195 -0.000000 -0.983995 -0.898907 -0.000000 -0.438140 -0.557867 -0.000000 -0.829930 -0.287355 -0.000000 -0.957824 -0.787924 -0.000000 -0.615772 -0.954254 -0.000000 0.298996 -0.997982 -0.000000 -0.063498 -0.961910 -0.000000 -0.273367 -0.988340 -0.000000 0.152260 -0.375410 -0.000000 0.926859 -0.444316 -0.000000 0.895870 -0.483770 -0.000000 0.875195 -0.404693 -0.000000 0.914452 0.535450 -0.000000 0.844567 0.567543 -0.000000 0.823344 0.586079 -0.000000 0.810254 0.549067 -0.000000 0.835779 0.985299 -0.000000 -0.170840 0.999454 -0.000000 -0.033032 0.998821 -0.000000 0.048546 0.993568 -0.000000 -0.113238 0.342729 -0.000000 -0.939434 0.661081 -0.000000 -0.750314 0.806713 -0.000000 -0.590944 0.481749 -0.000000 -0.876309 -0.074625 -0.000000 -0.997212 0.088705 -0.000000 -0.996058 0.183932 -0.000000 -0.982939 -0.006148 -0.000000 -0.999981 0.046540 0.060381 -0.997090 -0.150195 -0.029598 -0.988213 -0.150089 -0.047810 -0.987516 0.046568 0.049275 -0.997699 0.150005 -0.058283 -0.986966 -0.046277 0.121946 -0.991457 -0.046171 0.139193 -0.989188 0.150175 -0.033702 -0.988085 0.000000 -0.255446 -0.966823 0.000000 -0.220249 -0.975444 -0.413593 -0.561929 -0.716363 -0.423517 -0.531540 -0.733552 -0.390141 -0.892779 -0.225248 -0.404126 -0.884445 -0.233322 0.104469 -0.994528 0.000000 0.099791 -0.995008 0.000000 0.517429 -0.801887 -0.298738 0.509578 -0.808562 -0.294205 0.431787 -0.504224 -0.747876 0.424235 -0.529244 -0.734796 -0.000000 -0.202399 -0.979303 -0.000000 -0.235071 -0.971978 0.717913 -0.010755 -0.696049 0.717936 -0.007273 -0.696071 0.717937 -0.007165 -0.696072 0.717914 -0.010647 -0.696050 0.374834 -0.000000 -0.927092 0.682186 -0.000000 -0.731179 
						0.717739 -0.000000 -0.696312 0.420521 -0.000000 -0.907283 0.717954 -0.001628 -0.696089 0.717940 0.006477 -0.696075 0.717939 0.006727 -0.696074 0.717954 -0.001378 -0.696089 0.333884 0.000000 -0.942614 0.667457 0.000000 -0.744648 0.704655 0.000000 -0.709550 0.381639 0.000000 -0.924311 0.719029 0.007358 0.694941 0.719031 0.006976 0.694943 0.719031 0.006964 0.694943 0.719029 0.007346 0.694941 0.718238 0.000000 0.695797 0.399352 0.000000 0.916798 0.351971 0.000000 0.936011 0.681736 0.000000 0.731599 0.719014 -0.009790 0.694927 0.718943 -0.017147 0.694858 0.718940 -0.017374 0.694855 0.719012 -0.010017 0.694925 0.707478 -0.000000 0.706736 0.410897 -0.000000 0.911682 0.365360 -0.000000 0.930866 0.671703 -0.000000 0.740821 -0.027799 0.006150 -0.999595 0.059165 0.007040 -0.998223 0.063545 0.007084 -0.997954 -0.020801 0.006224 -0.999764 -0.057494 0.010731 -0.998288 -0.028509 0.010881 -0.999534 -0.026089 0.010893 -0.999600 -0.054298 0.010748 -0.998467 -0.147116 0.011587 -0.989051 -0.139387 0.011563 -0.990170 -0.138859 0.011561 -0.990245 -0.146426 0.011585 -0.989154 -0.220282 0.008558 -0.975399 -0.150926 0.007926 -0.988513 -0.148245 0.007901 -0.988919 -0.216191 0.008521 -0.976314 -0.259527 0.003146 -0.965731 -0.215063 0.002810 -0.976596 -0.213540 0.002798 -0.976930 -0.256476 0.003123 -0.966545 -0.035348 -0.000390 -0.999375 -0.244450 -0.000076 -0.969662 -0.256424 -0.000057 -0.966564 -0.056958 -0.000358 -0.998376 0.118796 -0.000267 -0.992919 0.003696 -0.000435 -0.999993 -0.000133 -0.000441 -1.000000 0.113724 -0.000274 -0.993512 0.070428 0.001702 -0.997515 0.136095 0.002208 -0.990693 0.138085 0.002223 -0.990418 0.073794 0.001728 -0.997272 -0.998488 0.000000 0.054963 -0.890452 0.000000 -0.455076 -0.759085 0.000000 -0.650992 -0.991867 0.000000 -0.127280 -0.453666 0.000000 0.891172 -0.764438 0.000000 0.644697 
						-0.933797 0.000000 0.357804 -0.676236 0.000000 0.736685 0.435596 0.000000 0.900142 0.558016 0.000000 0.829830 0.663457 0.000000 0.748215 0.525303 0.000000 0.850915 0.919162 0.000000 -0.393879 0.984452 0.000000 -0.175653 0.999763 0.000000 -0.021775 0.954200 0.000000 -0.299170 0.379442 0.000000 -0.925215 0.678858 0.000000 -0.734269 0.786765 0.000000 -0.617253 0.461915 0.000000 -0.886924 0.177011 0.000000 -0.984209 0.236437 0.000000 -0.971647 0.257164 0.000000 -0.966368 0.190800 0.000000 -0.981629 -0.165864 0.000000 -0.986149 -0.082338 0.000000 -0.996605 -0.044223 0.000000 -0.999022 -0.144079 0.000000 -0.989566 -0.753618 0.000000 -0.657313 -0.336199 0.000000 -0.941791 -0.169014 0.000000 -0.985614 -0.675584 0.000000 -0.737283 -0.502512 0.735690 -0.454140 -0.308242 0.454500 -0.835713 -0.312390 0.430203 -0.846958 -0.513357 0.721958 -0.463941 -0.059044 0.998255 0.000000 -0.066976 0.997755 0.000000 0.428641 0.816213 -0.387380 0.424592 0.820048 -0.383721 0.290396 0.543860 -0.787328 0.286963 0.558873 -0.778019 0.000000 0.282735 -0.959198 0.000000 0.301654 -0.953417 0.000000 0.183963 -0.982933 0.000000 0.163251 -0.986585 -0.704887 0.011228 -0.709231 -0.704921 0.005455 -0.709265 -0.704922 0.005280 -0.709266 -0.704888 0.011052 -0.709232 -0.334348 0.000000 -0.942450 -0.661647 0.000000 -0.749816 -0.697949 0.000000 -0.716147 -0.381127 0.000000 -0.924522 -0.708640 -0.010706 -0.705489 -0.708651 -0.009108 -0.705501 -0.708651 -0.009059 -0.705501 -0.708640 -0.010657 -0.705490 -0.371796 -0.000000 -0.928314 -0.668466 -0.000000 -0.743743 -0.701461 -0.000000 -0.712708 -0.415098 -0.000000 -0.909777 -0.709110 -0.010685 0.705017 -0.709146 -0.003364 0.705053 -0.709147 -0.003142 0.705054 -0.709111 -0.010462 0.705019 -0.693042 -0.000000 0.720897 -0.400678 -0.000000 0.916219 -0.356549 -0.000000 0.934277 -0.658532 -0.000000 0.752553 
						-0.710446 0.010155 0.703678 -0.710465 0.007057 0.703697 -0.710466 0.006963 0.703698 -0.710447 0.010060 0.703679 -0.711610 0.000000 0.702574 -0.393301 0.000000 0.919410 -0.346097 0.000000 0.938199 -0.675012 0.000000 0.737807 -0.009782 -0.002487 -0.999949 -0.009782 -0.000262 -0.999952 -0.009781 0.017258 -0.999803 -0.009781 0.015033 -0.999839 -0.001885 -0.026657 0.999643 -0.001885 -0.024218 0.999705 -0.001886 -0.004815 0.999987 -0.001886 -0.007256 0.999972 -0.015049 -0.000000 0.999887 -0.015049 -0.000000 0.999887 -0.015049 -0.000000 0.999887 0.033816 -0.000000 0.999428 0.033816 -0.000000 0.999428 0.033816 -0.000000 0.999428 -0.013892 0.000000 -0.999904 -0.013892 0.000000 -0.999904 -0.013892 0.000000 -0.999904 0.016217 0.000000 -0.999869 0.016217 0.000000 -0.999869 0.016217 0.000000 -0.999869 -0.201193 0.000000 -0.979552 -0.170166 0.000000 -0.985415 -0.163675 0.000000 -0.986514 -0.192157 0.000000 -0.981364 -0.146554 0.000000 -0.989203 -0.047958 0.000000 -0.998849 -0.027341 0.000000 -0.999626 -0.117914 0.000000 -0.993024 0.035512 0.000000 -0.999369 0.096788 0.000000 -0.995305 0.109518 0.000000 -0.993985 0.053414 0.000000 -0.998572 0.112654 0.000000 -0.993634 0.114483 0.000000 -0.993425 0.114864 0.000000 -0.993381 0.113188 0.000000 -0.993574 0.065727 0.000000 -0.997838 0.074851 0.000000 -0.997195 0.076752 0.000000 -0.997050 0.068391 0.000000 -0.997659 -0.021821 0.000000 -0.999762 0.062965 0.000000 -0.998016 0.080585 0.000000 -0.996748 0.002917 0.000000 -0.999996 0.046356 0.000000 -0.998925 0.172685 0.000000 -0.984977 0.198673 0.000000 -0.980066 0.083326 0.000000 -0.996522 0.206687 -0.000000 -0.978407 0.196508 -0.000000 -0.980502 0.194383 -0.000000 -0.980926 0.203718 -0.000000 -0.979030 0.145510 -0.000000 -0.989357 -0.092955 -0.000000 -0.995670 -0.209758 -0.000000 -0.977753 0.110293 -0.000000 -0.993899 
						-0.159102 0.000000 -0.987262 -0.257345 -0.000000 -0.966320 -0.270215 -0.000000 -0.962800 -0.181869 0.000000 -0.983323 -0.259117 -0.000000 -0.965846 -0.216632 -0.000000 -0.976253 -0.211595 -0.000000 -0.977357 -0.251518 -0.000000 -0.967853 -0.179937 -0.000000 -0.983678 -0.119558 -0.000000 -0.992827 -0.108913 -0.000000 -0.994051 -0.166451 -0.000000 -0.986050 -0.079877 -0.000000 -0.996805 -0.092522 -0.000000 -0.995711 -0.096622 -0.000000 -0.995321 -0.084880 -0.000000 -0.996391 -0.117684 -0.000000 -0.993051 -0.061514 -0.000000 -0.998106 -0.041621 -0.000000 -0.999133 -0.091908 -0.000000 -0.995768 -0.091304 0.000000 -0.995823 0.036751 -0.000000 -0.999325 0.065114 -0.000000 -0.997878 -0.048109 0.000000 -0.998842 0.075998 -0.000000 -0.997108 0.132340 -0.000000 -0.991204 0.139802 -0.000000 -0.990180 0.088991 -0.000000 -0.996032 0.148933 0.000000 -0.988847 0.102260 0.000000 -0.994758 0.096743 0.000000 -0.995309 0.140569 0.000000 -0.990071 0.055811 -0.000000 -0.998441 -0.137752 0.000000 -0.990467 -0.188553 0.000000 -0.982063 0.026674 -0.000000 -0.999644 0.077613 0.043546 -0.996032 -0.180198 0.034397 -0.983029 -0.203754 0.022141 -0.978772 0.067374 0.031924 -0.997217 0.069506 -0.061656 -0.995674 0.069495 -0.064120 -0.995520 -0.242249 -0.069059 -0.967753 -0.241951 -0.084926 -0.966565 0.187718 0.010514 -0.982167 -0.093551 0.091087 -0.991439 -0.095367 0.115432 -0.988727 0.196176 0.046368 -0.979472 0.242169 -0.073677 -0.967433 0.241145 -0.117559 -0.963343 -0.068763 -0.158023 -0.985038 -0.068950 -0.140268 -0.987710 0.109143 -0.156420 -0.981642 0.015794 -0.167436 -0.985757 0.000000 0.216388 -0.976308 0.000000 0.146522 -0.989207 -0.151408 -0.487393 -0.859956 -0.188266 -0.509096 -0.839867 -0.402635 0.592907 -0.697385 -0.416872 0.552150 -0.722044 -0.138633 -0.744250 -0.653355 -0.131085 -0.755710 -0.641653 -0.374779 0.901511 -0.216378 -0.383729 0.896476 -0.221546 
						0.095250 -0.819621 -0.564933 0.095467 -0.819603 -0.564922 0.089955 0.995946 0.000000 0.073746 0.997277 0.000000 0.282613 -0.672219 -0.684289 0.274596 -0.689564 -0.670148 0.526878 0.793641 -0.304193 0.485052 0.828432 -0.280045 0.217672 -0.405868 -0.887632 0.241338 -0.449985 -0.859808 0.453870 0.419532 -0.786126 0.433254 0.499165 -0.750417 -0.086456 -0.096877 -0.991534 -0.009424 -0.152820 -0.988209 0.000000 0.074301 -0.997236 -0.000000 0.146244 -0.989249 -0.246856 0.618333 -0.746141 -0.134402 0.362178 -0.922368 -0.179942 0.375821 -0.909054 -0.254901 0.646649 -0.718937 -0.476582 -0.766396 -0.430706 -0.490540 -0.750224 -0.443321 -0.319872 -0.381537 -0.867244 -0.313713 -0.422084 -0.850546 -0.091167 0.815748 -0.571178 -0.092738 0.815629 -0.571094 -0.109251 -0.994014 -0.000000 -0.120994 -0.992653 -0.000000 0.126914 0.703126 -0.699647 0.115275 0.731919 -0.671570 0.382423 -0.856916 -0.345611 0.359461 -0.874788 -0.324859 0.068530 0.469155 -0.880453 0.090125 0.508302 -0.856450 0.296212 -0.517004 -0.803097 0.286410 -0.561237 -0.776519 -0.105611 0.229301 -0.967609 -0.079311 0.256315 -0.963334 -0.000000 -0.232938 -0.972492 -0.000000 -0.266032 -0.963964 0.066751 0.125430 -0.989854 0.027962 0.124933 -0.991771 0.000000 -0.147140 -0.989116 0.000000 -0.119513 -0.992833 -1.000000 0.000001 -0.000000 -1.000000 0.000001 -0.000000 -1.000000 0.000001 -0.000000 -0.571231 -0.820790 0.000000 -0.571231 -0.820790 0.000000 -0.571231 -0.820790 0.000000 -1.000000 0.000001 0.000000 -1.000000 0.000001 0.000000 -1.000000 0.000001 0.000000 -0.571231 0.820790 0.000000 -0.571231 0.820790 0.000000 -0.571231 0.820790 0.000000 -0.860759 0.509013 0.000003 -0.961088 0.276242 0.000004 -0.961163 0.275981 0.000004 -0.861107 0.508423 0.000003 -0.499617 0.866247 0.000003 -0.500082 0.865978 0.000003 0.003231 0.999995 0.000003 0.003215 0.999995 0.000003 
						0.503922 0.863749 0.000003 0.504326 0.863514 0.000003 0.859912 0.510442 0.000003 0.860165 0.510017 0.000003 0.957334 0.288984 0.000004 0.957382 0.288824 0.000004 0.004733 0.008184 0.999955 -0.002924 -0.010893 0.999936 -0.006201 -0.023103 0.999714 0.001702 0.002943 0.999994 -0.000467 -0.000269 1.000000 0.000240 0.000139 1.000000 0.002687 0.000000 0.999996 0.002558 0.000000 0.999997 0.003158 -0.001820 0.999993 0.002231 -0.001286 0.999997 0.002021 -0.003494 0.999992 0.004919 -0.008506 0.999952 -0.006911 0.025748 0.999645 -0.003702 0.013791 0.999898 0.859610 -0.510951 -0.000002 0.958151 -0.286264 -0.000002 0.958098 -0.286442 -0.000002 0.859336 -0.511411 -0.000002 0.501236 -0.865311 -0.000003 0.500810 -0.865557 -0.000003 0.002811 -0.999996 -0.000003 0.002819 -0.999996 -0.000003 -0.497603 -0.867405 -0.000003 -0.497128 -0.867677 -0.000003 -0.860930 -0.508724 -0.000002 -0.860563 -0.509344 -0.000002 -0.962120 -0.272627 -0.000002 -0.962038 -0.272915 -0.000002 -0.007863 -0.013595 -0.999877 -0.007683 -0.028622 -0.999561 -0.007834 -0.029186 -0.999543 -0.008422 -0.014563 -0.999859 0.001646 0.000949 -0.999998 0.000947 0.000546 -0.999999 0.003036 -0.000000 -0.999995 0.003086 -0.000000 -0.999995 0.003154 -0.001818 -0.999993 0.003638 -0.002097 -0.999991 0.005311 -0.009183 -0.999944 0.005549 -0.009594 -0.999939 0.004911 -0.018298 -0.999821 0.004895 -0.018236 -0.999822 0.000000 -0.820789 0.571231 0.000000 -0.820789 0.571231 0.000000 -0.820789 0.571231 0.000002 0.000003 1.000000 0.000002 0.000003 1.000000 0.000002 0.000003 1.000000 0.000000 0.820789 0.571231 0.000000 0.820789 0.571231 0.000000 0.820789 0.571231 -0.000002 0.000003 1.000000 -0.000002 0.000003 1.000000 -0.000002 0.000003 1.000000 -1.000000 0.000002 -0.000002 -1.000000 0.000002 -0.000002 -1.000000 0.000002 -0.000002 -0.571231 -0.820789 0.000000 
						-0.571231 -0.820789 0.000000 -0.571231 -0.820789 0.000000 -1.000000 0.000002 0.000002 -1.000000 0.000002 0.000002 -1.000000 0.000002 0.000002 -0.571231 0.820789 0.000000 -0.571231 0.820789 0.000000 -0.571231 0.820789 0.000000 0.000000 -0.820789 0.571231 0.000000 -0.820789 0.571231 0.000000 -0.820789 0.571231 0.000000 0.000001 1.000000 0.000000 0.000001 1.000000 0.000000 0.000001 1.000000 0.000000 0.820789 0.571231 0.000000 0.820789 0.571231 0.000000 0.820789 0.571231 -0.000000 0.000001 1.000000 -0.000000 0.000001 1.000000 -0.000000 0.000001 1.000000 0.000000 -0.820789 0.571231 0.000000 -0.820789 0.571231 0.000000 -0.820789 0.571231 -0.000002 -0.000004 1.000000 -0.000002 -0.000004 1.000000 -0.000002 -0.000004 1.000000 0.000000 0.820789 0.571231 0.000000 0.820789 0.571231 0.000000 0.820789 0.571231 0.000002 -0.000004 1.000000 0.000002 -0.000004 1.000000 0.000002 -0.000004 1.000000 -1.000000 -0.000002 0.000001 -1.000000 -0.000002 0.000001 -1.000000 -0.000002 0.000001 -0.571231 0.820789 0.000000 -0.571231 0.820789 0.000000 -0.571231 0.820789 0.000000 -1.000000 -0.000002 -0.000001 -1.000000 -0.000002 -0.000001 -1.000000 -0.000002 -0.000001 -0.571231 -0.820789 0.000000 -0.571231 -0.820789 0.000000 -0.571231 -0.820789 0.000000 0.000000 -0.820789 0.571231 0.000000 -0.820789 0.571231 0.000000 -0.820789 0.571231 -0.000000 0.000001 1.000000 -0.000000 0.000001 1.000000 -0.000000 0.000001 1.000000 0.000000 0.820789 0.571231 0.000000 0.820789 0.571231 0.000000 0.820789 0.571231 0.000000 0.000001 1.000000 0.000000 0.000001 1.000000 0.000000 0.000001 1.000000 0.000000 -0.820789 0.571231 0.000000 -0.820789 0.571231 0.000000 -0.820789 0.571231 0.000001 -0.000002 1.000000 0.000001 -0.000002 1.000000 0.000001 -0.000002 1.000000 0.000000 0.820789 0.571231 0.000000 0.820789 0.571231 
						0.000000 0.820789 0.571231 -0.000001 -0.000002 1.000000 -0.000001 -0.000002 1.000000 -0.000001 -0.000002 1.000000 -1.000000 -0.000003 0.000002 -1.000000 -0.000003 0.000002 -1.000000 -0.000003 0.000002 -0.571231 -0.820789 0.000000 -0.571231 -0.820789 0.000000 -0.571231 -0.820789 0.000000 -1.000000 -0.000003 -0.000002 -1.000000 -0.000003 -0.000002 -1.000000 -0.000003 -0.000002 -0.571231 0.820789 0.000000 -0.571231 0.820789 0.000000 -0.571231 0.820789 0.000000 -0.999768 -0.021549 0.000000 -0.999802 0.019882 0.000000 -0.993845 0.110777 0.000000 -0.998503 -0.054705 0.000000 -1.000000 0.000000 -0.000046 -1.000000 0.000000 0.000009 -1.000000 0.000000 0.000055 -1.000000 0.000000 0.000000 -1.000000 0.000000 0.000007 -1.000000 0.000000 0.000008 -1.000000 0.000000 0.000009 -1.000000 0.000000 0.000008 0.000000 1.000000 0.000146 0.000000 1.000000 0.000147 0.000000 1.000000 0.000147 0.000000 1.000000 0.000146 -0.000000 -1.000000 -0.000172 -0.000000 -1.000000 -0.000172 -0.000000 -1.000000 -0.000172 -0.000000 -1.000000 -0.000172 -0.999769 -0.021490 -0.000000 -0.998513 -0.054511 -0.000000 -0.993884 0.110425 0.000000 -0.999804 0.019802 0.000000 -0.753438 -0.657519 -0.000272 -0.753438 -0.657519 -0.000232 -0.753438 -0.657519 -0.000074 -0.753438 -0.657519 -0.000114 -0.753438 0.657519 0.000089 -0.753438 0.657519 0.000118 -0.753438 0.657519 0.000232 -0.753438 0.657519 0.000203 -1.000000 0.000000 0.000000 -1.000000 0.000000 0.000000 -1.000000 -0.000027 -0.000000 -1.000000 -0.000024 -0.000000 
					</float_array>
					<technique_common>
						<accessor count="628" offset="0" source="#meshId1-bitangents-array" stride="3">
							<param name="X" type="float" />
							<param name="Y" type="float" />
							<param name="Z" type="float" />
						</accessor>
					</technique_common>
				</source>
				<source id="meshId1-tex0" name="meshId1-tex0">
					<float_array id="meshId1-tex0-array" count="1256"> 
						0.967158 0.383921 0.967158 0.417811 0.963745 0.418780 0.963898 0.382984 0.963898 0.382984 0.963745 0.418780 0.946519 0.418780 0.946365 0.382984 0.946365 0.382984 0.946519 0.418780 0.943105 0.417801 0.943105 0.383931 0.943105 0.383931 0.943105 0.417801 0.925879 0.417791 0.925880 0.383940 0.963898 0.382984 0.946365 0.382984 0.946058 0.379536 0.964205 0.379536 0.931025 0.698827 0.934874 0.650037 0.941149 0.658145 0.936297 0.690403 0.623379 0.647063 0.630210 0.701936 0.623879 0.692916 0.616852 0.656375 0.625782 0.579174 0.623379 0.647063 0.616852 0.656375 0.617906 0.583753 0.659998 0.515823 0.625782 0.579174 0.617906 0.583753 0.653529 0.516821 0.720200 0.473479 0.659998 0.515823 0.653529 0.516821 0.716734 0.471802 0.793048 0.463109 0.720200 0.473479 0.716734 0.471802 0.793286 0.460721 0.861552 0.484573 0.793048 0.463109 0.793286 0.460721 0.865205 0.483471 0.911882 0.531439 0.861552 0.484573 0.865205 0.483471 0.917825 0.533004 0.936381 0.590567 0.911882 0.531439 0.917825 0.533004 0.943326 0.595099 0.934874 0.650037 0.936381 0.590567 0.943326 0.595099 0.941149 0.658145 0.866401 0.687124 0.869442 0.658615 0.896044 0.648154 0.892086 0.708856 
						0.685218 0.656174 0.694872 0.683259 0.671382 0.709572 0.662259 0.644945 0.684439 0.603977 0.685218 0.656174 0.662259 0.644945 0.664890 0.595243 0.705127 0.563877 0.684439 0.603977 0.664890 0.595243 0.689847 0.547504 0.740620 0.536246 0.705127 0.563877 0.689847 0.547504 0.734109 0.515233 0.785599 0.529970 0.740620 0.536246 0.734109 0.515233 0.788927 0.507282 0.828962 0.541615 0.785599 0.529970 0.788927 0.507282 0.840879 0.522963 0.861791 0.573812 0.828962 0.541615 0.840879 0.522963 0.879483 0.559335 0.875874 0.609141 0.861791 0.573812 0.879483 0.559335 0.897765 0.603322 0.869442 0.658615 0.875874 0.609141 0.897765 0.603322 0.896044 0.648154 0.892086 0.708856 0.896044 0.648154 0.906119 0.647799 0.902482 0.709410 0.662259 0.644945 0.671382 0.709572 0.660804 0.711032 0.652373 0.644456 0.664890 0.595243 0.655439 0.592256 0.689847 0.547504 0.682429 0.540981 0.734109 0.515233 0.730446 0.506070 0.788927 0.507282 0.789713 0.497323 0.840879 0.522963 0.845804 0.514460 0.879483 0.559335 0.887209 0.553139 0.897765 0.603322 0.907229 0.600870 0.844533 0.704955 0.844508 0.822170 0.839217 0.822130 0.839066 0.704895 0.839066 0.704895 0.839217 0.822130 
						0.817692 0.821469 0.818302 0.714077 0.818302 0.714077 0.817692 0.821469 0.812143 0.821435 0.813246 0.714085 0.813246 0.714085 0.812143 0.821435 0.790024 0.821740 0.792699 0.704582 0.731582 0.570986 0.733653 0.689910 0.728117 0.689949 0.726215 0.571027 0.781518 0.570551 0.780981 0.689378 0.759754 0.680250 0.759068 0.571339 0.759068 0.571339 0.759754 0.680250 0.754610 0.680339 0.753439 0.571389 0.753439 0.571389 0.754610 0.680339 0.733653 0.689910 0.731582 0.570986 0.859992 0.923208 0.909384 0.863085 0.913832 0.866112 0.862265 0.929645 0.801394 0.946568 0.859992 0.923208 0.862265 0.929645 0.802229 0.954128 0.738657 0.932513 0.801394 0.946568 0.802229 0.954128 0.737712 0.939557 0.677492 0.877836 0.738657 0.932513 0.737712 0.939557 0.673513 0.881848 0.638821 0.792552 0.677492 0.877836 0.673513 0.881848 0.632373 0.791134 0.630210 0.701936 0.638821 0.792552 0.632373 0.791134 0.623879 0.692916 0.933025 0.780335 0.931025 0.698827 0.936297 0.690403 0.938879 0.778206 0.909384 0.863085 0.933025 0.780335 0.938879 0.778206 0.913832 0.866112 0.823877 0.865563 0.857248 0.830125 0.879861 0.833643 0.843381 0.880650 0.794650 0.869079 0.823877 0.865563 
						0.843381 0.880650 0.796680 0.899501 0.764457 0.867603 0.794650 0.869079 0.796680 0.899501 0.747294 0.885717 0.725248 0.834326 0.764457 0.867603 0.747294 0.885717 0.702653 0.841481 0.699461 0.769096 0.725248 0.834326 0.702653 0.841481 0.677583 0.777010 0.694872 0.683259 0.699461 0.769096 0.677583 0.777010 0.671382 0.709572 0.873195 0.766894 0.866401 0.687124 0.892086 0.708856 0.894780 0.771268 0.857248 0.830125 0.873195 0.766894 0.894780 0.771268 0.879861 0.833643 0.843381 0.880650 0.879861 0.833643 0.887774 0.838628 0.848465 0.888088 0.796680 0.899501 0.797474 0.908160 0.747294 0.885717 0.743434 0.894203 0.702653 0.841481 0.695368 0.848060 0.677583 0.777010 0.667561 0.780400 0.894780 0.771268 0.904560 0.773105 0.813459 0.695535 0.813640 0.585638 0.819205 0.585665 0.818592 0.695593 0.818592 0.695593 0.819205 0.585665 0.841007 0.586034 0.839066 0.704895 0.839066 0.704895 0.841007 0.586034 0.846480 0.586084 0.844533 0.704955 0.792699 0.704582 0.791236 0.585875 0.813640 0.585638 0.813459 0.695535 0.755934 0.809985 0.754823 0.699183 0.759982 0.699167 0.761561 0.809930 0.761561 0.809930 0.759982 0.699167 0.780981 0.689378 0.784206 0.809583 
						0.728366 0.810262 0.728117 0.689949 0.733653 0.689910 0.733899 0.810205 0.733899 0.810205 0.733653 0.689910 0.754823 0.699183 0.755934 0.809985 0.818302 0.714077 0.813246 0.714085 0.813459 0.695535 0.818592 0.695593 0.754610 0.680339 0.759754 0.680250 0.759982 0.699167 0.754823 0.699183 0.754610 0.680339 0.754823 0.699183 0.733653 0.689910 0.759982 0.699167 0.759754 0.680250 0.780981 0.689378 0.813459 0.695535 0.813246 0.714085 0.792699 0.704582 0.818302 0.714077 0.818592 0.695593 0.839066 0.704895 0.906119 0.647799 0.907229 0.600870 0.922569 0.598040 0.920464 0.653306 0.907229 0.600870 0.887209 0.553139 0.900594 0.543937 0.922569 0.598040 0.887209 0.553139 0.845804 0.514460 0.854407 0.500481 0.900594 0.543937 0.845804 0.514460 0.789713 0.497323 0.791316 0.480687 0.854407 0.500481 0.789713 0.497323 0.730446 0.506070 0.724365 0.490732 0.791316 0.480687 0.730446 0.506070 0.682429 0.540981 0.669855 0.530202 0.724365 0.490732 0.682429 0.540981 0.655439 0.592256 0.639562 0.588245 0.669855 0.530202 0.655439 0.592256 0.652373 0.644456 0.638157 0.650738 0.639562 0.588245 0.652373 0.644456 0.660804 0.711032 0.645455 0.700373 0.638157 0.650738 
						0.660804 0.711032 0.667561 0.780400 0.652615 0.785071 0.645455 0.700373 0.667561 0.780400 0.695368 0.848060 0.686940 0.864551 0.652615 0.785071 0.695368 0.848060 0.743434 0.894203 0.742468 0.916268 0.686940 0.864551 0.743434 0.894203 0.797474 0.908160 0.799677 0.930607 0.742468 0.916268 0.797474 0.908160 0.848465 0.888088 0.853206 0.908613 0.799677 0.930607 0.848465 0.888088 0.887774 0.838628 0.898263 0.852461 0.853206 0.908613 0.887774 0.838628 0.904560 0.773105 0.919133 0.775401 0.898263 0.852461 0.904560 0.773105 0.902482 0.709410 0.916364 0.698533 0.919133 0.775401 0.902482 0.709410 0.906119 0.647799 0.920464 0.653306 0.916364 0.698533 0.916364 0.698533 0.920464 0.653306 0.934874 0.650037 0.931025 0.698827 0.961129 0.691829 0.936297 0.690403 0.941149 0.658145 0.965074 0.660687 0.638157 0.650738 0.645455 0.700373 0.630210 0.701936 0.623379 0.647063 0.590453 0.659644 0.616852 0.656375 0.623879 0.692916 0.597635 0.697435 0.639562 0.588245 0.625782 0.579174 0.591512 0.578006 0.617906 0.583753 0.669855 0.530202 0.659998 0.515823 0.632143 0.498832 0.653529 0.516821 0.724365 0.490732 0.720200 0.473479 0.706586 0.445572 0.716734 0.471802 
						0.791316 0.480687 0.793048 0.463109 0.796607 0.432929 0.793286 0.460721 0.854407 0.500481 0.861552 0.484573 0.880500 0.460665 0.865205 0.483471 0.900594 0.543937 0.911882 0.531439 0.940736 0.519566 0.917825 0.533004 0.922569 0.598040 0.936381 0.590567 0.968046 0.592239 0.943326 0.595099 0.853206 0.908613 0.898263 0.852461 0.909384 0.863085 0.859992 0.923208 0.878405 0.949684 0.862265 0.929645 0.913832 0.866112 0.936298 0.876854 0.799677 0.930607 0.801394 0.946568 0.804797 0.979806 0.802229 0.954128 0.742468 0.916268 0.738657 0.932513 0.725952 0.962745 0.737712 0.939557 0.686940 0.864551 0.677492 0.877836 0.652833 0.897414 0.673513 0.881848 0.652615 0.785071 0.638821 0.792552 0.608231 0.798269 0.632373 0.791134 0.919133 0.775401 0.933025 0.780335 0.962696 0.781481 0.938879 0.778206 0.890187 0.413719 0.890187 0.392904 0.900066 0.403311 0.909946 0.392904 0.900066 0.403311 0.890187 0.392904 0.909946 0.413719 0.900066 0.403311 0.909946 0.392904 0.890187 0.413719 0.900066 0.403311 0.909946 0.413719 0.937003 0.319707 0.973062 0.318934 0.974275 0.322768 0.937071 0.323433 0.901370 0.319624 0.901347 0.323319 0.865740 0.319683 0.865716 0.323375 
						0.830131 0.319860 0.830102 0.323550 0.794578 0.320082 0.794441 0.323758 0.759370 0.318990 0.758160 0.322714 0.937071 0.323433 0.974275 0.322768 0.973880 0.342721 0.937334 0.341780 0.901347 0.323319 0.901516 0.341823 0.865716 0.323375 0.865893 0.341908 0.830102 0.323550 0.830300 0.342024 0.794441 0.323758 0.794597 0.342049 0.758160 0.322714 0.757650 0.342581 0.937334 0.341780 0.973880 0.342721 0.972715 0.346459 0.937205 0.345458 0.901516 0.341823 0.901472 0.345503 0.865893 0.341908 0.865862 0.345587 0.830300 0.342024 0.830275 0.345702 0.794597 0.342049 0.794636 0.345761 0.757650 0.342581 0.758831 0.346428 0.937205 0.345458 0.972715 0.346459 0.971977 0.365455 0.936719 0.364384 0.901472 0.345503 0.901376 0.364259 0.865862 0.345587 0.865858 0.364342 0.830275 0.345702 0.830333 0.364467 0.794636 0.345761 0.794872 0.364633 0.758831 0.346428 0.759450 0.365293 0.771629 0.404619 0.791388 0.404619 0.781509 0.415026 0.791388 0.425434 0.781509 0.415026 0.791388 0.404619 0.771629 0.425434 0.781509 0.415026 0.791388 0.425434 0.771629 0.404619 0.781509 0.415026 0.771629 0.425434 0.771629 0.398662 0.771629 0.377847 0.781509 0.388255 0.791388 0.377847 
						0.781509 0.388255 0.771629 0.377847 0.791388 0.398662 0.781509 0.388255 0.791388 0.377847 0.771629 0.398662 0.781509 0.388255 0.791388 0.398662 0.827245 0.377939 0.847004 0.377939 0.837125 0.388347 0.847004 0.398754 0.837125 0.388347 0.847004 0.377939 0.827245 0.398754 0.837125 0.388347 0.847004 0.398754 0.827245 0.377939 0.837125 0.388347 0.827245 0.398754 0.856024 0.377950 0.875783 0.377950 0.865904 0.388358 0.875783 0.398765 0.865904 0.388358 0.875783 0.377950 0.856024 0.398765 0.865904 0.388358 0.875783 0.398765 0.856024 0.377950 0.865904 0.388358 0.856024 0.398765 0.856349 0.406382 0.866228 0.416790 0.856349 0.427197 0.876107 0.427197 0.856349 0.427197 0.866228 0.416790 0.876107 0.406382 0.876107 0.427197 0.866228 0.416790 0.856349 0.406382 0.876107 0.406382 0.866228 0.416790 0.819247 0.377865 0.809368 0.388273 0.799488 0.377865 0.799488 0.398681 0.799488 0.377865 0.809368 0.388273 0.819247 0.398681 0.799488 0.398681 0.809368 0.388273 0.819247 0.377865 0.819247 0.398681 0.809368 0.388273 0.847329 0.404711 0.837449 0.415119 0.827570 0.404711 0.827570 0.425526 0.827570 0.404711 0.837449 0.415119 0.847329 0.425526 0.827570 0.425526 
						0.837449 0.415119 0.847329 0.404711 0.847329 0.425526 0.837449 0.415119 0.799488 0.425453 0.799488 0.404637 0.809368 0.415045 0.819247 0.404637 0.809368 0.415045 0.799488 0.404637 0.819247 0.425453 0.809368 0.415045 0.819247 0.404637 0.799488 0.425453 0.809368 0.415045 0.819247 0.425453 0.933854 0.470476 0.933854 0.442901 0.937974 0.448174 0.937974 0.465203 0.958017 0.465204 0.937974 0.465203 0.937974 0.448174 0.958017 0.448173 0.908646 0.470476 0.908647 0.442901 0.927672 0.442901 0.927672 0.470476 0.937972 0.438022 0.958016 0.438019 0.958017 0.444201 0.937973 0.444203 0.958016 0.475358 0.937972 0.475354 0.937973 0.469173 0.958017 0.469176 0.962137 0.470476 0.958017 0.465204 0.958017 0.448173 0.962138 0.442901 0.937973 0.469173 0.937974 0.465203 0.958017 0.465204 0.958017 0.469176 0.937974 0.448174 0.937973 0.444203 0.958017 0.444201 0.958017 0.448173 0.927672 0.470476 0.927672 0.442901 0.968319 0.442901 0.968319 0.470476 
					</float_array>
					<technique_common>
						<accessor count="628" offset="0" source="#meshId1-tex0-array" stride="2">
							<param name="S" type="float" />
							<param name="T" type="float" />
						</accessor>
					</technique_common>
				</source>
				<vertices id="meshId1-vertices">
					<input semantic="POSITION" source="#meshId1-positions" />
				</vertices>
				<polylist count="370" material="defaultMaterial">
					<input offset="0" semantic="VERTEX" source="#meshId1-vertices" />
					<input offset="0" semantic="NORMAL" source="#meshId1-normals" />
					<input offset="0" semantic="TANGENT" source="#meshId1-tangents" />
					<input offset="0" semantic="BINORMAL" source="#meshId1-bitangents" />
					<input offset="0" semantic="TEXCOORD" source="#meshId1-tex0" set="0" />
					<vcount>
						3 3 3 3 3 3 3 3 3 3 3 3 3 3 3 3 3 3 3 3 3 3 3 3 3 3 3 3 3 3 3 3 3 3 3 3 3 3 3 3 3 3 3 3 3 3 3 3 3 3 3 3 3 3 3 3 3 3 3 3 3 3 3 3 
						3 3 3 3 3 3 3 3 3 3 3 3 3 3 3 3 3 3 3 3 3 3 3 3 3 3 3 3 3 3 3 3 3 3 3 3 3 3 3 3 3 3 3 3 3 3 3 3 3 3 3 3 3 3 3 3 3 3 3 3 3 3 3 3 
						3 3 3 3 3 3 3 3 3 3 3 3 3 3 3 3 3 3 3 3 3 3 3 3 3 3 3 3 3 3 3 3 3 3 3 3 3 3 3 3 3 3 3 3 3 3 3 3 3 3 3 3 3 3 3 3 3 3 3 3 3 3 3 3 
						3 3 3 3 3 3 3 3 3 3 3 3 3 3 3 3 3 3 3 3 3 3 3 3 3 3 3 3 3 3 3 3 3 3 3 3 3 3 3 3 3 3 3 3 3 3 3 3 3 3 3 3 3 3 3 3 3 3 3 3 3 3 3 3 
						3 3 3 3 3 3 3 3 3 3 3 3 3 3 3 3 3 3 3 3 3 3 3 3 3 3 3 3 3 3 3 3 3 3 3 3 3 3 3 3 3 3 3 3 3 3 3 3 3 3 3 3 3 3 3 3 3 3 3 3 3 3 3 3 
						3 3 3 3 3 3 3 3 3 3 3 3 3 3 3 3 3 3 3 3 3 3 3 3 3 3 3 3 3 3 3 3 3 3 3 3 3 3 3 3 3 3 3 3 3 3 3 3 3 3 
					</vcount>
					<p>
						3 0 1 1 2 3 7 4 5 5 6 7 11 8 9 9 10 11 15 12 13 13 14 15 19 16 17 17 18 19 23 20 21 21 22 23 27 24 25 25 26 27 31 28 29 29 30 31 35 32 33 33 34 35 39 36 37 37 38 39 43 40 41 41 42 43 47 44 45 45 46 47 51 48 49 49 50 51 55 52 53 53 54 55 59 56 57 57 58 59 63 60 61 61 62 63 67 64 65 65 66 67 71 68 69 69 70 71 75 72 73 73 74 75 79 76 77 77 78 79 83 80 81 81 82 83 87 84 85 85 86 87 91 88 89 89 90 91 95 92 93 93 94 95 99 96 97 97 98 99 103 100 101 101 102 103 107 104 105 105 106 107 109 108 104 104 107 109 111 110 108 108 109 111 113 112 110 110 111 113 115 114 112 112 113 115 117 116 114 114 115 117 
						119 118 116 116 117 119 121 120 118 118 119 121 102 101 120 120 121 102 125 122 123 123 124 125 129 126 127 127 128 129 133 130 131 131 132 133 137 134 135 135 136 137 141 138 139 139 140 141 145 142 143 143 144 145 149 146 147 147 148 149 153 150 151 151 152 153 157 154 155 155 156 157 161 158 159 159 160 161 165 162 163 163 164 165 169 166 167 167 168 169 173 170 171 171 172 173 177 174 175 175 176 177 181 178 179 179 180 181 185 182 183 183 184 185 189 186 187 187 188 189 193 190 191 191 192 193 197 194 195 195 196 197 201 198 199 199 200 201 205 202 203 203 204 205 209 206 207 207 208 209 213 210 211 211 212 213 217 214 215 215 216 217 221 218 219 219 220 221 223 222 218 218 221 223 225 224 222 222 223 225 227 226 224 224 225 227 229 228 226 226 227 229 
						106 105 228 228 229 106 231 230 100 100 103 231 220 219 230 230 231 220 235 232 233 233 234 235 239 236 237 237 238 239 243 240 241 241 242 243 247 244 245 245 246 247 251 248 249 249 250 251 255 252 253 253 254 255 259 256 257 257 258 259 263 260 261 261 262 263 267 264 265 265 266 267 271 268 269 269 270 271 272 273 274 275 276 277 278 279 280 281 282 283 287 284 285 285 286 287 291 288 289 289 290 291 295 292 293 293 294 295 299 296 297 297 298 299 303 300 301 301 302 303 307 304 305 305 306 307 311 308 309 309 310 311 315 312 313 313 314 315 319 316 317 317 318 319 323 320 321 321 322 323 327 324 325 325 326 327 331 328 329 329 330 331 335 332 333 333 334 335 339 336 337 337 338 339 343 340 341 341 342 343 347 344 345 345 346 347 351 348 349 349 350 351 
						355 352 353 353 354 355 359 356 357 357 358 359 363 360 361 361 362 363 367 364 365 365 366 367 371 368 369 369 370 371 373 372 364 364 367 373 368 374 375 375 369 368 377 376 372 372 373 377 374 378 379 379 375 374 381 380 376 376 377 381 378 382 383 383 379 378 385 384 380 380 381 385 382 386 387 387 383 382 389 388 384 384 385 389 386 390 391 391 387 386 393 392 388 388 389 393 390 394 395 395 391 390 397 396 392 392 393 397 394 398 399 399 395 394 358 357 396 396 397 358 398 363 362 362 399 398 403 400 401 401 402 403 407 404 405 405 406 407 409 408 400 400 403 409 404 410 411 411 405 404 413 412 408 408 409 413 410 414 415 415 411 410 417 416 412 412 413 417 414 418 419 419 415 414 421 420 416 416 417 421 418 422 423 423 419 418 366 365 420 420 421 366 
						422 371 370 370 423 422 425 424 356 356 359 425 360 426 427 427 361 360 402 401 424 424 425 402 426 407 406 406 427 426 428 429 430 431 432 433 434 435 436 437 438 439 443 440 441 441 442 443 445 444 440 440 443 445 447 446 444 444 445 447 449 448 446 446 447 449 451 450 448 448 449 451 453 452 450 450 451 453 457 454 455 455 456 457 459 458 454 454 457 459 461 460 458 458 459 461 463 462 460 460 461 463 465 464 462 462 463 465 467 466 464 464 465 467 471 468 469 469 470 471 473 472 468 468 471 473 475 474 472 472 473 475 477 476 474 474 475 477 479 478 476 476 477 479 481 480 478 478 479 481 485 482 483 483 484 485 487 486 482 482 485 487 489 488 486 486 487 489 491 490 488 488 489 491 493 492 490 490 491 493 495 494 492 492 493 495 496 497 498 499 500 501 
						502 503 504 505 506 507 508 509 510 511 512 513 514 515 516 517 518 519 520 521 522 523 524 525 526 527 528 529 530 531 532 533 534 535 536 537 538 539 540 541 542 543 544 545 546 547 548 549 550 551 552 553 554 555 556 557 558 559 560 561 562 563 564 565 566 567 568 569 570 571 572 573 574 575 576 577 578 579 580 581 582 583 584 585 586 587 588 589 590 591 595 592 593 593 594 595 599 596 597 597 598 599 603 600 601 601 602 603 607 604 605 605 606 607 611 608 609 609 610 611 615 612 613 613 614 615 619 616 617 617 618 619 623 620 621 621 622 623 592 624 625 625 593 592 627 612 615 615 626 627 
					</p>
				</polylist>
			</mesh>
		</geometry>
		<geometry id="meshId2" name="meshId2_name" >
			<mesh>
				<source id="meshId2-positions" name="meshId2-positions">
					<float_array id="meshId2-positions-array" count="3243"> 
						11.080139 24.527344 -110.838379 11.080139 30.072510 -112.961906 11.080139 105.351318 83.612930 11.080139 99.806274 85.736450 8.111206 34.874756 -114.800934 8.111206 110.153564 81.773895 2.968933 37.647217 -115.862679 2.968933 112.926025 80.712143 -2.968872 37.647217 -115.862679 -2.968872 112.926025 80.712143 -8.111206 34.874756 -114.800934 -8.111206 110.153564 81.773895 -11.080109 30.072510 -112.961906 -11.080109 105.351318 83.612930 -11.080109 24.527344 -110.838379 -11.080109 99.806274 85.736450 -8.111206 19.725098 -108.999352 -8.111206 95.003906 87.575485 -2.968872 16.952637 -107.937607 -2.968872 92.231445 88.637238 -2.968872 16.952637 -107.937607 2.968933 16.952637 -107.937607 2.968933 92.231445 88.637238 -2.968872 92.231445 88.637238 8.111206 19.725098 -108.999352 8.111206 95.003906 87.575485 0.000000 25.409180 -116.837761 0.000000 25.409180 -116.837761 0.000000 25.409180 -116.837761 0.000000 25.409180 -116.837761 0.000000 25.409180 -116.837761 0.000000 25.409180 -116.837761 0.000000 25.409180 -116.837761 0.000000 25.409180 -116.837761 0.000000 25.409180 -116.837761 0.000000 25.409180 -116.837761 0.000000 25.409180 -116.837761 0.000000 25.409180 -116.837761 11.080139 124.672607 150.669739 11.080139 130.217651 148.546234 0.000000 128.466431 152.274689 11.080139 130.217651 148.546234 8.111206 135.019897 146.707184 0.000000 128.466431 152.274689 8.111206 135.019897 146.707184 2.968933 137.792358 145.645447 0.000000 128.466431 152.274689 2.968933 137.792358 145.645447 -2.968872 137.792358 145.645447 0.000000 128.466431 152.274689 -2.968872 137.792358 145.645447 -8.111206 135.019897 146.707184 0.000000 128.466431 152.274689 -8.111206 135.019897 146.707184 -11.080109 130.217651 148.546234 0.000000 128.466431 152.274689 -11.080109 130.217651 148.546234 -11.080109 124.672607 150.669739 0.000000 128.466431 152.274689 -11.080109 124.672607 150.669739 -8.111206 119.870361 152.508759 0.000000 128.466431 152.274689 -8.111206 119.870361 152.508759 -2.968872 117.097778 153.570526 
						0.000000 128.466431 152.274689 -2.968872 117.097778 153.570526 2.968933 117.097778 153.570526 0.000000 128.466431 152.274689 2.968933 117.097778 153.570526 8.111206 119.870361 152.508759 0.000000 128.466431 152.274689 8.111206 119.870361 152.508759 11.080139 124.672607 150.669739 0.000000 128.466431 152.274689 14.429138 99.682495 87.922592 14.429138 106.903564 85.157227 15.399963 126.846436 136.506256 15.399963 119.139404 139.457672 10.562866 113.157349 82.762375 11.273560 133.520874 133.950256 3.866272 116.767944 81.379715 4.126404 137.374390 132.474548 -3.866211 116.767944 81.379715 -4.126404 137.374390 132.474548 -10.562836 113.157349 82.762375 -11.273499 133.520874 133.950256 -14.429077 106.903564 85.157227 -15.399902 126.846436 136.506256 -14.429077 99.682495 87.922592 -15.399902 119.139404 139.457672 -10.562836 93.428711 90.317474 -11.273499 112.464966 142.013672 -3.866211 89.818359 91.700150 -4.126404 108.611450 143.489380 -3.866211 89.818359 91.700150 3.866272 89.818359 91.700150 4.126404 108.611450 143.489380 -4.126404 108.611450 143.489380 10.562866 93.428711 90.317474 11.273560 112.464966 142.013672 11.080139 99.806274 85.736450 11.080139 105.351318 83.612930 14.429138 106.903564 85.157227 14.429138 99.682495 87.922592 11.080139 130.217651 148.546234 11.080139 124.672607 150.669739 15.399963 119.139404 139.457672 15.399963 126.846436 136.506256 8.111206 110.153564 81.773895 10.562866 113.157349 82.762375 8.111206 135.019897 146.707184 11.273560 133.520874 133.950256 2.968933 112.926025 80.712143 3.866272 116.767944 81.379715 2.968933 137.792358 145.645447 4.126404 137.374390 132.474548 -2.968872 112.926025 80.712143 -3.866211 116.767944 81.379715 -2.968872 137.792358 145.645447 -4.126404 137.374390 132.474548 -8.111206 110.153564 81.773895 -10.562836 113.157349 82.762375 -8.111206 135.019897 146.707184 -11.273499 133.520874 133.950256 -11.080109 105.351318 83.612930 -14.429077 106.903564 85.157227 -11.080109 130.217651 148.546234 -15.399902 126.846436 136.506256 
						-11.080109 99.806274 85.736450 -14.429077 99.682495 87.922592 -11.080109 124.672607 150.669739 -15.399902 119.139404 139.457672 -8.111206 95.003906 87.575485 -10.562836 93.428711 90.317474 -8.111206 119.870361 152.508759 -11.273499 112.464966 142.013672 -2.968872 92.231445 88.637238 -3.866211 89.818359 91.700150 -2.968872 117.097778 153.570526 -4.126404 108.611450 143.489380 -2.968872 92.231445 88.637238 2.968933 92.231445 88.637238 3.866272 89.818359 91.700150 -3.866211 89.818359 91.700150 2.968933 117.097778 153.570526 -2.968872 117.097778 153.570526 -4.126404 108.611450 143.489380 4.126404 108.611450 143.489380 8.111206 95.003906 87.575485 10.562866 93.428711 90.317474 8.111206 119.870361 152.508759 11.273560 112.464966 142.013672 83.015198 168.385010 53.351730 96.986877 174.860962 31.194870 102.227600 179.755127 29.320633 89.331726 177.822388 60.333527 61.339294 153.921509 76.194061 70.496399 169.123657 90.286148 36.592712 135.253540 96.643723 42.034546 149.143066 117.696838 13.319336 115.648804 110.527496 16.343323 128.662231 136.053650 -2.960022 100.446167 116.349426 -5.984009 107.811646 144.038513 -26.233398 76.582520 119.111954 -31.675293 80.308105 144.057404 -50.980011 49.030518 116.362350 -60.137085 47.129639 137.004059 -72.655914 23.009033 109.023773 -78.972382 20.649170 120.523422 -86.627533 3.389893 96.860138 -91.868347 -1.504150 98.734375 89.331726 177.822388 60.333527 102.227600 179.755127 29.320633 91.868347 189.429199 25.615875 78.972412 187.496582 56.628784 70.496399 169.123657 90.286148 60.137146 178.797729 86.581390 42.034546 149.143066 117.696838 31.675354 158.817383 113.992096 16.343323 128.662231 136.053650 5.984070 138.336426 132.348907 -5.984009 107.811646 144.038513 -16.343292 117.485718 140.333771 -31.675293 80.308105 144.057404 -42.034546 89.982422 140.352661 -60.137085 47.129639 137.004059 -70.496338 56.803711 133.299316 -78.972382 20.649170 120.523422 -89.331604 30.323242 116.818665 -91.868347 -1.504150 98.734375 -102.227600 8.169922 95.029617 
						78.972412 187.496582 56.628784 91.868347 189.429199 25.615875 86.627563 184.535156 27.490128 72.656006 178.059082 49.646973 60.137146 178.797729 86.581390 50.980042 163.595581 72.489304 31.675354 158.817383 113.992096 26.233459 144.927734 92.938980 5.984070 138.336426 132.348907 2.960083 125.322998 106.822754 -16.343292 117.485718 140.333771 -13.319305 110.120361 112.644669 -42.034546 89.982422 140.352661 -36.592651 86.256592 115.407211 -70.496338 56.803711 133.299316 -61.339264 58.704590 112.657608 -89.331604 30.323242 116.818665 -83.015167 32.683350 105.319000 -102.227600 8.169922 95.029617 -96.986816 13.063965 93.155380 72.656006 178.059082 49.646973 86.627563 184.535156 27.490128 96.986877 174.860962 31.194870 83.015198 168.385010 53.351730 50.980042 163.595581 72.489304 61.339294 153.921509 76.194061 26.233459 144.927734 92.938980 36.592712 135.253540 96.643723 2.960083 125.322998 106.822754 13.319336 115.648804 110.527496 -13.319305 110.120361 112.644669 -2.960022 100.446167 116.349426 -36.592651 86.256592 115.407211 -26.233398 76.582520 119.111954 -61.339264 58.704590 112.657608 -50.980011 49.030518 116.362350 -83.015167 32.683350 105.319000 -72.655914 23.009033 109.023773 -96.986816 13.063965 93.155380 -86.627533 3.389893 96.860138 102.227600 179.755127 29.320633 96.986877 174.860962 31.194870 86.627563 184.535156 27.490128 91.868347 189.429199 25.615875 -91.868347 -1.504150 98.734375 -102.227600 8.169922 95.029617 -96.986816 13.063965 93.155380 -86.627533 3.389893 96.860138 -72.655914 178.059082 49.646988 -86.627533 184.535156 27.490128 -91.868317 189.429199 25.615891 -78.972382 187.496582 56.628784 -50.980011 163.595581 72.489304 -60.137085 178.797729 86.581406 -26.233398 144.927734 92.938980 -31.675293 158.817383 113.992096 -2.960022 125.322998 106.822769 -5.984009 138.336426 132.348907 13.319336 110.120361 112.644669 16.343323 117.485718 140.333771 36.592651 86.256592 115.407227 42.034546 89.982422 140.352661 61.339294 58.704590 112.657608 70.496399 56.803711 133.299316 
						83.015198 32.683350 105.319016 89.331726 30.323242 116.818665 96.986877 13.063965 93.155380 102.227661 8.169922 95.029617 -78.972382 187.496582 56.628784 -91.868317 189.429199 25.615891 -102.227600 179.755127 29.320633 -89.331635 177.822388 60.333527 -60.137085 178.797729 86.581406 -70.496368 169.123657 90.286133 -31.675293 158.817383 113.992096 -42.034546 149.143066 117.696838 -5.984009 138.336426 132.348907 -16.343323 128.662231 136.053650 16.343323 117.485718 140.333771 5.984070 107.811646 144.038513 42.034546 89.982422 140.352661 31.675293 80.308105 144.057404 70.496399 56.803711 133.299316 60.137146 47.129639 137.004059 89.331726 30.323242 116.818665 78.972351 20.649170 120.523407 102.227661 8.169922 95.029617 91.868347 -1.504150 98.734375 -89.331635 177.822388 60.333527 -102.227600 179.755127 29.320633 -96.986816 174.860962 31.194870 -83.015167 168.385010 53.351730 -70.496368 169.123657 90.286133 -61.339264 153.921509 76.194061 -42.034546 149.143066 117.696838 -36.592651 135.253540 96.643723 -16.343323 128.662231 136.053650 -13.319305 115.648804 110.527496 5.984070 107.811646 144.038513 2.960083 100.446167 116.349411 31.675293 80.308105 144.057404 26.233459 76.582520 119.111954 60.137146 47.129639 137.004059 50.980042 49.030518 116.362350 78.972351 20.649170 120.523407 72.655945 23.009033 109.023758 91.868347 -1.504150 98.734375 86.627563 3.389893 96.860138 -83.015167 168.385010 53.351730 -96.986816 174.860962 31.194870 -86.627533 184.535156 27.490128 -72.655914 178.059082 49.646988 -61.339264 153.921509 76.194061 -50.980011 163.595581 72.489304 -36.592651 135.253540 96.643723 -26.233398 144.927734 92.938980 -13.319305 115.648804 110.527496 -2.960022 125.322998 106.822769 2.960083 100.446167 116.349411 13.319336 110.120361 112.644669 26.233459 76.582520 119.111954 36.592651 86.256592 115.407227 50.980042 49.030518 116.362350 61.339294 58.704590 112.657608 72.655945 23.009033 109.023758 83.015198 32.683350 105.319016 86.627563 3.389893 96.860138 96.986877 13.063965 93.155380 
						-91.868317 189.429199 25.615891 -86.627533 184.535156 27.490128 -96.986816 174.860962 31.194870 -102.227600 179.755127 29.320633 102.227661 8.169922 95.029617 91.868347 -1.504150 98.734375 86.627563 3.389893 96.860138 96.986877 13.063965 93.155380 4.024841 14.053467 -135.236221 6.971252 12.791992 -130.291306 10.277100 14.534668 -131.502975 7.067566 15.908691 -136.889603 0.000000 17.266846 -138.099899 2.683228 19.408936 -140.009064 -4.024841 21.570801 -138.115005 0.000000 17.266846 -138.099899 2.683228 19.408936 -140.009064 -1.701050 24.097412 -140.025497 -6.971191 25.812500 -135.277481 -4.910583 28.717773 -136.934494 -8.049622 28.855225 -130.347610 -6.085388 32.032471 -131.564316 -6.971191 29.883789 -124.646393 -4.910583 33.152588 -125.353897 -4.024841 28.622314 -119.701462 -1.701050 31.778564 -119.967293 0.000000 25.409180 -116.837776 2.683228 28.278564 -116.847832 4.024841 21.104980 -116.822670 7.067566 23.590088 -116.831406 6.971252 16.863281 -119.660217 10.277100 18.969482 -119.922379 8.049683 13.820557 -124.590088 11.451843 15.654785 -125.292549 13.942444 14.283691 -132.894150 10.013916 15.965576 -139.487411 4.647461 20.249756 -143.305679 4.647461 20.249756 -143.305679 -0.718933 25.988525 -143.325790 -4.647461 31.644287 -139.542419 -6.085388 35.701172 -132.969254 -4.647461 37.072266 -125.367645 -0.718933 35.390625 -118.774384 4.647461 31.106445 -114.956146 10.013916 25.367432 -114.936020 13.942444 19.711914 -118.719398 15.380371 15.654785 -125.292549 16.985107 12.106445 -134.092117 12.074524 14.208740 -142.333710 5.366455 19.564209 -147.106491 5.366455 19.564209 -147.106491 -1.341614 26.737549 -147.131638 -6.252258 33.807129 -142.402390 -8.049622 38.878174 -134.185989 -6.252258 40.592529 -124.683945 -1.341614 38.490234 -116.442360 5.366455 33.134766 -111.669571 12.074524 25.961182 -111.644409 16.985107 18.891846 -116.373657 18.782593 13.820557 -124.590088 18.589966 8.586426 -134.775803 12.697205 11.109131 -144.665695 4.647461 17.535645 -150.393051 4.647461 17.535645 -150.393051 
						-3.402161 26.143799 -150.423233 -9.294952 34.627197 -144.748154 -11.451843 40.712646 -134.888443 -9.294952 42.769531 -123.486023 -3.402161 40.246826 -113.596115 4.647461 33.820313 -107.868759 12.697205 25.212158 -107.838577 18.589966 16.729004 -113.513664 20.746826 10.643311 -123.373375 18.326782 4.666748 -134.762039 11.715027 7.497314 -145.858597 2.683228 14.707764 -152.284744 2.683228 14.707764 -152.284744 -6.348572 24.366211 -152.318588 -12.960297 33.884766 -145.951126 -15.380341 40.712646 -134.888443 -12.960297 43.020508 -122.094810 -6.348572 40.189941 -110.998276 2.683228 32.979492 -104.572144 11.715027 23.321045 -104.538261 18.326782 13.802490 -110.905746 20.746826 6.974609 -121.968445 16.266174 1.397705 -134.054550 9.391296 4.341064 -145.592758 0.000000 11.838379 -152.274673 0.000000 11.838379 -152.274673 -9.391266 21.881348 -152.309891 -16.266174 31.778564 -145.688950 -18.782532 38.878174 -134.185989 -16.266174 41.278076 -120.883125 -9.391266 38.334961 -109.344940 0.000000 30.837402 -102.663010 9.391296 20.794434 -102.627808 16.266174 10.897217 -109.248734 18.782593 3.797363 -120.751724 12.960327 -0.344727 -132.842880 6.348572 2.485840 -143.939407 -2.683228 9.696289 -150.365555 -2.683228 9.696289 -150.365555 -11.714996 19.354736 -150.399445 -18.326721 28.873047 -144.031937 -20.746796 35.701172 -132.969254 -18.326721 38.009033 -120.175636 -11.714996 35.178467 -109.079102 -2.683228 27.968018 -102.652954 6.348572 18.309570 -102.619087 12.960327 8.791260 -108.986572 15.380371 1.963135 -120.049255 9.294983 -0.093750 -131.451675 3.402222 2.428955 -141.341583 -4.647461 8.855469 -147.068924 -4.647461 8.855469 -147.068924 -12.697144 17.463623 -147.099106 -18.589874 25.947021 -141.424042 -20.746796 32.032471 -131.564316 -18.589874 34.089355 -120.161896 -12.697144 31.566650 -110.271988 -4.647461 25.140137 -104.544632 3.402222 16.531982 -104.514450 9.294983 8.048584 -110.189545 11.451843 1.963135 -120.049255 6.252258 2.083496 -130.253754 1.341614 4.185791 -138.495316 -5.366455 9.541016 -143.268143 
						-5.366455 9.541016 -143.268143 -12.074493 16.714600 -143.293289 -16.985138 23.783936 -138.564041 -18.782532 28.855225 -130.347610 -16.985138 30.569336 -120.845581 -12.074493 28.467041 -112.604004 -5.366455 23.111572 -107.831223 1.341614 15.938232 -107.806046 6.252258 8.868652 -112.535294 8.049683 3.797363 -120.751724 4.647461 5.603516 -129.570053 0.718994 7.285156 -136.163330 -4.647461 11.569580 -139.981552 -4.647461 11.569580 -139.981552 -10.013916 17.308350 -140.001663 -13.942413 22.963867 -136.218277 -15.380341 27.020752 -129.645157 -13.942413 28.392090 -122.043526 -10.013916 26.710449 -115.450272 -4.647461 22.426025 -111.632011 0.718994 16.687256 -111.611908 4.647461 11.031738 -115.395294 6.085449 6.974609 -121.968445 4.910645 9.522949 -129.583786 1.701111 10.897217 -134.970428 -2.683228 14.397217 -138.089859 -2.683228 14.397217 -138.089859 -7.067505 19.085938 -138.106323 -10.277069 23.706299 -135.015305 -11.451843 27.020752 -129.645157 -10.277069 28.141113 -123.434708 -7.067505 26.767090 -118.048111 -2.683228 23.266846 -114.928642 1.701111 18.578369 -114.912216 4.910645 13.957764 -118.003181 6.085449 10.643311 -123.373375 6.971252 12.791992 -130.291306 4.024841 14.053467 -135.236221 0.000000 17.266846 -138.099899 0.000000 17.266846 -138.099899 -4.024841 21.570801 -138.115005 -6.971191 25.812500 -135.277481 -8.049622 28.855225 -130.347610 -6.971191 29.883789 -124.646393 -4.024841 28.622314 -119.701462 0.000000 25.409180 -116.837776 4.024841 21.104980 -116.822670 6.971252 16.863281 -119.660217 8.049683 13.820557 -124.590088 58.744446 30.099609 -349.961792 68.271667 34.152100 -326.266418 72.547668 44.604980 -327.624084 62.431091 40.381836 -352.544128 43.410156 24.614502 -368.766449 46.086060 34.755371 -372.320801 23.110168 19.229980 -380.839813 24.541687 29.394287 -385.018188 -0.763489 15.450195 -385.000000 -0.698975 25.813965 -389.393402 -26.266449 14.306641 -380.839813 -27.624054 24.913330 -385.018188 -49.961731 14.306641 -368.766449 -52.544128 24.913330 -372.320770 -68.766449 14.306641 -349.961731 
						-72.320770 24.913330 -352.544098 -80.839813 14.306641 -326.266418 -85.018188 24.913330 -327.624084 -85.000000 14.306641 -300.000000 -89.393402 24.913330 -300.000000 -80.839813 14.306641 -273.733521 -85.018188 24.913330 -272.375916 -68.766449 14.306641 -250.038208 -72.320770 24.913330 -247.455856 -49.961731 14.306641 -231.233536 -52.544098 24.913330 -227.679169 -26.266418 14.306641 -219.160172 -27.624054 24.913330 -214.981796 0.000000 14.306641 -214.999985 0.000000 24.913330 -210.606583 26.266479 14.306641 -219.160172 27.624084 24.913330 -214.981796 49.961792 14.306641 -231.233536 52.544189 24.913330 -227.679199 68.766479 14.306641 -250.038239 72.320801 24.913330 -247.455856 80.839844 14.306641 -273.733521 85.018188 24.913330 -272.375916 85.000000 14.306641 -300.000000 89.393433 24.913330 -300.000000 71.487427 35.642090 -300.000000 75.880798 46.248779 -300.000000 82.889099 48.598633 -330.901672 71.648621 43.853760 -358.778503 52.985901 38.154541 -380.901733 28.313354 32.974854 -395.105682 -0.469727 29.828125 -400.000031 -30.901703 29.306885 -395.105682 -58.778534 29.306885 -380.901733 -80.901703 29.306885 -358.778503 -95.105652 29.306885 -330.901672 -100.000000 29.306885 -300.000000 -95.105652 29.306885 -269.098267 -80.901703 29.306885 -241.221451 -58.778534 29.306885 -219.098297 -30.901703 29.306885 -204.894318 0.000000 29.306885 -199.999969 30.901672 29.306885 -204.894318 58.778564 29.306885 -219.098297 80.901672 29.306885 -241.221451 95.105652 29.306885 -269.098267 100.000000 29.306885 -300.000000 86.487427 50.642334 -300.000000 93.255249 43.767334 -334.179321 81.153015 38.253418 -365.012939 60.327393 32.359863 -389.482635 32.402771 27.545166 -405.193146 -0.170715 25.073975 -410.606628 -34.179321 24.913330 -405.193146 -65.012939 24.913330 -389.482635 -89.482635 24.913330 -365.012909 -105.193115 24.913330 -334.179260 -110.606598 24.913330 -300.000000 -105.193115 24.913330 -265.820679 -89.482635 24.913330 -234.987045 -65.012909 24.913330 -210.517349 -34.179321 24.913330 -194.806854 0.000000 24.913330 -189.393372 34.179321 24.913330 -194.806854 
						65.012939 24.913330 -210.517349 89.482666 24.913330 -234.987045 105.193176 24.913330 -265.820679 110.606628 24.913330 -300.000000 97.093994 46.248779 -300.000000 97.556030 32.968506 -335.536957 85.037964 26.570313 -367.595306 63.528259 20.416992 -393.036987 34.403320 16.018066 -409.371521 -0.013000 14.306641 -415.000031 -35.536957 14.306641 -409.371521 -67.595306 14.306641 -393.036957 -93.036957 14.306641 -367.595306 -109.371490 14.306641 -335.536926 -115.000000 14.306641 -300.000000 -109.371490 14.306641 -264.463013 -93.036957 14.306641 -232.404694 -67.595306 14.306641 -206.963013 -35.536926 14.306641 -190.628479 0.000000 14.306641 -184.999969 35.536987 14.306641 -190.628479 67.595337 14.306641 -206.963013 93.036987 14.306641 -232.404694 109.371521 14.306641 -264.463013 115.000000 14.306641 -300.000000 101.487427 35.642090 -300.000000 93.253052 22.554199 -334.179321 81.024475 17.051270 -365.012939 60.390625 11.146729 -389.482635 32.621338 6.332031 -405.193146 -0.073792 3.860596 -410.606628 -34.179321 3.700195 -405.193146 -65.012939 3.700195 -389.482635 -89.482635 3.700195 -365.012909 -105.193115 3.700195 -334.179260 -110.606598 3.700195 -300.000000 -105.193115 3.700195 -265.820679 -89.482635 3.700195 -234.987045 -65.012909 3.700195 -210.517349 -34.179321 3.700195 -194.806854 0.000000 3.700195 -189.393372 34.179321 3.700195 -194.806854 65.012939 3.700195 -210.517349 89.482666 3.700195 -234.987045 105.193176 3.700195 -265.820679 110.606628 3.700195 -300.000000 97.093994 25.035645 -300.000000 82.889099 18.598633 -330.901672 71.791748 13.853760 -358.778503 53.423523 8.154541 -380.901733 28.786194 2.974854 -395.105682 -0.262634 -0.171875 -400.000031 -30.901703 -0.693115 -395.105682 -58.778534 -0.693115 -380.901733 -80.901703 -0.693115 -358.778503 -95.105652 -0.693115 -330.901672 -100.000000 -0.693115 -300.000000 -95.105652 -0.693115 -269.098267 -80.901703 -0.693115 -241.221451 -58.778534 -0.693115 -219.098297 -30.901703 -0.693115 -204.894318 0.000000 -0.693115 -199.999969 30.901672 -0.693115 -204.894318 58.778564 -0.693115 -219.098297 
						80.901672 -0.693115 -241.221451 95.105652 -0.693115 -269.098267 100.000000 -0.693115 -300.000000 86.487427 20.642334 -300.000000 71.791748 13.853760 -358.778503 82.889099 18.598633 -330.901672 72.547668 23.391602 -327.624084 62.608215 19.168457 -352.544128 53.423523 8.154541 -380.901733 46.478271 13.542236 -372.320801 28.786194 2.974854 -395.105682 24.943359 8.181152 -385.018188 -0.262634 -0.171875 -400.000031 -0.521790 4.600830 -389.393402 -30.901703 -0.693115 -395.105682 -27.624054 3.700195 -385.018188 -58.778534 -0.693115 -380.901733 -52.544128 3.700195 -372.320770 -80.901703 -0.693115 -358.778503 -72.320770 3.700195 -352.544098 -95.105652 -0.693115 -330.901672 -85.018188 3.700195 -327.624084 -100.000000 -0.693115 -300.000000 -89.393402 3.700195 -300.000000 -95.105652 -0.693115 -269.098267 -85.018188 3.700195 -272.375916 -80.901703 -0.693115 -241.221451 -72.320770 3.700195 -247.455856 -58.778534 -0.693115 -219.098297 -52.544098 3.700195 -227.679169 -30.901703 -0.693115 -204.894318 -27.624054 3.700195 -214.981796 0.000000 -0.693115 -199.999969 0.000000 3.700195 -210.606583 30.901672 -0.693115 -204.894318 27.624084 3.700195 -214.981796 58.778564 -0.693115 -219.098297 52.544189 3.700195 -227.679199 80.901672 -0.693115 -241.221451 72.320801 3.700195 -247.455856 95.105652 -0.693115 -269.098267 85.018188 3.700195 -272.375916 100.000000 -0.693115 -300.000000 89.393433 3.700195 -300.000000 86.487427 20.642334 -300.000000 75.880798 25.035645 -300.000000 45.371033 49.902100 -338.206055 53.604858 53.362793 -320.086090 57.831848 63.873291 -321.443726 49.034180 60.293701 -340.788422 32.475037 46.968994 -352.586090 35.239563 57.215576 -356.140442 16.078064 43.563721 -361.818665 17.662537 53.721924 -365.997040 -2.330627 40.248291 -365.000000 -2.110901 50.420898 -369.393433 -21.061493 37.569824 -361.818665 -22.257813 47.857666 -365.997040 -38.372040 35.970215 -352.586090 -40.887878 46.445557 -356.140442 -52.586090 35.642090 -338.206055 -56.140442 46.248779 -340.788391 -61.818665 35.642090 -320.086090 -65.997040 46.248779 -321.443726 
						-65.000000 35.642090 -300.000000 -69.393402 46.248779 -300.000000 -61.818665 35.642090 -279.913849 -65.997040 46.248779 -278.556213 -52.586090 35.642090 -261.793945 -56.140442 46.248779 -259.211548 -38.080322 35.642090 -247.413849 -40.713074 46.248779 -243.859543 -19.347504 35.642090 -238.181305 -20.827301 46.248779 -234.002930 1.764832 35.642090 -234.999985 1.598511 46.248779 -230.606567 23.121216 35.642090 -238.181305 24.307068 46.248779 -234.002930 42.545776 35.642090 -247.413879 44.990295 46.248779 -243.859543 58.049683 35.642090 -261.793945 61.521606 46.248779 -259.211548 68.038513 35.642090 -279.913849 72.180054 46.248779 -278.556213 56.432800 55.915527 -300.000000 60.826172 66.521973 -300.000000 68.048828 68.010742 -324.721375 57.950500 64.024170 -347.022827 41.901733 60.763672 -364.721375 21.384277 57.237549 -376.084534 -1.724731 54.051025 -380.000000 -25.279510 51.745361 -376.084534 -47.045990 50.687988 -364.721344 -64.721344 50.642334 -347.022766 -76.084534 50.642334 -324.721375 -80.000000 50.642334 -300.000000 -76.084534 50.642334 -275.278625 -64.721344 50.642334 -252.977158 -47.005280 50.642334 -235.278610 -24.298706 50.642334 -223.915466 1.306091 50.642334 -219.999985 27.248352 50.642334 -223.915466 50.900757 50.642334 -235.278610 69.848572 50.642334 -252.977158 82.169495 50.642334 -275.278625 71.432800 70.915283 -300.000000 78.282471 63.328613 -327.998962 67.002136 58.700439 -353.257233 48.748413 55.160156 -373.302307 25.267883 51.646484 -386.171997 -1.238403 48.696533 -390.606598 -28.278351 46.800781 -386.171997 -53.257233 46.248779 -373.302307 -73.302277 46.248779 -353.257202 -86.171997 46.248779 -327.998962 -90.606598 46.248779 -300.000000 -86.171997 46.248779 -272.000977 -73.302277 46.248779 -246.742752 -53.257202 46.248779 -226.697693 -27.787415 46.248779 -213.827988 0.937805 46.248779 -209.393387 30.067078 46.248779 -213.827988 56.671509 46.248779 -226.697693 78.082397 46.248779 -246.742752 92.146240 46.248779 -272.000977 82.039368 66.521973 -300.000000 82.526184 52.592773 -329.356567 70.920349 47.374756 -355.839600 
						51.948425 43.332764 -376.856628 27.221069 39.863037 -390.350342 -0.802856 37.229004 -395.000031 -29.444427 35.815674 -390.350342 -55.839600 35.642090 -376.856567 -76.856628 35.642090 -355.839569 -90.350372 35.642090 -329.356567 -95.000000 35.642090 -300.000000 -90.350372 35.642090 -270.643341 -76.856628 35.642090 -244.160370 -55.839600 35.642090 -223.143356 -29.290070 35.642090 -209.649612 0.607971 35.642090 -204.999985 30.973755 35.642090 -209.649612 58.786194 35.642090 -223.143356 81.351868 35.642090 -244.160370 96.275208 35.642090 -270.643341 86.432800 55.915527 -300.000000 78.282471 42.115234 -327.998962 66.989746 37.511719 -353.257233 48.748413 33.947021 -373.302307 25.267883 30.433350 -386.171997 -1.238403 27.483154 -390.606598 -28.278351 25.587891 -386.171997 -53.257233 25.035645 -373.302307 -73.302277 25.035645 -353.257202 -86.171997 25.035645 -327.998962 -90.606598 25.035645 -300.000000 -86.171997 25.035645 -272.000977 -73.302277 25.035645 -246.742752 -53.257202 25.035645 -226.697693 -27.805450 25.035645 -213.827988 0.902832 25.035645 -209.393387 30.019592 25.035645 -213.827988 56.618042 25.035645 -226.697693 78.072998 25.035645 -246.742752 92.146240 25.035645 -272.000977 82.039368 45.308838 -300.000000 68.048828 38.010742 -324.721375 57.950500 34.024170 -347.022827 41.901733 30.763428 -364.721375 21.384277 27.237549 -376.084534 -1.724731 24.051025 -380.000000 -25.279510 21.745361 -376.084534 -47.045990 20.687988 -364.721344 -64.721344 20.642334 -347.022766 -76.084534 20.642334 -324.721375 -80.000000 20.642334 -300.000000 -76.084534 20.642334 -275.278625 -64.721344 20.642334 -252.977158 -47.005280 20.642334 -235.278610 -24.298706 20.642334 -223.915466 1.306091 20.642334 -219.999985 27.248352 20.642334 -223.915466 50.900757 20.642334 -235.278610 69.848572 20.642334 -252.977158 82.169495 20.642334 -275.278625 71.432800 40.915283 -300.000000 57.950500 34.024170 -347.022827 68.048828 38.010742 -324.721375 57.831848 42.660156 -321.443726 49.034180 39.080566 -340.788422 41.901733 30.763428 -364.721375 35.239563 36.002441 -356.140442 
						21.384277 27.237549 -376.084534 17.662537 32.508789 -365.997040 -1.724731 24.051025 -380.000000 -2.110901 29.207520 -369.393433 -25.279510 21.745361 -376.084534 -22.257813 26.644531 -365.997040 -47.045990 20.687988 -364.721344 -40.887878 25.232178 -356.140442 -64.721344 20.642334 -347.022766 -56.140442 25.035645 -340.788391 -76.084534 20.642334 -324.721375 -65.997040 25.035645 -321.443726 -80.000000 20.642334 -300.000000 -69.393402 25.035645 -300.000000 -76.084534 20.642334 -275.278625 -65.997040 25.035645 -278.556213 -64.721344 20.642334 -252.977158 -56.140442 25.035645 -259.211548 -47.005280 20.642334 -235.278610 -40.713074 25.035645 -243.859543 -24.298706 20.642334 -223.915466 -20.827301 25.035645 -234.002930 1.306091 20.642334 -219.999985 1.598511 25.035645 -230.606567 27.248352 20.642334 -223.915466 24.307068 25.035645 -234.002930 50.900757 20.642334 -235.278610 44.990295 25.035645 -243.859543 69.848572 20.642334 -252.977158 61.521606 25.035645 -259.211548 82.169495 20.642334 -275.278625 72.180054 25.035645 -278.556213 71.432800 40.915283 -300.000000 60.826172 45.308838 -300.000000 94.694519 24.913330 -320.688599 90.753418 14.306641 -322.630127 94.694519 3.700195 -320.688599 104.209229 -0.693115 -316.001373 104.209229 -0.693115 -316.001373 113.723999 3.700195 -311.314087 117.665100 14.306641 -309.372620 113.723999 24.913330 -311.314087 104.209229 29.306885 -316.001373 105.500977 24.913330 -336.179993 102.371460 14.306641 -339.263489 105.500977 3.700195 -336.179993 113.056396 -0.693115 -328.735809 113.056396 -0.693115 -328.735809 120.611816 3.700195 -321.291595 123.741333 14.306641 -318.208130 120.611816 24.913330 -321.291595 113.056396 29.306885 -328.735809 125.531433 24.913330 -347.345703 124.029419 14.306641 -351.474335 125.531433 3.700195 -347.345703 129.157776 -0.693115 -337.378265 129.157776 -0.693115 -337.378265 132.784058 3.700195 -327.410797 134.286133 14.306641 -323.282166 132.784058 24.913330 -327.410797 129.157776 29.306885 -337.378265 208.899536 24.913330 -371.169586 207.397400 14.306641 -375.298218 208.899536 3.700195 -371.169586 
						212.525757 -0.693115 -361.202148 212.525757 -0.693115 -361.202148 216.152100 3.700195 -351.234680 217.654114 14.306641 -347.106018 216.152100 24.913330 -351.234680 212.525757 29.306885 -361.202148 50.602356 57.882813 -284.405457 54.344910 68.489502 -282.104248 63.380127 72.882813 -276.548676 72.415344 68.489502 -270.993103 76.157837 57.882813 -268.691895 72.415344 47.276367 -270.993103 63.380127 42.882813 -276.548676 63.380127 42.882813 -276.548676 54.344910 47.276367 -282.104248 31.089478 59.458496 -256.343323 34.831970 70.065186 -254.042145 43.867188 74.458496 -248.486542 52.902405 70.065186 -242.930984 56.644958 59.458496 -240.629807 52.902405 48.852051 -242.930984 43.867188 44.458496 -248.486542 43.867188 44.458496 -248.486542 34.831970 48.852051 -254.042145 7.606201 59.458496 -229.206650 11.564880 70.065186 -227.301147 21.122009 74.458496 -222.700958 30.679077 70.065186 -218.100739 34.637756 59.458496 -216.195282 30.679077 48.852051 -218.100739 21.122009 44.458496 -222.700958 21.122009 44.458496 -222.700958 11.564880 48.852051 -227.301147 223.090942 14.306641 -361.220703 223.090942 14.306641 -361.220703 223.090942 14.306641 -361.220703 223.090942 14.306641 -361.220703 223.090942 14.306641 -361.220703 223.090942 14.306641 -361.220703 223.090942 14.306641 -361.220703 223.090942 14.306641 -361.220703 -10.572571 49.459717 -194.685318 -6.345581 59.408203 -190.817291 3.859253 62.916748 -186.899170 14.064087 57.930420 -185.226105 18.291138 47.369873 -186.778168 14.064087 37.421387 -190.646179 3.859253 33.912598 -194.564301 3.859253 33.912598 -194.564301 -6.345581 38.899170 -196.237381 -14.626282 37.692871 -164.939468 -10.399292 47.641357 -161.071457 -0.194458 51.150146 -157.153320 10.010376 46.163818 -155.480255 14.237366 35.603027 -157.032349 10.010376 25.654541 -160.900330 -0.194458 22.145996 -164.818451 -0.194458 22.145996 -164.818451 -10.399292 27.132324 -166.491531 -18.782532 16.869141 -140.547485 -15.744080 27.016602 -136.120163 -5.811279 32.578125 -134.633652 5.197266 30.296387 -136.958664 10.833008 21.507568 -141.733292 
						7.794556 11.360107 -146.160568 -2.138184 5.798584 -147.647095 -2.138184 5.798584 -147.647095 -13.146790 8.080322 -145.322098 4.083191 10.329590 -147.675690 2.297791 8.673096 -147.572556 6.798584 2.849609 -143.503998 9.804138 5.637939 -143.677612 5.012329 12.477295 -146.992859 11.368286 9.253418 -142.528137 4.836304 14.540527 -145.707062 11.071899 12.727051 -140.363586 3.602234 15.967041 -144.162811 8.994446 15.128174 -137.763962 1.640747 16.374023 -142.773880 5.692505 15.813232 -135.425827 -0.522461 15.652588 -141.912430 2.050903 14.598877 -133.975662 -2.307861 13.996094 -141.809311 -0.954651 11.810547 -133.802048 -3.237000 11.848389 -142.492126 -2.518799 8.195068 -134.951523 -3.060974 9.785156 -143.777939 -2.222412 4.721436 -137.116058 -1.826843 8.358887 -145.322205 -0.144958 2.320313 -139.715698 0.134583 7.951660 -146.711105 3.156921 1.635254 -142.053833 0.134583 7.951660 -146.711105 3.156921 1.635254 -142.053833 10.590271 -4.332520 -145.686966 16.541565 1.188721 -146.030731 19.638733 8.347656 -143.754669 19.051880 15.225830 -139.468674 14.938293 19.980225 -134.321136 8.400146 21.336670 -129.691376 1.189392 18.932129 -126.819916 -4.761841 13.410889 -126.476166 -7.859070 6.251953 -128.752228 -7.272217 -0.626221 -133.038223 -3.158630 -5.380615 -138.185745 3.379517 -6.737061 -142.815506 3.379517 -6.737061 -142.815506 11.451782 -8.666016 -152.842712 20.348816 -0.411621 -153.356613 24.979004 10.290771 -149.953964 24.101685 20.573242 -143.546494 17.951965 27.680908 -135.851089 8.177612 29.708984 -128.929703 -2.602295 26.114258 -124.636955 -11.499329 17.859863 -124.123055 -16.129486 7.157715 -127.525703 -15.252197 -3.125000 -133.933167 -9.102478 -10.232666 -141.628571 0.671875 -12.260742 -148.549973 0.671875 -12.260742 -148.549973 8.878418 -7.612061 -160.779495 18.995605 1.774414 -161.363876 24.260742 13.944336 -157.494568 23.263123 25.637207 -150.208359 16.270020 33.719482 -141.457581 5.155212 36.025635 -133.586975 -7.103088 31.937988 -128.705490 -17.220276 22.551514 -128.121109 
						-22.485443 10.381592 -131.990417 -21.487793 -1.311279 -139.276627 -14.494659 -9.393555 -148.027420 -3.379883 -11.699951 -155.898026 -3.379883 -11.699951 -155.898026 4.377625 -1.788574 -164.848053 13.274658 6.466064 -165.361938 17.904785 17.168213 -161.959290 17.027527 27.450928 -155.551834 10.877808 34.558350 -147.856415 1.103455 36.586426 -140.935028 -9.676422 32.991699 -136.642288 -18.573456 24.737305 -136.128372 -23.203644 14.035156 -139.531036 -22.326324 3.752441 -145.938492 -16.176605 -3.355225 -153.633896 -6.402283 -5.383057 -160.555283 -6.402283 -5.383057 -160.555283 0.585938 5.393555 -162.665070 6.537231 10.915039 -163.008820 9.634399 18.073730 -160.732758 9.047546 24.951904 -156.446762 4.933960 29.706299 -151.299240 -1.604187 31.062988 -146.669479 -8.814941 28.658447 -143.798019 -14.766235 23.136963 -143.454254 -17.863403 15.978027 -145.730316 -17.276520 9.099854 -150.016327 -13.162933 4.345703 -155.163849 -6.624817 2.989014 -159.793610 -6.624817 2.989014 -159.793610 -0.275574 9.727051 -155.509323 2.729980 12.515381 -155.682938 4.294128 16.130859 -154.533463 3.997742 19.604492 -152.368927 1.920288 22.005615 -149.769287 -1.381592 22.690674 -147.431168 -5.023254 21.476318 -145.980988 -8.028809 18.687744 -145.807404 -9.592926 15.072266 -146.956848 -9.296539 11.598877 -149.121384 -7.219055 9.197754 -151.721024 -3.917175 8.512451 -154.059174 -3.917175 8.512451 -154.059174 2.297791 8.673096 -147.572556 4.083191 10.329590 -147.675690 5.012329 12.477295 -146.992859 4.836304 14.540527 -145.707062 3.602234 15.967041 -144.162811 1.640747 16.374023 -142.773880 -0.522461 15.652588 -141.912430 -2.307861 13.996094 -141.809311 -3.237000 11.848389 -142.492126 -3.060974 9.785156 -143.777939 -1.826843 8.358887 -145.322205 0.134583 7.951660 -146.711105 0.134583 7.951660 -146.711105 
					</float_array>
					<technique_common>
						<accessor count="1081" offset="0" source="#meshId2-positions-array" stride="3">
							<param name="X" type="float" />
							<param name="Y" type="float" />
							<param name="Z" type="float" />
						</accessor>
					</technique_common>
				</source>
				<source id="meshId2-normals" name="meshId2-normals">
					<float_array id="meshId2-normals-array" count="3243"> 
						0.965673 -0.249822 0.071168 0.965673 0.233456 -0.113905 0.965926 0.241702 -0.092560 0.965926 -0.241702 0.092560 0.706922 0.651986 -0.274182 0.707107 0.660342 -0.252880 0.258751 0.893625 -0.366718 0.258819 0.902044 -0.345440 -0.258751 0.893625 -0.366718 -0.258819 0.902044 -0.345440 -0.706922 0.651986 -0.274182 -0.707107 0.660342 -0.252880 -0.965673 0.233456 -0.113905 -0.965926 0.241702 -0.092560 -0.965673 -0.249822 0.071168 -0.965926 -0.241702 0.092560 -0.706922 -0.668352 0.231445 -0.707107 -0.660342 0.252880 -0.258751 -0.909991 0.323981 -0.258819 -0.902044 0.345440 -0.258751 -0.909991 0.323981 0.258751 -0.909991 0.323981 0.258819 -0.902044 0.345440 -0.258819 -0.902044 0.345440 0.706922 -0.668352 0.231445 0.707107 -0.660342 0.252880 -0.000000 -0.357626 -0.933865 -0.000000 -0.357626 -0.933865 -0.000000 -0.357626 -0.933865 -0.000000 -0.357626 -0.933865 -0.000000 -0.357626 -0.933865 -0.000000 -0.357626 -0.933865 -0.000000 -0.357626 -0.933865 -0.000000 -0.357626 -0.933865 -0.000000 -0.357626 -0.933865 -0.000000 -0.357626 -0.933865 -0.000000 -0.357626 -0.933865 -0.000000 -0.357626 -0.933865 0.233336 0.288648 0.928567 0.233333 0.405421 0.883849 -0.000000 0.357626 0.933865 0.233333 0.405421 0.883849 0.170811 0.506550 0.845122 -0.000000 0.357626 0.933865 0.170811 0.506550 0.845122 0.062522 0.564937 0.822762 -0.000000 0.357626 0.933865 0.062522 0.564937 0.822762 -0.062522 0.564936 0.822762 -0.000000 0.357626 0.933865 -0.062522 0.564936 0.822762 -0.170812 0.506550 0.845122 -0.000000 0.357626 0.933865 -0.170812 0.506550 0.845122 -0.233333 0.405421 0.883849 -0.000000 0.357626 0.933865 -0.233333 0.405421 0.883849 -0.233336 0.288648 0.928567 -0.000000 0.357626 0.933865 -0.233336 0.288648 0.928567 -0.170814 0.187519 0.967295 -0.000000 0.357626 0.933865 -0.170814 0.187519 0.967295 -0.062522 0.129133 0.989654 
						-0.000000 0.357626 0.933865 -0.062522 0.129133 0.989654 0.062522 0.129133 0.989654 -0.000000 0.357626 0.933865 0.062522 0.129133 0.989654 0.170814 0.187519 0.967295 -0.000000 0.357626 0.933865 0.170814 0.187519 0.967295 0.233336 0.288648 0.928567 -0.000000 0.357626 0.933865 0.965765 -0.248186 0.075509 0.965765 0.235138 -0.109581 0.965765 0.235138 -0.109581 0.965765 -0.248186 0.075509 0.706989 0.653708 -0.269874 0.706989 0.653708 -0.269874 0.258776 0.895370 -0.362419 0.258776 0.895370 -0.362419 -0.258776 0.895370 -0.362419 -0.258776 0.895370 -0.362419 -0.706989 0.653708 -0.269874 -0.706989 0.653708 -0.269874 -0.965765 0.235138 -0.109581 -0.965765 0.235138 -0.109581 -0.965765 -0.248186 0.075509 -0.965765 -0.248186 0.075509 -0.706989 -0.666756 0.235801 -0.706989 -0.666756 0.235801 -0.258776 -0.908418 0.328346 -0.258776 -0.908418 0.328346 -0.258776 -0.908418 0.328346 0.258776 -0.908418 0.328346 0.258776 -0.908418 0.328346 -0.258776 -0.908418 0.328346 0.706989 -0.666757 0.235801 0.706989 -0.666757 0.235801 0.482164 -0.430535 -0.762993 0.482163 -0.189233 -0.855400 0.482163 -0.189233 -0.855400 0.482164 -0.430535 -0.762993 0.909050 0.348376 0.228609 0.909050 -0.106565 0.402829 0.909050 -0.106565 0.402829 0.909050 0.348376 0.228609 0.352967 0.019740 -0.935428 0.352967 0.019740 -0.935428 0.665471 0.742366 0.077729 0.665471 0.742366 0.077729 0.129195 0.140391 -0.981631 0.129195 0.140391 -0.981631 0.243579 0.969836 -0.009381 0.243579 0.969835 -0.009381 -0.129195 0.140391 -0.981631 -0.129195 0.140391 -0.981631 -0.243579 0.969835 -0.009382 -0.243580 0.969835 -0.009382 -0.352967 0.019740 -0.935427 -0.352967 0.019740 -0.935427 -0.665471 0.742365 0.077729 -0.665471 0.742365 0.077729 -0.482163 -0.189233 -0.855400 -0.482163 -0.189233 -0.855400 -0.909050 0.348376 0.228609 -0.909050 0.348375 0.228609 
						-0.482163 -0.430535 -0.762993 -0.482163 -0.430535 -0.762993 -0.909050 -0.106565 0.402830 -0.909050 -0.106564 0.402830 -0.352968 -0.639509 -0.682965 -0.352968 -0.639509 -0.682965 -0.665471 -0.500555 0.553709 -0.665471 -0.500555 0.553709 -0.129195 -0.760160 -0.636762 -0.129195 -0.760160 -0.636762 -0.243579 -0.728025 0.640819 -0.243579 -0.728025 0.640819 -0.129195 -0.760160 -0.636762 0.129195 -0.760160 -0.636762 0.129195 -0.760160 -0.636762 -0.129195 -0.760160 -0.636762 0.243580 -0.728025 0.640819 -0.243579 -0.728025 0.640819 -0.243579 -0.728025 0.640819 0.243580 -0.728025 0.640819 0.352968 -0.639509 -0.682966 0.352968 -0.639509 -0.682966 0.665471 -0.500555 0.553709 0.665471 -0.500554 0.553709 0.707107 -0.660342 0.252880 0.707107 -0.660342 0.252880 0.707107 -0.660342 0.252880 0.707107 -0.660342 0.252880 0.707107 -0.660342 0.252880 0.707107 -0.660342 0.252880 0.707107 -0.660342 0.252880 0.707107 -0.660342 0.252880 0.707107 -0.660342 0.252880 0.707107 -0.660342 0.252880 0.707107 -0.660342 0.252880 0.707107 -0.660342 0.252880 0.707107 -0.660342 0.252880 0.707107 -0.660342 0.252880 0.707107 -0.660342 0.252880 0.707107 -0.660342 0.252880 0.707107 -0.660342 0.252880 0.707107 -0.660342 0.252880 0.707106 -0.660343 0.252880 0.707106 -0.660343 0.252880 0.540210 0.735241 0.409383 0.594194 0.748764 0.293744 0.594194 0.748764 0.293744 0.540210 0.735241 0.409383 0.384340 0.659107 0.646421 0.384340 0.659107 0.646421 0.244874 0.564176 0.788506 0.244874 0.564176 0.788506 0.101182 0.448437 0.888069 0.101182 0.448437 0.888069 -0.101182 0.259456 0.960440 -0.101182 0.259456 0.960440 -0.244873 0.106818 0.963653 -0.244873 0.106818 0.963653 -0.384340 -0.058736 0.921321 -0.384340 -0.058736 0.921321 -0.540210 -0.273724 0.795769 -0.540210 -0.273724 0.795769 -0.594195 -0.361027 0.718744 -0.594195 -0.361027 0.718744 
						-0.707107 0.660342 -0.252880 -0.707107 0.660342 -0.252880 -0.707107 0.660342 -0.252880 -0.707107 0.660342 -0.252880 -0.707107 0.660342 -0.252880 -0.707107 0.660342 -0.252880 -0.707107 0.660342 -0.252880 -0.707107 0.660342 -0.252880 -0.707107 0.660342 -0.252880 -0.707107 0.660342 -0.252880 -0.707107 0.660342 -0.252880 -0.707107 0.660342 -0.252880 -0.707107 0.660342 -0.252880 -0.707107 0.660342 -0.252880 -0.707107 0.660342 -0.252880 -0.707107 0.660342 -0.252880 -0.707107 0.660342 -0.252880 -0.707107 0.660342 -0.252880 -0.707107 0.660342 -0.252880 -0.707107 0.660342 -0.252880 -0.399618 -0.668228 -0.627517 -0.481546 -0.711579 -0.511634 -0.481546 -0.711579 -0.511634 -0.399618 -0.668227 -0.627517 -0.282242 -0.591479 -0.755309 -0.282242 -0.591479 -0.755309 -0.184690 -0.517688 -0.835397 -0.184690 -0.517688 -0.835397 -0.074848 -0.425516 -0.901850 -0.074848 -0.425516 -0.901850 0.074850 -0.285718 -0.955386 0.074850 -0.285718 -0.955386 0.184691 -0.172736 -0.967498 0.184691 -0.172736 -0.967498 0.282243 -0.064326 -0.957184 0.282243 -0.064326 -0.957184 0.399618 0.078151 -0.913344 0.399619 0.078151 -0.913344 0.481546 0.187818 -0.856059 0.481546 0.187818 -0.856060 -0.000001 -0.357627 -0.933864 -0.000001 -0.357627 -0.933864 -0.000001 -0.357627 -0.933864 -0.000001 -0.357627 -0.933864 -0.000001 -0.357626 -0.933865 -0.000001 -0.357626 -0.933865 -0.000001 -0.357626 -0.933865 -0.000001 -0.357626 -0.933865 0.707107 0.660342 -0.252879 0.707107 0.660342 -0.252879 0.707107 0.660342 -0.252879 0.707107 0.660342 -0.252879 0.707107 0.660342 -0.252880 0.707107 0.660342 -0.252880 0.707107 0.660342 -0.252879 0.707107 0.660342 -0.252879 0.707107 0.660342 -0.252879 0.707107 0.660342 -0.252879 0.707107 0.660342 -0.252880 0.707107 0.660342 -0.252880 0.707107 0.660342 -0.252880 0.707107 0.660342 -0.252880 0.707107 0.660342 -0.252880 0.707107 0.660342 -0.252880 
						0.707106 0.660343 -0.252880 0.707106 0.660343 -0.252880 0.707106 0.660343 -0.252880 0.707106 0.660343 -0.252880 -0.540210 0.735241 0.409383 -0.594194 0.748764 0.293745 -0.594194 0.748764 0.293745 -0.540210 0.735241 0.409383 -0.384340 0.659107 0.646421 -0.384340 0.659107 0.646421 -0.244874 0.564176 0.788506 -0.244874 0.564176 0.788506 -0.101182 0.448436 0.888069 -0.101182 0.448436 0.888069 0.101182 0.259455 0.960440 0.101182 0.259455 0.960440 0.244874 0.106817 0.963653 0.244874 0.106817 0.963653 0.384340 -0.058737 0.921321 0.384340 -0.058737 0.921321 0.540209 -0.273726 0.795769 0.540209 -0.273726 0.795769 0.594192 -0.361030 0.718744 0.594192 -0.361030 0.718744 -0.707107 -0.660342 0.252879 -0.707107 -0.660342 0.252879 -0.707107 -0.660342 0.252879 -0.707107 -0.660342 0.252879 -0.707107 -0.660342 0.252880 -0.707107 -0.660342 0.252880 -0.707107 -0.660342 0.252880 -0.707107 -0.660342 0.252880 -0.707107 -0.660342 0.252879 -0.707107 -0.660342 0.252879 -0.707107 -0.660342 0.252880 -0.707107 -0.660342 0.252880 -0.707107 -0.660342 0.252880 -0.707107 -0.660342 0.252880 -0.707107 -0.660342 0.252880 -0.707107 -0.660342 0.252880 -0.707107 -0.660342 0.252880 -0.707107 -0.660342 0.252880 -0.707107 -0.660342 0.252880 -0.707107 -0.660342 0.252880 0.399618 -0.668227 -0.627517 0.481546 -0.711579 -0.511633 0.481546 -0.711579 -0.511633 0.399618 -0.668227 -0.627517 0.282243 -0.591478 -0.755310 0.282243 -0.591478 -0.755310 0.184691 -0.517687 -0.835398 0.184691 -0.517687 -0.835398 0.074849 -0.425515 -0.901850 0.074849 -0.425515 -0.901850 -0.074848 -0.285718 -0.955386 -0.074848 -0.285718 -0.955386 -0.184689 -0.172735 -0.967498 -0.184689 -0.172735 -0.967498 -0.282241 -0.064325 -0.957184 -0.282241 -0.064325 -0.957184 -0.399618 0.078151 -0.913344 -0.399618 0.078151 -0.913344 -0.481546 0.187818 -0.856060 -0.481546 0.187818 -0.856060 
						0.000001 -0.357627 -0.933865 0.000001 -0.357627 -0.933865 0.000001 -0.357627 -0.933865 0.000001 -0.357627 -0.933865 0.000001 -0.357627 -0.933865 0.000001 -0.357627 -0.933865 0.000001 -0.357627 -0.933865 0.000001 -0.357627 -0.933865 -0.353553 0.639885 0.682311 -0.612372 0.750686 0.247933 -0.139727 0.987389 0.074424 0.079038 0.893735 0.441577 0.000000 0.357627 0.933864 0.377873 0.655161 0.654198 0.353554 -0.020457 0.935190 0.000000 0.357627 0.933864 0.377873 0.655161 0.654198 0.676710 0.335591 0.655319 0.612373 -0.393060 0.685933 0.895472 0.020653 0.444638 0.707106 -0.660343 0.252880 0.975545 -0.205263 0.078606 0.612372 -0.750687 -0.247932 0.895472 -0.281624 -0.344699 0.353552 -0.639884 -0.682312 0.676709 -0.187970 -0.711851 -0.000000 -0.357627 -0.933864 0.377873 0.050605 -0.924473 -0.353555 0.020457 -0.935190 0.079037 0.370174 -0.925594 -0.612374 0.393060 -0.685932 -0.139726 0.685111 -0.714912 -0.707107 0.660342 -0.252880 -0.219799 0.911027 -0.348880 0.362060 0.924828 -0.116648 0.476877 0.875674 0.076051 0.633720 0.750459 0.187645 0.633720 0.750459 0.187645 0.790563 0.582733 0.188234 0.905380 0.417440 0.077658 0.947406 0.298869 -0.114453 0.905380 0.258791 -0.336622 0.790563 0.307945 -0.529321 0.633720 0.433160 -0.640914 0.476877 0.600885 -0.641502 0.362061 0.766178 -0.530927 0.320034 0.884749 -0.338817 0.747466 0.607267 -0.269299 0.729703 0.614871 -0.299110 0.705440 0.634242 -0.316374 0.705440 0.634242 -0.316374 0.681175 0.660189 -0.316465 0.663413 0.685761 -0.299359 0.656911 0.704104 -0.269638 0.663413 0.710304 -0.235268 0.681175 0.702700 -0.205457 0.705440 0.683329 -0.188193 0.729704 0.657381 -0.188102 0.747466 0.631810 -0.205208 0.753968 0.613467 -0.234928 0.927135 0.140381 -0.347438 0.785170 0.201157 -0.585699 0.591242 0.355979 -0.723680 0.591242 0.355979 -0.723680 
						0.397314 0.563362 -0.724406 0.255350 0.767738 -0.587686 0.203386 0.914346 -0.350151 0.255349 0.963900 -0.075450 0.397314 0.903124 0.162812 0.591242 0.748302 0.300792 0.785171 0.540919 0.301519 0.927136 0.336543 0.164798 0.979098 0.189936 -0.072737 0.873549 -0.350325 -0.337913 0.645347 -0.252631 -0.720905 0.333618 -0.003764 -0.942701 0.333618 -0.003764 -0.942701 0.021890 0.329593 -0.943869 -0.206309 0.658117 -0.724099 -0.289836 0.893780 -0.342275 -0.206309 0.973436 0.099291 0.021892 0.875742 0.482283 0.333619 0.626875 0.704078 0.645348 0.293518 0.705247 0.873549 -0.035005 0.485476 0.957076 -0.270668 0.103653 0.612372 -0.750686 -0.247932 0.353553 -0.639884 -0.682311 -0.000001 -0.357626 -0.933865 -0.000001 -0.357626 -0.933865 -0.353553 0.020459 -0.935191 -0.612372 0.393061 -0.685933 -0.707107 0.660342 -0.252880 -0.612372 0.750686 0.247933 -0.353554 0.639884 0.682311 -0.000000 0.357626 0.933865 0.353553 -0.020458 0.935191 0.612373 -0.393061 0.685932 0.707107 -0.660342 0.252880 0.206309 -0.973436 -0.099291 -0.021891 -0.875742 -0.482283 -0.333620 -0.626875 -0.704078 -0.333620 -0.626875 -0.704078 -0.645348 -0.293518 -0.705247 -0.873549 0.035005 -0.485476 -0.957076 0.270668 -0.103652 -0.873549 0.350325 0.337913 -0.645348 0.252631 0.720905 -0.333619 0.003764 0.942700 -0.021891 -0.329593 0.943869 0.206310 -0.658117 0.724098 0.289837 -0.893780 0.342275 -0.255350 -0.963900 0.075450 -0.397315 -0.903124 -0.162811 -0.591242 -0.748303 -0.300792 -0.591242 -0.748303 -0.300792 -0.785171 -0.540919 -0.301519 -0.927136 -0.336543 -0.164798 -0.979098 -0.189936 0.072737 -0.927136 -0.140381 0.347438 -0.785170 -0.201157 0.585699 -0.591242 -0.355979 0.723679 -0.397314 -0.563362 0.724406 -0.255350 -0.767739 0.587685 -0.203387 -0.914346 0.350151 -0.663414 -0.710303 0.235268 -0.681176 -0.702699 0.205458 -0.705439 -0.683329 0.188193 
						-0.705439 -0.683329 0.188193 -0.729703 -0.657381 0.188103 -0.747466 -0.631811 0.205209 -0.753967 -0.613468 0.234929 -0.747466 -0.607267 0.269299 -0.729703 -0.614871 0.299109 -0.705439 -0.634242 0.316373 -0.681176 -0.660190 0.316464 -0.663413 -0.685761 0.299358 -0.656912 -0.704104 0.269638 -0.905380 -0.258790 0.336623 -0.790563 -0.307944 0.529321 -0.633720 -0.433160 0.640914 -0.633720 -0.433160 0.640914 -0.476878 -0.600885 0.641502 -0.362061 -0.766178 0.530927 -0.320034 -0.884749 0.338817 -0.362060 -0.924828 0.116647 -0.476877 -0.875674 -0.076051 -0.633720 -0.750459 -0.187645 -0.790563 -0.582734 -0.188233 -0.905380 -0.417440 -0.077658 -0.947406 -0.298869 0.114452 -0.895473 0.281624 0.344698 -0.676710 0.187969 0.711851 -0.377874 -0.050605 0.924473 -0.377874 -0.050605 0.924473 -0.079038 -0.370174 0.925594 0.139726 -0.685111 0.714912 0.219798 -0.911027 0.348881 0.139726 -0.987389 -0.074424 -0.079037 -0.893735 -0.441577 -0.377873 -0.655161 -0.654198 -0.676709 -0.335591 -0.655320 -0.895472 -0.020654 -0.444638 -0.975545 0.205263 -0.078606 -0.612372 0.750686 0.247933 -0.353553 0.639885 0.682311 0.000000 0.357627 0.933864 0.000000 0.357627 0.933864 0.353554 -0.020457 0.935190 0.612373 -0.393060 0.685933 0.707106 -0.660343 0.252880 0.612372 -0.750687 -0.247932 0.353552 -0.639884 -0.682312 -0.000000 -0.357627 -0.933864 -0.353555 0.020457 -0.935190 -0.612374 0.393060 -0.685932 -0.707107 0.660342 -0.252880 -0.864718 0.000442 0.502258 -0.970011 0.010283 0.242843 -0.654063 0.752352 0.078537 -0.615036 0.764380 0.193529 -0.653167 -0.010191 0.757145 -0.526724 0.769930 0.360235 -0.339828 -0.014084 0.940382 -0.337589 0.766975 0.545695 0.003080 -0.013653 0.999902 -0.057496 0.752145 0.656484 0.313012 -0.005118 0.949735 0.201441 0.739560 0.642240 0.587785 0.000000 0.809017 0.397270 0.737016 0.546794 0.809017 0.000000 0.587785 
						0.546795 0.737016 0.397269 0.951056 0.000000 0.309017 0.642796 0.737016 0.208857 1.000000 0.000000 0.000000 0.675875 0.737016 0.000000 0.951056 0.000000 -0.309017 0.642796 0.737016 -0.208857 0.809017 0.000000 -0.587785 0.546795 0.737016 -0.397270 0.587785 -0.000000 -0.809017 0.397269 0.737016 -0.546795 0.309017 -0.000000 -0.951057 0.208857 0.737016 -0.642796 0.000000 0.000000 -1.000000 -0.000000 0.737016 -0.675875 -0.309017 0.000000 -0.951056 -0.208857 0.737016 -0.642796 -0.587785 0.000000 -0.809017 -0.397270 0.737016 -0.546795 -0.809017 0.000000 -0.587785 -0.546794 0.737016 -0.397270 -0.951057 0.000000 -0.309017 -0.642796 0.737016 -0.208857 -0.980739 0.000000 -0.195324 -0.703191 0.696907 -0.140862 -0.999943 0.007528 -0.007554 -0.668689 0.742843 -0.032245 0.053613 0.990556 -0.126189 0.021827 0.976705 -0.213473 -0.035814 0.970553 -0.238212 -0.075466 0.978743 -0.190703 -0.055271 0.992197 -0.111757 -0.027985 0.997493 -0.065002 -0.035156 0.998210 -0.048388 -0.048388 0.998210 -0.035156 -0.056884 0.998210 -0.018483 -0.059812 0.998210 0.000000 -0.056884 0.998210 0.018483 -0.048388 0.998210 0.035156 -0.035156 0.998210 0.048388 -0.018483 0.998210 0.056884 0.000000 0.998210 0.059812 0.018483 0.998210 0.056884 0.035156 0.998210 0.048388 0.048388 0.998210 0.035156 0.056884 0.998210 0.018483 -0.002340 0.999989 -0.004099 0.063755 0.997368 -0.034526 0.690271 0.678535 -0.251230 0.585051 0.655044 -0.478157 0.407663 0.638126 -0.653151 0.190509 0.635978 -0.747823 -0.022791 0.652391 -0.757540 -0.230629 0.672488 -0.703257 -0.432670 0.676871 -0.595519 -0.595519 0.676871 -0.432670 -0.700075 0.676871 -0.227468 -0.736102 0.676870 0.000000 -0.700075 0.676871 0.227468 -0.595519 0.676871 0.432670 -0.432670 0.676871 0.595519 -0.227468 0.676871 0.700075 0.000000 0.676871 0.736102 0.227468 0.676871 0.700075 
						0.432670 0.676871 0.595519 0.595519 0.676871 0.432670 0.700075 0.676871 0.227468 0.701682 0.700220 0.131663 0.731233 0.682004 -0.013005 0.969876 0.012658 -0.243270 0.857968 -0.000346 -0.513703 0.637661 -0.003690 -0.770308 0.332547 -0.007252 -0.943059 0.001121 -0.005888 -0.999982 -0.309301 -0.000322 -0.950964 -0.587786 -0.000000 -0.809017 -0.809017 -0.000000 -0.587785 -0.951057 0.000000 -0.309017 -1.000000 -0.000000 -0.000000 -0.951056 -0.000000 0.309017 -0.809017 -0.000000 0.587785 -0.587785 -0.000000 0.809017 -0.309017 -0.000000 0.951056 0.000000 0.000000 1.000000 0.309017 0.000000 0.951056 0.587785 0.000000 0.809017 0.809017 0.000000 0.587785 0.951056 -0.000000 0.309017 0.982715 0.000000 0.185122 0.999804 0.010373 0.016843 0.711677 -0.696641 -0.090594 0.641844 -0.730018 -0.234753 0.509855 -0.744959 -0.430213 0.293701 -0.728190 -0.619257 0.024473 -0.699741 -0.713977 -0.225418 -0.679802 -0.697894 -0.432670 -0.676871 -0.595519 -0.595519 -0.676871 -0.432670 -0.700075 -0.676871 -0.227468 -0.736102 -0.676871 -0.000000 -0.700075 -0.676871 0.227468 -0.595519 -0.676871 0.432670 -0.432670 -0.676871 0.595519 -0.227468 -0.676871 0.700074 0.000000 -0.676871 0.736102 0.227468 -0.676871 0.700075 0.432670 -0.676871 0.595519 0.595519 -0.676871 0.432670 0.700075 -0.676871 0.227468 0.701682 -0.700220 0.131663 0.736428 -0.675376 0.039250 0.049363 -0.992849 0.108697 0.079719 -0.983567 0.161993 0.118623 -0.982598 0.142936 0.117415 -0.991133 0.062205 0.052960 -0.998444 -0.017430 -0.009206 -0.998695 -0.050236 -0.035156 -0.998210 -0.048388 -0.048388 -0.998210 -0.035156 -0.056884 -0.998210 -0.018483 -0.059812 -0.998210 0.000000 -0.056884 -0.998210 0.018483 -0.048388 -0.998210 0.035156 -0.035156 -0.998210 0.048388 -0.018483 -0.998210 0.056884 0.000000 -0.998210 0.059811 0.018483 -0.998210 0.056884 0.035156 -0.998210 0.048388 
						0.048389 -0.998210 0.035156 0.056884 -0.998210 0.018483 -0.002340 -0.999989 -0.004099 0.052585 -0.997788 0.040674 0.079719 -0.983567 0.161993 0.049363 -0.992849 0.108697 -0.644644 -0.723264 0.247636 -0.518033 -0.719359 0.462779 0.118623 -0.982598 0.142936 -0.327001 -0.716121 0.616636 0.117415 -0.991133 0.062205 -0.120492 -0.717503 0.686054 0.052960 -0.998444 -0.017430 0.054586 -0.726966 0.684501 -0.009206 -0.998695 -0.050236 0.220650 -0.734310 0.641952 -0.035156 -0.998210 -0.048388 0.397270 -0.737016 0.546794 -0.048388 -0.998210 -0.035156 0.546795 -0.737016 0.397269 -0.056884 -0.998210 -0.018483 0.642796 -0.737016 0.208857 -0.059812 -0.998210 0.000000 0.675875 -0.737016 0.000000 -0.056884 -0.998210 0.018483 0.642796 -0.737016 -0.208857 -0.048388 -0.998210 0.035156 0.546795 -0.737016 -0.397270 -0.035156 -0.998210 0.048388 0.397269 -0.737016 -0.546795 -0.018483 -0.998210 0.056884 0.208857 -0.737016 -0.642795 0.000000 -0.998210 0.059811 0.000000 -0.737016 -0.675875 0.018483 -0.998210 0.056884 -0.208857 -0.737016 -0.642796 0.035156 -0.998210 0.048388 -0.397270 -0.737016 -0.546795 0.048389 -0.998210 0.035156 -0.546794 -0.737016 -0.397270 0.056884 -0.998210 0.018483 -0.642796 -0.737016 -0.208857 -0.002340 -0.999989 -0.004099 -0.703191 -0.696908 -0.140862 0.052585 -0.997788 0.040674 -0.681251 -0.731739 0.021334 -0.838593 -0.002744 0.544751 -0.961334 0.005497 0.275331 -0.660845 0.746834 0.074323 -0.603280 0.759001 0.244889 -0.628684 0.003323 0.777653 -0.487685 0.771598 0.408411 -0.334983 -0.000176 0.942224 -0.328697 0.773542 0.541841 0.002408 -0.003522 0.999991 -0.106867 0.768603 0.630737 0.327190 -0.006061 0.944939 0.147436 0.757053 0.636501 0.599289 -0.007236 0.800500 0.379215 0.744733 0.549153 0.810608 -0.001893 0.585586 0.542855 0.740934 0.395380 0.951057 0.000000 0.309017 0.639454 0.740223 0.207771 
						1.000000 0.000000 0.000000 0.672362 0.740223 0.000000 0.951056 0.000000 -0.309017 0.639454 0.740222 -0.207771 0.807818 0.000000 -0.589432 0.542902 0.740705 -0.395743 0.579544 0.000000 -0.814941 0.389603 0.741838 -0.545789 0.296924 -0.000000 -0.954901 0.200932 0.740676 -0.641113 -0.001295 -0.000000 -0.999999 0.000119 0.737860 -0.674954 -0.292305 -0.000000 -0.956325 -0.198164 0.734704 -0.648800 -0.560261 -0.000000 -0.828316 -0.381548 0.733153 -0.562946 -0.786428 0.000000 -0.617682 -0.534045 0.734655 -0.418423 -0.943044 -0.000000 -0.332668 -0.635963 0.738472 -0.224076 -0.995675 0.003535 -0.092835 -0.638946 0.755679 -0.143862 0.043172 0.986965 -0.155038 0.024788 0.980808 -0.193392 -0.013422 0.978455 -0.206023 -0.074345 0.976956 -0.200073 -0.108925 0.982019 -0.154190 -0.098292 0.990532 -0.095838 -0.065655 0.996169 -0.057762 -0.055180 0.997713 -0.039035 -0.061976 0.997874 -0.020137 -0.065165 0.997874 0.000000 -0.061976 0.997874 0.020137 -0.052713 0.997880 0.038175 -0.038186 0.997891 0.052490 -0.018664 0.998013 0.060184 0.001117 0.998077 0.061974 0.019591 0.998046 0.059334 0.036795 0.997928 0.052778 0.051993 0.997786 0.041473 0.063730 0.997678 0.024003 0.099590 0.991897 -0.078877 0.682542 0.672215 -0.286816 0.579373 0.651227 -0.490133 0.408927 0.639357 -0.651153 0.184431 0.627906 -0.756121 -0.053041 0.628967 -0.775621 -0.265871 0.644309 -0.717063 -0.445457 0.664888 -0.599576 -0.597610 0.674165 -0.434009 -0.702107 0.674539 -0.228128 -0.738239 0.674540 -0.000000 -0.702107 0.674539 0.228128 -0.597166 0.674630 0.433897 -0.431995 0.676004 0.596991 -0.223714 0.677575 0.700602 0.000845 0.675451 0.737404 0.221599 0.669164 0.709305 0.423877 0.663035 0.617019 0.589075 0.662924 0.462086 0.700501 0.668123 0.250818 0.747061 0.664381 0.022314 0.961804 0.008841 -0.273596 0.839205 -0.003711 -0.543802 
						0.620793 -0.001102 -0.783974 0.329867 -0.002680 -0.944023 0.004079 -0.004461 -0.999982 -0.312514 -0.004800 -0.949901 -0.589286 -0.000733 -0.807924 -0.809017 -0.000000 -0.587785 -0.951056 -0.000000 -0.309017 -1.000000 0.000000 -0.000000 -0.951057 -0.000000 0.309017 -0.809017 -0.000000 0.587785 -0.586688 0.000126 0.809813 -0.306337 0.000241 0.951923 -0.002694 0.000003 0.999996 0.294237 -0.000608 0.955732 0.563466 -0.001031 0.826139 0.785997 -0.000663 0.618230 0.941605 -0.000106 0.336720 0.995263 0.006039 0.097027 0.718054 -0.688103 -0.104462 0.630130 -0.723058 -0.283061 0.486211 -0.739784 -0.465099 0.297185 -0.736445 -0.607725 0.058249 -0.717862 -0.693745 -0.199474 -0.696410 -0.689364 -0.427256 -0.680309 -0.595510 -0.597102 -0.674673 -0.433918 -0.702107 -0.674540 -0.228128 -0.738238 -0.674540 -0.000000 -0.702107 -0.674540 0.228128 -0.597166 -0.674631 0.433897 -0.432051 -0.676006 0.596949 -0.223892 -0.677544 0.700575 0.000628 -0.675456 0.737400 0.221341 -0.669245 0.709309 0.423450 -0.663199 0.617137 0.588860 -0.662957 0.462312 0.700483 -0.668122 0.250873 0.741625 -0.657877 0.131111 0.074901 -0.989079 0.126931 0.081860 -0.988415 0.127804 0.096253 -0.989704 0.105932 0.119214 -0.990271 0.071769 0.107376 -0.994107 0.014887 0.053711 -0.997981 -0.033904 -0.011417 -0.998763 -0.048387 -0.050280 -0.998015 -0.037913 -0.061976 -0.997874 -0.020137 -0.065165 -0.997874 0.000000 -0.061976 -0.997874 0.020137 -0.052713 -0.997880 0.038174 -0.038185 -0.997893 0.052448 -0.018633 -0.998017 0.060117 0.001182 -0.998080 0.061927 0.019689 -0.998045 0.059318 0.036900 -0.997920 0.052864 0.052025 -0.997779 0.041606 0.063736 -0.997678 0.024027 0.082959 -0.990342 0.111092 0.081860 -0.988415 0.127804 0.074901 -0.989079 0.126931 -0.619803 -0.728260 0.292371 -0.504997 -0.724050 0.469818 0.096253 -0.989704 0.105932 -0.340365 -0.716827 0.608532 
						0.119214 -0.990271 0.071769 -0.120178 -0.711754 0.692072 0.107376 -0.994107 0.014887 0.098490 -0.711782 0.695461 0.053711 -0.997981 -0.033904 0.282946 -0.719573 0.634158 -0.011417 -0.998763 -0.048387 0.425603 -0.731029 0.533347 -0.050280 -0.998015 -0.037913 0.547811 -0.738230 0.393599 -0.061976 -0.997874 -0.020137 0.639454 -0.740223 0.207771 -0.065165 -0.997874 0.000000 0.672362 -0.740223 0.000000 -0.061976 -0.997874 0.020137 0.639454 -0.740223 -0.207771 -0.052713 -0.997880 0.038174 0.542902 -0.740705 -0.395743 -0.038185 -0.997893 0.052448 0.389603 -0.741838 -0.545789 -0.018633 -0.998017 0.060117 0.200932 -0.740676 -0.641113 0.001182 -0.998080 0.061927 0.000119 -0.737860 -0.674954 0.019689 -0.998045 0.059318 -0.198164 -0.734704 -0.648800 0.036900 -0.997920 0.052864 -0.381548 -0.733153 -0.562945 0.052025 -0.997779 0.041606 -0.534045 -0.734655 -0.418423 0.063736 -0.997678 0.024027 -0.635963 -0.738472 -0.224076 0.082959 -0.990342 0.111092 -0.658074 -0.752467 0.027038 -0.686249 0.660186 -0.305313 -0.913518 -0.000000 -0.406798 -0.686249 -0.660187 -0.305313 -0.087118 -0.995538 -0.036250 -0.087118 -0.995538 -0.036250 0.592252 -0.756304 0.277924 0.903716 0.000000 0.428132 0.592252 0.756304 0.277924 -0.087117 0.995538 -0.036250 -0.492415 0.657957 -0.569754 -0.656904 0.000000 -0.753974 -0.492415 -0.657957 -0.569754 -0.066607 -0.994434 -0.081639 -0.066607 -0.994434 -0.081639 0.413637 -0.767265 0.490110 0.639885 0.000000 0.768471 0.413637 0.767265 0.490110 -0.066607 0.994434 -0.081639 -0.231964 0.690595 -0.685034 -0.321687 0.000000 -0.946846 -0.231964 -0.690595 -0.685034 -0.011814 -0.999569 -0.026894 -0.011814 -0.999569 -0.026894 0.207816 -0.719495 0.662676 0.296739 0.000000 0.954959 0.207816 0.719495 0.662676 -0.011814 0.999568 -0.026894 -0.122939 0.708624 -0.694794 -0.201828 -0.000000 -0.979421 -0.122939 -0.708623 -0.694794 
						0.066218 -0.997759 -0.009588 0.066218 -0.997759 -0.009588 0.251943 -0.700325 0.667885 0.327399 0.000000 0.944886 0.251943 0.700325 0.667885 0.066218 0.997759 -0.009588 -0.868299 0.002052 -0.496037 -0.574480 0.725233 -0.379485 0.070324 0.996860 -0.036399 0.669156 0.679116 0.301714 0.890862 0.000988 0.454273 0.640574 -0.675119 0.365896 0.025124 -0.997090 0.071974 0.025124 -0.997090 0.071974 -0.618283 -0.729007 -0.293726 -0.787563 0.005420 -0.616211 -0.545431 0.709606 -0.446054 0.019503 0.999747 -0.011203 0.570180 0.700817 0.428662 0.785964 0.005790 0.618246 0.555492 -0.693062 0.459449 -0.005005 -0.999584 0.028419 -0.005005 -0.999584 0.028419 -0.567980 -0.705849 -0.423292 -0.838744 0.071493 -0.539813 -0.623954 0.727925 -0.284266 -0.068337 0.989874 0.124414 0.514595 0.708126 0.483476 0.812608 0.017858 0.582536 0.625890 -0.716670 0.307645 0.018949 -0.983292 -0.181046 0.018949 -0.983292 -0.181046 -0.584784 -0.626277 -0.515562 0.957816 0.000000 -0.287382 0.957816 0.000000 -0.287382 0.957816 0.000000 -0.287382 0.957816 0.000000 -0.287382 0.957816 0.000000 -0.287382 0.957816 0.000000 -0.287382 0.957816 0.000000 -0.287382 0.957816 0.000000 -0.287382 -0.950811 0.064737 -0.302930 -0.715513 0.698587 -0.004068 -0.092262 0.948894 0.301806 0.597718 0.665408 0.447175 0.950478 -0.041397 0.308023 0.687610 -0.724663 -0.045348 0.006248 -0.936343 -0.351031 0.006248 -0.936343 -0.351031 -0.660120 -0.605565 -0.444446 -0.991977 0.050989 -0.115683 -0.723476 0.643588 0.249753 -0.064654 0.873498 0.482516 0.633924 0.614133 0.470086 0.982673 0.003051 0.185321 0.754800 -0.607506 -0.247411 0.058362 -0.854018 -0.516959 0.058362 -0.854018 -0.516959 -0.680924 -0.582831 -0.443453 -0.978106 -0.037205 -0.204755 -0.818896 0.511572 0.260198 -0.200473 0.774684 0.599729 0.552547 0.562994 0.614596 0.985650 -0.037005 0.164693 
						0.683300 -0.579191 -0.444567 0.023749 -0.731565 -0.681358 0.023749 -0.731565 -0.681358 -0.620819 -0.533534 -0.574391 -0.678580 0.389306 0.622873 -0.299446 0.741056 0.600973 0.194754 0.073361 0.978105 -0.026607 -0.132012 0.990891 -0.875888 -0.066758 0.477873 -0.141808 -0.398290 0.906232 -0.838503 -0.504934 0.204828 -0.119980 -0.654124 0.746811 -0.576441 -0.807814 -0.123099 0.033027 -0.830963 0.555347 -0.159923 -0.894239 -0.418045 0.276217 -0.881424 0.383140 0.299446 -0.741056 -0.600973 0.544425 -0.791985 0.276335 0.678580 -0.389305 -0.622872 0.765785 -0.586613 0.263549 0.875888 0.066757 -0.477874 0.880986 -0.320335 0.348208 0.838503 0.504934 -0.204829 0.859158 -0.064501 0.507628 0.576440 0.807814 0.123099 0.706151 0.112339 0.699092 0.159923 0.894239 0.418044 0.462961 0.162800 0.871300 0.159923 0.894239 0.418044 0.462961 0.162800 0.871300 0.496854 -0.554164 0.667861 0.556787 -0.498559 0.664399 0.587978 -0.426465 0.687321 0.582068 -0.357197 0.730484 0.540642 -0.309317 0.782323 0.474798 -0.295656 0.828948 0.402180 -0.319871 0.857866 0.342247 -0.375476 0.861327 0.311057 -0.447570 0.838406 0.316966 -0.516838 0.795243 0.358394 -0.564717 0.743403 0.424237 -0.578380 0.696778 0.424237 -0.578380 0.696778 0.520572 -0.853380 0.027340 0.813207 -0.581881 0.010437 0.965500 -0.229866 0.122355 0.936644 0.108342 0.333106 0.734371 0.342121 0.586219 0.412880 0.408829 0.813873 0.058313 0.290593 0.955068 -0.234323 0.019093 0.971971 -0.386617 -0.332921 0.860053 -0.357761 -0.671129 0.649302 -0.155487 -0.904908 0.396189 0.166005 -0.971616 0.168535 0.166005 -0.971616 0.168535 0.299448 -0.741055 -0.600973 0.678581 -0.389305 -0.622872 0.875888 0.066758 -0.477874 0.838503 0.504934 -0.204829 0.576441 0.807813 0.123100 0.159923 0.894239 0.418044 -0.299447 0.741055 0.600973 -0.678580 0.389305 0.622872 
						-0.875888 -0.066758 0.477873 -0.838503 -0.504934 0.204829 -0.576441 -0.807813 -0.123100 -0.159923 -0.894239 -0.418044 -0.159923 -0.894239 -0.418044 -0.058312 -0.290593 -0.955068 0.234323 -0.019093 -0.971971 0.386616 0.332921 -0.860053 0.357761 0.671129 -0.649302 0.155487 0.904908 -0.396189 -0.166005 0.971616 -0.168535 -0.520572 0.853380 -0.027340 -0.813207 0.581881 -0.010437 -0.965500 0.229866 -0.122355 -0.936644 -0.108342 -0.333106 -0.734371 -0.342121 -0.586219 -0.412879 -0.408829 -0.813873 -0.412879 -0.408829 -0.813873 -0.402181 0.319871 -0.857865 -0.342248 0.375476 -0.861327 -0.311057 0.447570 -0.838406 -0.316966 0.516838 -0.795243 -0.358393 0.564717 -0.743404 -0.424236 0.578380 -0.696779 -0.496854 0.554164 -0.667861 -0.556787 0.498559 -0.664399 -0.587978 0.426464 -0.687321 -0.582068 0.357197 -0.730484 -0.540642 0.309318 -0.782323 -0.474798 0.295656 -0.828948 -0.474798 0.295656 -0.828948 -0.544425 0.791985 -0.276335 -0.765785 0.586613 -0.263549 -0.880986 0.320335 -0.348208 -0.859159 0.064501 -0.507628 -0.706151 -0.112339 -0.699093 -0.462960 -0.162800 -0.871300 -0.194753 -0.073361 -0.978105 0.026607 0.132012 -0.990891 0.141808 0.398289 -0.906232 0.119981 0.654123 -0.746811 -0.033027 0.830963 -0.555347 -0.276217 0.881424 -0.383140 -0.276217 0.881424 -0.383140 -0.299446 0.741056 0.600973 -0.678580 0.389306 0.622873 -0.875888 -0.066758 0.477873 -0.838503 -0.504934 0.204828 -0.576441 -0.807814 -0.123099 -0.159923 -0.894239 -0.418045 0.299446 -0.741056 -0.600973 0.678580 -0.389305 -0.622872 0.875888 0.066757 -0.477874 0.838503 0.504934 -0.204829 0.576440 0.807814 0.123099 0.159923 0.894239 0.418044 0.159923 0.894239 0.418044 
					</float_array>
					<technique_common>
						<accessor count="1081" offset="0" source="#meshId2-normals-array" stride="3">
							<param name="X" type="float" />
							<param name="Y" type="float" />
							<param name="Z" type="float" />
						</accessor>
					</technique_common>
				</source>
				<source id="meshId2-tangents" name="meshId2-tangents">
					<float_array id="meshId2-tangents-array" count="3243"> 
						0.249782 0.968255 0.009602 -0.233997 0.972198 0.008783 -0.226736 0.962688 0.147722 0.227649 0.963558 0.140470 -0.654822 0.749825 0.094709 -0.617938 0.750917 0.232974 -0.899996 0.360908 0.244442 -0.842647 0.385676 0.375766 -0.903958 -0.090209 0.417997 -0.841452 -0.034945 0.539201 -0.665793 -0.482582 0.569064 -0.615103 -0.398023 0.680607 -0.249446 -0.711074 0.657382 -0.224667 -0.605459 0.763508 0.233452 -0.714517 0.659519 0.223586 -0.599109 0.768816 0.653498 -0.492024 0.575198 0.603104 -0.376520 0.703206 0.890927 -0.095237 0.444049 0.815594 -0.012480 0.578490 0.907006 -0.113524 0.405527 0.904994 0.345637 0.248035 0.873806 0.371070 0.314278 0.885326 -0.078518 0.458293 0.666838 0.738876 0.096901 0.626971 0.750873 0.207600 0.421726 0.846757 -0.324268 -0.087337 0.930296 -0.356259 -0.573039 0.765328 -0.293084 -0.905674 0.395934 -0.151624 -0.996394 -0.079235 0.030343 -0.820965 -0.533217 0.204197 -0.426219 -0.844793 0.323516 0.082395 -0.930690 0.356410 0.569005 -0.767949 0.294088 0.907184 -0.392908 0.150465 0.995993 0.083511 -0.031981 0.818173 0.536946 -0.205625 -0.500539 0.854352 -0.139799 -0.525837 0.817183 -0.236023 -0.514918 0.800546 -0.306571 -0.851333 0.524389 -0.015788 -0.873261 0.475076 -0.108253 -0.868234 0.463341 -0.177438 -0.985126 0.071486 0.156260 -0.997686 0.013307 0.066677 -0.999995 0.002904 -0.001112 -0.862111 -0.384777 0.329713 -0.861851 -0.446276 0.240935 -0.870972 -0.458839 0.175713 -0.517211 -0.723382 0.457395 -0.504085 -0.781904 0.366775 -0.517709 -0.798974 0.305969 -0.048382 -0.861005 0.506291 -0.025678 -0.911191 0.411184 -0.040545 -0.933097 0.357332 0.416552 -0.779643 0.467590 0.443120 -0.818449 0.365767 0.430089 -0.843081 0.322860 0.766221 -0.533381 0.358344 0.789865 -0.560811 0.248201 0.780709 -0.583568 0.223479 0.949712 -0.230141 0.212324 0.963919 -0.249263 0.093421 
						0.959643 -0.262623 0.100572 0.751913 0.658144 -0.038373 0.751336 0.646617 -0.131839 0.764041 0.602500 -0.230729 0.419450 0.896371 -0.143460 0.406993 0.880629 -0.242589 0.421076 0.847039 -0.324375 -0.034081 0.982260 -0.184402 -0.055844 0.957328 -0.283555 -0.041856 0.933047 -0.357312 0.242297 0.966960 0.079244 -0.226685 0.970316 0.084263 -0.222783 0.968173 0.114053 0.237446 0.962926 0.128033 -0.632966 0.755091 0.170855 -0.627295 0.755857 0.187568 -0.868592 0.379844 0.318224 -0.864986 0.381797 0.325622 -0.870954 -0.054036 0.488385 -0.871006 -0.054092 0.488285 -0.640037 -0.429072 0.637378 -0.643288 -0.435861 0.629448 -0.239019 -0.642346 0.728191 -0.241771 -0.662689 0.708795 0.220387 -0.631388 0.743491 0.228298 -0.674879 0.701726 0.599776 -0.388594 0.699474 0.643669 -0.468495 0.605147 0.810208 -0.019051 0.585833 0.891021 -0.093234 0.444285 0.907663 -0.112402 0.404369 0.896875 0.352189 0.267540 0.838125 0.380149 0.391195 0.834374 -0.038952 0.549820 0.650998 0.743826 0.151408 0.626438 0.745144 0.228772 0.600874 0.796306 -0.069619 0.150358 0.979780 -0.131997 0.101716 0.981882 -0.159879 0.567135 0.817194 -0.102725 -0.395450 0.894201 0.209818 0.028534 0.980396 0.194962 0.071751 0.992337 0.100596 -0.379087 0.919193 0.106665 -0.340737 0.933835 -0.108864 -0.391705 0.911063 -0.128577 -0.724907 0.617951 0.304378 -0.740104 0.642727 0.197858 -0.744628 0.667475 -0.002541 -0.783320 0.621456 -0.014215 -0.866281 0.221901 0.447568 -0.909512 0.231767 0.345068 -0.954756 0.249793 0.161383 -0.969598 0.189578 0.154724 -0.780344 -0.190225 0.595716 -0.838661 -0.205756 0.504295 -0.916535 -0.208278 0.341443 -0.902991 -0.268974 0.335052 -0.490631 -0.513520 0.703974 -0.545180 -0.554538 0.628702 -0.644784 -0.584363 0.492720 -0.607373 -0.631449 0.482048 -0.072558 -0.672597 0.736443 -0.106495 -0.724658 0.680830 
						-0.224741 -0.780987 0.582711 -0.177116 -0.805028 0.566180 0.372510 -0.641038 0.671049 0.363398 -0.675782 0.641296 0.203226 -0.764923 0.611221 0.233431 -0.767056 0.597607 0.746413 -0.442235 0.497289 0.746147 -0.425892 0.511743 0.397071 -0.628072 0.669223 0.411537 -0.625334 0.663019 0.968484 -0.147119 0.200987 0.962107 -0.097883 0.254499 0.924900 -0.323939 0.199058 0.980015 -0.000070 0.198923 0.984788 0.023110 0.172219 0.935922 -0.305657 0.174997 0.683721 0.597510 0.418935 0.742697 0.284914 0.605991 0.810141 0.210535 0.547125 0.758526 0.554739 0.341910 0.898086 0.436289 0.055618 0.885202 0.464668 0.022386 0.425396 0.863887 0.269697 0.487392 0.853238 0.185561 -0.308521 -0.609906 -0.729951 -0.381025 -0.657091 -0.650424 -0.389569 -0.662261 -0.640036 -0.332587 -0.626189 -0.705176 -0.146301 -0.486513 -0.861337 -0.186481 -0.519113 -0.834114 0.016223 -0.342381 -0.939421 -0.025713 -0.381402 -0.924052 0.166071 -0.192535 -0.967135 0.124659 -0.235609 -0.963820 0.287403 -0.058358 -0.956030 0.249319 -0.101828 -0.963053 0.412479 0.094723 -0.906029 0.377054 0.049578 -0.924863 0.525264 0.251105 -0.813046 0.500175 0.214305 -0.838986 0.619507 0.406125 -0.671769 0.602595 0.375625 -0.704120 0.663294 0.495498 -0.560823 0.649478 0.465112 -0.601538 0.820240 -0.568772 -0.060866 0.795923 -0.600014 -0.080559 0.796264 -0.599173 -0.083394 0.820961 -0.567342 -0.064385 0.863701 -0.504005 0.000368 0.864635 -0.502397 -0.001827 0.886138 -0.460252 0.054116 0.887176 -0.458436 0.052495 0.891476 -0.437119 0.119156 0.893040 -0.434345 0.117577 0.885878 -0.415839 0.205663 0.886778 -0.414104 0.205289 0.869087 -0.416412 0.267001 0.870152 -0.414167 0.267023 0.838440 -0.439903 0.321721 0.839607 -0.437184 0.322381 0.797212 -0.469287 0.379767 0.797692 -0.467786 0.380610 0.777205 -0.487791 0.397506 0.777476 -0.486748 0.398254 
						0.635418 0.750298 0.182476 0.677098 0.735396 0.027017 0.686990 0.726253 -0.024519 0.649532 0.747924 0.136811 0.532180 0.732467 0.424590 0.555904 0.740157 0.378335 0.396267 0.666252 0.631729 0.432564 0.686861 0.584047 0.256837 0.573052 0.778233 0.298110 0.602685 0.740203 0.111292 0.457100 0.882425 0.160508 0.498184 0.852086 -0.061019 0.299308 0.952203 -0.010748 0.347547 0.937601 -0.236968 0.115650 0.964609 -0.190001 0.167039 0.967470 -0.397857 -0.075898 0.914303 -0.368376 -0.038752 0.928869 -0.459189 -0.156863 0.874380 -0.448416 -0.142243 0.882434 -0.623701 0.699877 -0.348094 -0.633897 0.685914 -0.357348 -0.633653 0.685975 -0.357662 -0.626803 0.698702 -0.344868 -0.582643 0.731168 -0.354853 -0.590779 0.727482 -0.348927 -0.533842 0.766531 -0.356991 -0.542542 0.762468 -0.352549 -0.493449 0.801704 -0.337311 -0.502224 0.797400 -0.334552 -0.459153 0.840596 -0.287362 -0.466628 0.836672 -0.286774 -0.434459 0.868670 -0.238028 -0.440785 0.865310 -0.238636 -0.404316 0.896834 -0.179490 -0.410884 0.893498 -0.181203 -0.400945 0.910900 -0.097485 -0.403802 0.909489 -0.098856 -0.422065 0.905739 -0.038700 -0.422208 0.905668 -0.038796 -0.607981 0.741444 -0.283938 -0.607572 0.741735 -0.284050 -0.606611 0.742421 -0.284312 -0.607020 0.742130 -0.284201 -0.336742 0.879324 -0.336740 -0.337843 0.878956 -0.336598 -0.338311 0.878799 -0.336538 -0.337210 0.879168 -0.336680 0.645334 -0.456471 0.612518 0.596207 -0.364499 0.715316 0.593617 -0.360040 0.719715 0.639480 -0.444566 0.627237 0.703397 -0.620291 0.347090 0.698910 -0.598391 0.391731 0.698711 -0.707448 0.106397 0.702307 -0.697458 0.142537 0.655307 -0.746326 -0.116490 0.671971 -0.738860 -0.050399 0.551378 -0.738812 -0.387478 0.584531 -0.747114 -0.316456 0.449372 -0.695774 -0.560325 0.475614 -0.708798 -0.520957 0.314064 -0.613708 -0.724380 0.327922 -0.623079 -0.710099 
						0.122784 -0.466857 -0.875768 0.143813 -0.484453 -0.862915 0.033439 -0.388453 -0.920862 0.051331 -0.404618 -0.913044 0.707755 0.133775 0.693677 0.626708 0.202086 0.752595 0.619205 0.192755 0.761203 0.702236 0.125785 0.700744 0.840587 -0.039660 0.540223 0.839663 -0.041472 0.541522 0.899913 -0.170405 0.401397 0.898687 -0.173138 0.402971 0.944450 -0.237268 0.227416 0.942360 -0.242966 0.230055 0.947952 -0.318109 -0.013932 0.949010 -0.314893 -0.014912 0.912382 -0.361645 -0.191758 0.912831 -0.360376 -0.192013 0.865652 -0.323884 -0.381766 0.865642 -0.323916 -0.381763 0.747305 -0.278742 -0.603190 0.751296 -0.269135 -0.602594 0.671416 -0.269392 -0.690383 0.677717 -0.256521 -0.689127 0.216076 0.138734 0.966470 0.131599 0.228481 0.964613 0.123067 0.237239 0.963624 0.204096 0.151807 0.967109 0.367070 -0.037129 0.929452 0.357081 -0.024789 0.933745 0.497139 -0.209942 0.841889 0.475895 -0.179912 0.860904 0.592391 -0.357941 0.721769 0.567770 -0.317059 0.759678 0.667196 -0.504623 0.547910 0.651951 -0.470364 0.594741 0.699276 -0.599954 0.388676 0.694813 -0.582464 0.421867 0.705215 -0.684714 0.183949 0.706842 -0.669882 0.227229 0.666981 -0.741628 -0.071583 0.672909 -0.738278 -0.046256 0.631800 -0.750613 -0.193413 0.634724 -0.750367 -0.184596 0.025104 -0.676318 0.736182 -0.016251 -0.590925 0.806563 -0.014453 -0.590144 0.807168 0.025526 -0.676175 0.736298 0.113215 -0.761282 0.638461 0.108697 -0.762533 0.637752 0.198510 -0.812851 0.547602 0.193389 -0.814259 0.547342 0.231256 -0.872325 0.430778 0.227209 -0.873322 0.430912 0.284318 -0.924421 0.254183 0.278202 -0.926017 0.255139 0.318857 -0.941714 0.107264 0.314622 -0.943018 0.108305 0.338367 -0.940303 -0.036582 0.334515 -0.941727 -0.035351 0.332116 -0.916324 -0.223718 0.329255 -0.917633 -0.222578 0.274867 -0.895123 -0.351004 0.274517 -0.895292 -0.350845 
						0.149662 -0.923347 0.353599 0.151309 -0.923113 0.353509 0.155182 -0.922552 0.353295 0.153537 -0.922792 0.353386 0.450542 -0.833712 0.319274 0.449693 -0.834112 0.319426 0.449333 -0.834281 0.319491 0.450182 -0.833882 0.319339 -0.071803 -0.745833 0.662252 -0.163696 -0.427217 0.889207 -0.288077 -0.112446 0.950982 -0.132405 -0.429626 0.893247 -0.126173 -0.926401 0.354769 -0.133588 -0.660611 0.738747 0.381695 -0.909586 -0.164199 0.558862 -0.774417 0.296566 0.675860 -0.678120 0.288733 0.469986 -0.882033 -0.033635 0.013374 -0.862369 -0.506103 0.205478 -0.905299 -0.371769 -0.350766 -0.638090 -0.685422 -0.105956 -0.752497 -0.650016 -0.669899 -0.326189 -0.666961 -0.441583 -0.464671 -0.767519 -0.893431 -0.014923 -0.448952 -0.735147 -0.119589 -0.667276 -0.974484 0.209612 -0.080272 -0.913184 0.185013 -0.363131 -0.895243 0.282435 0.344630 -0.929982 0.361764 0.065269 -0.681268 0.177822 0.710108 -0.787887 0.360388 0.499354 -0.402627 -0.082009 0.911683 -0.541869 0.183370 0.820216 -0.209287 0.202593 0.956637 -0.001436 -0.085746 0.996316 0.054619 -0.285375 0.956858 0.715478 -0.660851 0.226645 0.587986 -0.808214 0.032583 0.418536 -0.846588 -0.328809 0.143737 -0.716894 -0.682204 -0.204903 -0.428076 -0.880208 -0.540857 -0.054264 -0.839362 -0.771856 0.299066 -0.561068 -0.836877 0.533540 -0.122356 -0.726635 0.588744 0.354092 -0.487479 0.460432 0.741867 0.005651 0.399560 0.916689 0.266821 0.146707 0.952514 0.404908 0.005730 0.914339 0.706530 -0.664728 0.242802 0.705853 -0.706959 0.044502 0.584888 -0.724784 -0.364133 0.314662 -0.581017 -0.750605 -0.043643 -0.277156 -0.959834 -0.388376 0.108939 -0.915039 -0.622206 0.469894 -0.626147 -0.683544 0.708297 -0.176304 -0.563144 0.766512 0.308754 -0.305301 0.643890 0.701567 0.251860 0.453080 0.855152 0.550049 0.207998 0.808815 0.746854 0.096978 0.657878 0.739214 -0.597996 0.309778 
						0.810900 -0.585094 -0.010267 0.677762 -0.575622 -0.457491 0.386717 -0.403567 -0.829206 0.024628 -0.084496 -0.996119 -0.303094 0.296604 -0.905627 -0.505266 0.634381 -0.585036 -0.529349 0.838914 -0.126544 -0.373765 0.862006 0.342412 -0.086234 0.711561 0.697312 0.464461 0.392341 0.793942 0.760408 0.122457 0.637796 0.942276 -0.028966 0.333583 0.843943 -0.444405 0.300442 0.875498 -0.462169 -0.141082 0.687689 -0.428912 -0.585763 0.368057 -0.226034 -0.901910 0.011460 0.103871 -0.994525 -0.282232 0.468191 -0.837342 -0.433517 0.765231 -0.475904 -0.403271 0.915004 -0.011797 -0.201807 0.881594 0.426692 0.115321 0.683717 0.720578 0.614174 0.254269 0.747086 0.866737 -0.050237 0.496230 0.951394 -0.287608 0.110140 0.951689 -0.286755 0.109813 0.867082 -0.367928 -0.335854 0.614570 -0.309096 -0.725784 0.272794 -0.075189 -0.959130 -0.068332 0.262179 -0.962597 -0.317956 0.603782 -0.730994 -0.409364 0.852031 -0.326287 -0.318128 0.937537 0.140779 -0.068642 0.837931 0.541442 0.272407 0.584414 0.764365 0.687142 0.071890 0.722958 0.875043 -0.250103 0.414424 0.843571 -0.531913 0.073870 0.942304 -0.243594 -0.229618 0.760483 -0.333941 -0.556910 0.464581 -0.237531 -0.853079 0.115476 0.028084 -0.992913 -0.201644 0.371395 -0.906314 -0.403171 0.688937 -0.602344 -0.433551 0.887351 -0.156976 -0.282450 0.907674 0.310403 0.011045 0.741538 0.670820 0.367519 0.434145 0.822465 0.677211 -0.122612 0.725501 0.810506 -0.428549 0.399281 0.738945 -0.652051 0.169672 0.746498 -0.366613 -0.555280 0.549724 -0.384602 -0.741542 0.251620 -0.233225 -0.939305 -0.086343 0.064363 -0.994184 -0.373756 0.413115 -0.830447 -0.529307 0.708939 -0.466090 -0.505315 0.862857 0.011601 -0.303327 0.825639 0.475724 0.024176 0.602575 0.797696 0.386133 0.253734 0.886860 0.584491 -0.295625 0.755630 0.705673 -0.555439 0.439902 0.706483 -0.656609 0.264093 
						0.404167 -0.605948 -0.685183 0.266063 -0.526401 -0.807534 0.005045 -0.314300 -0.949310 -0.305660 0.011065 -0.952076 -0.563269 0.364463 -0.741549 -0.683546 0.644936 -0.341794 -0.622242 0.767922 0.152020 -0.388581 0.692367 0.607974 -0.044041 0.435168 0.899271 0.314175 0.069469 0.946820 0.418472 -0.409620 0.810612 0.588148 -0.622561 0.516236 0.715737 -0.642639 0.273378 0.053626 -0.851129 -0.522210 -0.002492 -0.728907 -0.684609 -0.210130 -0.487825 -0.847273 -0.487985 -0.152597 -0.859410 -0.726832 0.201741 -0.656518 -0.836900 0.478797 -0.265238 -0.771864 0.597380 0.217630 -0.540972 0.520517 0.660614 -0.205128 0.269880 0.940791 0.143515 -0.077103 0.986640 0.205860 -0.424578 0.881678 0.470560 -0.633189 0.614528 0.676496 -0.696801 0.238372 -0.134746 -0.984868 -0.108988 -0.133537 -0.916199 -0.377820 -0.288906 -0.718787 -0.632359 -0.542342 -0.411380 -0.732551 -0.788068 -0.065382 -0.612106 -0.929994 0.225618 -0.290185 -0.913151 0.380385 0.146503 -0.735129 0.357101 0.576250 -0.441546 0.167498 0.881465 -0.105795 -0.125028 0.986497 0.014166 -0.303143 0.952840 0.382594 -0.566697 0.729709 0.559733 -0.773869 0.296356 -0.127557 -0.926236 0.354706 -0.072860 -0.997326 0.005729 -0.164347 -0.911982 -0.375870 -0.402952 -0.670178 -0.623290 -0.681380 -0.342133 -0.647044 -0.895244 -0.020003 -0.445128 -0.974428 0.209838 -0.080358 -0.893298 0.289228 0.344044 -0.669610 0.203356 0.714331 -0.350232 -0.016392 0.936520 -0.287081 -0.820981 -0.493533 -0.158274 -0.784974 -0.598970 -0.673143 -0.531531 -0.514153 -0.781582 -0.558555 -0.277750 -0.417271 -0.829545 -0.371133 -0.825623 -0.564221 -0.001289 -0.549382 -0.808585 -0.210642 -0.793844 -0.543503 0.272791 -0.636642 -0.771112 -0.008568 -0.681834 -0.509909 0.524496 -0.641436 -0.738604 0.207423 -0.496949 -0.487861 0.717658 -0.553986 -0.728764 0.402495 -0.257554 -0.482342 0.837265 -0.404562 -0.725443 0.556832 
						0.010892 -0.480705 0.876815 -0.212966 -0.724596 0.655443 0.280576 -0.480216 0.831065 -0.000000 -0.724406 0.689374 0.523517 -0.480088 0.703879 0.213045 -0.724353 0.655686 0.715388 -0.480059 0.507704 0.405260 -0.724315 0.557792 0.837264 -0.480027 0.261847 0.557870 -0.724223 0.405316 0.877227 -0.479980 -0.009616 0.656039 -0.724000 0.213160 0.831463 -0.479849 -0.280026 0.690387 -0.723440 0.000000 0.704698 -0.479538 -0.522918 0.657987 -0.722042 -0.213793 0.509949 -0.478778 -0.714649 0.562882 -0.718273 -0.408958 0.267897 -0.476739 -0.837228 0.415371 -0.707542 -0.571709 0.007542 -0.470129 -0.882566 0.227202 -0.677806 -0.699255 -0.224454 -0.441887 -0.868537 0.144081 -0.675184 -0.723441 -0.264115 -0.439977 -0.858291 -0.000508 -0.741122 -0.671370 -0.503852 -0.484593 -0.715054 -0.833031 -0.025316 -0.552647 -0.954378 -0.043247 -0.295452 -0.999306 -0.032341 0.018475 -0.936185 -0.003698 0.351488 -0.761407 0.030523 0.647555 -0.492501 0.042828 0.869258 -0.192302 0.040757 0.980489 0.119933 0.040749 0.991945 0.420360 0.040738 0.906443 0.679841 0.040735 0.732228 0.872835 0.040735 0.486312 0.980389 0.040734 0.192814 0.991996 0.040731 -0.119515 0.906583 0.040724 -0.420057 0.732691 0.040705 -0.679343 0.487707 0.040665 -0.872060 0.196412 0.040573 -0.979682 -0.109558 0.040289 -0.993163 -0.375394 0.038539 -0.926064 -0.399979 -0.004693 -0.916512 -0.642565 0.014555 -0.766093 -0.629358 0.391748 -0.671150 -0.798096 0.360287 -0.482945 -0.907883 0.359837 -0.215094 -0.914114 0.392661 0.101062 -0.806808 0.435462 0.399291 -0.598929 0.471497 0.647283 -0.352257 0.481117 0.802771 -0.083981 0.483182 0.871483 0.189949 0.483599 0.854430 0.444795 0.483718 0.753773 0.655978 0.483764 0.579367 0.802907 0.483778 0.348281 0.871238 0.483769 0.083136 0.854321 0.483729 -0.190110 0.753873 0.483634 -0.444718 0.579776 0.483474 -0.655830 
						0.348829 0.483413 -0.802889 0.082555 0.484173 -0.871069 -0.189496 0.483234 -0.854738 -0.253326 0.417904 -0.872457 -0.420694 0.435891 -0.795623 -0.208822 0.557428 -0.803534 -0.443127 0.505367 -0.740434 -0.670405 0.489863 -0.557308 -0.802862 0.522466 -0.287128 -0.817050 0.576551 -0.004311 -0.744150 0.622705 0.241824 -0.620573 0.641563 0.450873 -0.448255 0.646850 0.616970 -0.235319 0.648154 0.724239 -0.000000 0.648542 0.761179 0.235184 0.648669 0.723822 0.447323 0.648716 0.615687 0.615667 0.648745 0.447308 0.723758 0.648746 0.235163 0.760979 0.648776 -0.000000 0.723599 0.648942 -0.235112 0.614884 0.649879 -0.446739 0.444290 0.654719 -0.611513 0.226636 0.679786 -0.697514 0.136087 0.677936 -0.722415 0.007007 0.610543 -0.791952 0.259467 0.380499 -0.887636 -0.007508 0.300135 -0.953867 -0.335377 0.288398 -0.896855 -0.629582 0.340109 -0.698535 -0.803438 0.411222 -0.430562 -0.869923 0.462968 -0.169985 -0.874002 0.476964 0.092879 -0.802808 0.481816 0.351216 -0.655675 0.483170 0.580204 -0.444673 0.483586 0.753930 -0.190103 0.483723 0.854326 0.083126 0.483776 0.871235 0.348231 0.483812 0.802908 0.579222 0.483866 0.656029 0.753459 0.483983 0.445039 0.853823 0.484320 0.190843 0.870556 0.485390 -0.080799 0.803138 0.489539 -0.339588 0.670353 0.513230 -0.535931 0.636321 0.532742 -0.557926 0.463723 0.461697 -0.756173 0.512569 -0.068223 -0.855931 0.234844 -0.139404 -0.961985 -0.103258 -0.155379 -0.982443 -0.464934 -0.110212 -0.878459 -0.753908 -0.028531 -0.656360 -0.912898 0.028896 -0.407163 -0.991911 0.040762 -0.120209 -0.982118 0.041138 0.183717 -0.878695 0.041267 0.475597 -0.689394 0.041308 0.723208 -0.432467 0.041322 0.900702 -0.133103 0.041328 0.990240 0.179342 0.041331 0.982918 0.474158 0.041338 0.879469 0.722504 0.041352 0.690128 0.900050 0.041387 0.433817 0.989767 0.041477 0.136531 
						0.984557 0.041739 -0.170014 0.897043 0.042975 -0.439848 0.870723 -0.000022 -0.491773 0.723434 0.009986 -0.690321 0.159468 -0.147834 -0.976071 0.452376 -0.074802 -0.888685 0.334359 -0.558045 -0.759467 0.112971 -0.593835 -0.796616 -0.176516 -0.162527 -0.970787 -0.155549 -0.602822 -0.782566 -0.501773 -0.113264 -0.857552 -0.438793 -0.581419 -0.685137 -0.748272 -0.028120 -0.662796 -0.674628 -0.532243 -0.511463 -0.902642 0.029918 -0.429350 -0.816980 -0.498671 -0.289605 -0.993745 0.040052 -0.104241 -0.875718 -0.482612 -0.014259 -0.977094 0.040003 0.209016 -0.837265 -0.480442 0.261080 -0.864614 0.039997 0.500843 -0.715420 -0.480114 0.507607 -0.667566 0.040000 0.743476 -0.523500 -0.480072 0.703903 -0.405183 0.040002 0.913360 -0.280352 -0.480066 0.831228 -0.103063 0.039999 0.993870 -0.009732 -0.480047 0.877189 0.209219 0.039994 0.977050 0.261930 -0.479982 0.837263 0.501165 0.039981 0.864428 0.508105 -0.479830 0.715257 0.744241 0.039949 0.666715 0.704824 -0.479454 0.522826 0.914557 0.039870 0.402488 0.832899 -0.478516 0.278031 0.994561 0.039695 0.096289 0.879328 -0.476206 0.003002 0.974562 0.039472 -0.220612 0.837086 -0.471368 -0.277667 0.873673 0.040811 -0.484798 0.709642 -0.470238 -0.524676 0.865577 0.000027 -0.500776 0.632129 -0.522100 -0.572559 0.686785 0.006566 -0.726831 0.533186 -0.515944 -0.670458 -0.309997 -0.819886 -0.481341 -0.161880 -0.820101 -0.548843 -0.685539 -0.560351 -0.464804 -0.796194 -0.555410 -0.239990 -0.448885 -0.818128 -0.359400 -0.839077 -0.543448 0.024773 -0.548023 -0.813419 -0.194988 -0.791642 -0.538535 0.288589 -0.600089 -0.799932 -0.001373 -0.663077 -0.527794 0.530813 -0.594694 -0.778440 0.200923 -0.474227 -0.510632 0.717192 -0.528483 -0.754668 0.388823 -0.239555 -0.494230 0.835673 -0.394912 -0.740144 0.544271 0.024311 -0.484454 0.874479 -0.208821 -0.737122 0.642685 0.290054 -0.482542 0.826451 
						-0.000000 -0.734610 0.678489 0.529894 -0.481315 0.698247 0.209541 -0.734980 0.644901 0.719437 -0.480809 0.501231 0.398797 -0.736370 0.546553 0.839790 -0.480597 0.252545 0.549792 -0.738147 0.390983 0.878130 -0.477882 -0.022699 0.640601 -0.741588 0.199193 0.826045 -0.479903 -0.295538 0.669456 -0.742851 -0.000867 0.696371 -0.484463 -0.529493 0.640588 -0.742502 -0.195799 0.505844 -0.490311 -0.709730 0.561250 -0.735449 -0.379621 0.273178 -0.492378 -0.826401 0.423361 -0.728164 -0.539020 0.015079 -0.486553 -0.873521 0.229342 -0.724381 -0.650134 -0.259849 -0.478317 -0.838863 0.052448 -0.803418 -0.593101 -0.468625 -0.530684 -0.706233 -0.848826 -0.045608 -0.526702 -0.965851 -0.026412 -0.257750 -0.998792 -0.003381 0.049015 -0.934178 0.001980 0.356802 -0.771769 0.014216 0.635744 -0.517336 0.031409 0.855206 -0.208968 0.042877 0.976982 0.114475 0.045158 0.992399 0.417374 0.044239 0.907657 0.676910 0.044205 0.734737 0.869926 0.044117 0.491205 0.978789 0.044050 0.200081 0.992664 0.043912 -0.112649 0.908201 0.042096 -0.416412 0.737523 0.041030 -0.674075 0.500131 0.041604 -0.864950 0.208278 0.043996 -0.977080 -0.088517 0.045970 -0.995013 -0.387588 0.046908 -0.920639 -0.607687 -0.002140 -0.794174 -0.647495 0.374182 -0.663881 -0.807416 0.376390 -0.454324 -0.903120 0.385941 -0.188213 -0.914540 0.391428 0.101981 -0.828634 0.405729 0.385680 -0.644926 0.433980 0.629072 -0.392621 0.456787 0.798245 -0.101838 0.473096 0.875105 0.179503 0.477688 0.859995 0.437418 0.478724 0.761242 0.650684 0.477631 0.590321 0.801145 0.475017 0.364039 0.875993 0.471957 0.099466 0.864601 0.469777 -0.178255 0.768291 0.471575 -0.432836 0.602822 0.477742 -0.639037 0.379795 0.488341 -0.785671 0.122584 0.491905 -0.861976 -0.150137 0.481560 -0.863457 -0.373000 0.446732 -0.813204 -0.235208 0.537995 -0.809468 -0.465497 0.512090 -0.721857 
						-0.675209 0.507405 -0.535380 -0.810599 0.511738 -0.284698 -0.845371 0.534148 -0.005831 -0.783176 0.567199 0.254795 -0.647193 0.599017 0.471508 -0.460082 0.622350 0.633249 -0.238936 0.634145 0.735371 -0.000000 0.637638 0.770336 0.238315 0.636588 0.733459 0.455828 0.631347 0.627393 0.632229 0.624965 0.457936 0.743438 0.624609 0.239087 0.780158 0.625579 0.002100 0.741788 0.630699 -0.227970 0.636439 0.638129 -0.433286 0.470575 0.649199 -0.597578 0.258282 0.641811 -0.722059 0.072367 0.620420 -0.780924 0.225510 0.372019 -0.900415 -0.054912 0.322132 -0.945101 -0.362356 0.313642 -0.877682 -0.635962 0.322083 -0.701295 -0.825314 0.356348 -0.438032 -0.904189 0.401969 -0.144442 -0.886850 0.443502 0.129625 -0.800599 0.467434 0.374895 -0.648912 0.474195 0.595023 -0.436866 0.478121 0.761938 -0.180538 0.478533 0.859309 0.104486 0.470905 0.875974 0.374920 0.467372 0.800623 0.605730 0.466395 0.644644 0.773633 0.467569 0.427634 0.863657 0.472309 0.176126 0.871506 0.484198 -0.077648 0.808160 0.490753 -0.325636 0.668367 0.490902 -0.558838 0.532949 0.459149 -0.710737 0.500411 -0.072820 -0.862720 0.192248 -0.110166 -0.975143 -0.146240 -0.119333 -0.982025 -0.468549 -0.119841 -0.875271 -0.740951 -0.089998 -0.665502 -0.922480 -0.036591 -0.384308 -0.996863 0.015159 -0.077680 -0.979653 0.041898 0.196278 -0.874652 0.044582 0.482698 -0.687356 0.044887 0.724933 -0.434290 0.045128 0.899642 -0.111018 0.043847 0.992851 0.201759 0.043706 0.978460 0.500244 0.042754 0.864828 0.742848 0.042334 0.668120 0.908468 0.042633 0.415774 0.986630 0.044784 0.156700 0.989764 0.045974 -0.135109 0.901606 0.047243 -0.429971 0.793634 -0.001766 -0.608393 0.116219 -0.117892 -0.986202 0.425985 -0.083354 -0.900882 0.332722 -0.581285 -0.742565 0.080495 -0.581461 -0.809583 -0.204721 -0.123835 -0.970955 -0.185294 -0.583350 -0.790803 
						-0.517545 -0.123667 -0.846672 -0.443279 -0.585298 -0.678918 -0.766899 -0.092345 -0.635090 -0.654723 -0.572649 -0.493367 -0.927754 -0.037316 -0.371321 -0.798311 -0.543165 -0.260138 -0.993744 0.016710 -0.110428 -0.858613 -0.512339 -0.017075 -0.981227 0.042286 0.188164 -0.836382 -0.494071 0.237402 -0.860762 0.043225 0.507168 -0.721033 -0.483589 0.496239 -0.662837 0.043286 0.747511 -0.530256 -0.481644 0.697745 -0.402906 0.043472 0.914208 -0.290549 -0.482868 0.826087 -0.106514 0.043628 0.993353 -0.022649 -0.483980 0.874786 0.181294 0.044697 0.982413 0.234987 -0.492931 0.837735 0.472443 0.044203 0.880252 0.478381 -0.496927 0.724027 0.716595 0.044039 0.696098 0.675093 -0.497876 0.544397 0.894206 0.044117 0.445476 0.809116 -0.496222 0.314794 0.988976 0.044058 0.141368 0.869672 -0.491080 0.050119 0.976522 0.042108 -0.211261 0.845211 -0.475842 -0.243295 0.864267 0.043143 -0.501180 0.726640 -0.475230 -0.496136 0.741988 -0.013035 -0.670286 0.603532 -0.548612 -0.578597 -0.058451 -0.468447 -0.881556 0.301352 -0.671736 -0.676725 0.717106 -0.543827 -0.435902 0.950829 -0.072239 -0.301175 0.944596 -0.070991 -0.320465 0.789312 0.475242 -0.388755 0.303187 0.706049 -0.639979 -0.126734 0.428068 -0.894816 -0.231257 -0.055604 -0.971302 0.229855 -0.533071 -0.814249 0.547762 -0.687166 -0.477241 0.849131 -0.506867 -0.148534 0.997079 -0.069402 0.031888 0.997067 -0.063245 -0.043103 0.899063 0.429075 -0.087066 0.523893 0.731601 -0.436231 0.142511 0.477121 -0.867206 0.050763 -0.078338 -0.995634 0.431577 -0.558065 -0.708734 0.668481 -0.708204 -0.227114 0.864170 -0.469602 0.180791 0.939789 -0.020287 0.341152 0.952708 -0.019420 0.303265 0.878701 0.434965 0.196698 0.653686 0.728996 -0.203123 0.400498 0.555492 -0.728718 0.305815 -0.021995 -0.951837 0.459464 -0.579911 -0.672753 0.615597 -0.777784 -0.126855 0.761865 -0.516034 0.391499 
						0.762510 0.044403 0.645451 0.868435 0.052898 0.492973 0.745823 0.580288 0.327130 0.598056 0.774201 -0.207224 0.451847 0.525173 -0.721129 0.391361 -0.034810 -0.919579 0.308806 -0.780344 -0.543785 -0.196940 -0.572475 -0.795919 -0.372253 -0.007628 -0.928100 -0.123334 0.501870 -0.856105 0.335004 0.673973 -0.658432 0.757011 0.475249 -0.448410 0.942285 -0.000425 -0.334811 0.935478 -0.001936 -0.353379 0.776155 -0.507499 -0.374203 0.422161 -0.723708 -0.545918 -0.000971 -0.532719 -0.846291 -0.190817 -0.007278 -0.981599 -0.007380 0.526139 -0.850366 0.420108 0.728655 -0.540898 0.828659 0.507214 -0.236767 0.995314 -0.007724 -0.096392 0.986754 -0.009545 -0.161943 0.822632 -0.503100 -0.264891 0.396694 -0.598877 -0.695687 -0.028383 -0.384631 -0.922634 -0.229514 0.105762 -0.967542 -0.092758 0.606531 -0.789630 0.319127 0.822735 -0.470388 0.779026 0.593269 -0.202854 0.979205 0.054834 -0.195324 0.984219 0.050210 -0.169684 0.810757 -0.430499 -0.396667 0.160087 0.830477 0.533554 -0.138154 -0.876868 -0.460453 -0.277379 -0.261535 -0.924478 -0.243214 0.532696 -0.810606 -0.054947 0.981551 -0.183132 0.281366 0.203550 0.937764 0.245591 -0.519323 0.818529 0.076550 -0.963871 0.255132 0.246825 -0.432574 -0.867155 -0.207704 -0.218289 -0.953525 -0.430909 0.235199 -0.871206 -0.299871 0.702852 -0.645039 0.163220 0.909900 -0.381369 0.687947 0.670199 -0.278502 0.901863 0.156920 -0.402516 0.900514 0.157897 -0.405146 0.703124 -0.289948 -0.649266 0.096842 -0.281726 -0.954595 -0.373078 -0.060099 -0.925851 -0.578672 0.361111 -0.731257 -0.427874 0.784819 -0.448311 0.041086 0.971403 -0.233853 0.557428 0.792866 -0.246246 0.799021 0.350400 -0.488656 0.844653 0.318269 -0.430425 0.623698 -0.144128 -0.768263 0.208075 -0.192254 -0.959032 -0.312179 -0.016589 -0.949878 -0.560221 0.411549 -0.718874 -0.400561 0.826017 -0.396544 0.064154 0.984585 -0.162719 
						0.541806 0.810376 -0.223018 0.708750 0.492990 -0.504613 0.870386 0.350409 -0.345891 0.688892 -0.021565 -0.724543 0.023336 -0.836137 0.548023 0.012231 -0.626843 0.779050 -0.044110 -0.995535 0.083451 0.186505 -0.974493 -0.124819 0.221381 -0.935590 0.275066 0.485367 -0.825858 -0.287015 0.524855 -0.849439 0.054592 0.769920 -0.536215 -0.345972 0.816513 -0.575321 -0.048086 0.949671 -0.147090 -0.276568 0.985136 -0.171481 -0.010048 0.960952 0.260165 -0.094261 0.952791 0.265408 0.147473 0.789241 0.595227 0.151007 0.691647 0.624151 0.363401 0.470989 0.790626 0.391253 0.236548 0.803796 0.545853 0.077500 0.823708 0.561692 -0.305809 0.747195 0.590068 -0.310242 0.723246 0.616981 -0.768483 0.484722 0.417706 -0.623223 0.567236 0.538365 -0.982899 0.105090 0.151211 -0.814613 0.465617 0.345842 0.174491 -0.442435 0.879661 -0.136338 -0.958211 0.251481 -0.513321 -0.808176 -0.288708 -0.215403 -0.859148 -0.464183 0.174883 -0.762601 -0.622781 0.550209 -0.488448 -0.677266 0.803360 -0.086126 -0.589233 0.861830 0.347084 -0.369840 0.709032 0.701613 -0.070795 0.388800 0.891118 0.233973 -0.008868 0.880764 0.473473 -0.376157 0.701208 0.605651 -0.619114 0.452238 0.642011 -0.660172 0.329139 0.675159 -0.696104 -0.700432 -0.157587 -0.833150 -0.514713 -0.202317 -0.518995 -0.733202 -0.439386 -0.093347 -0.744161 -0.661446 0.337415 -0.534445 -0.774932 0.659761 -0.156946 -0.734904 0.787879 0.287976 -0.544350 0.688510 0.681047 -0.249256 0.390984 0.917234 0.076240 -0.020130 0.935393 0.353036 -0.427638 0.735876 0.524988 -0.712729 0.380469 0.589288 -0.727797 -0.005395 0.685771 -0.986075 -0.165276 0.018445 -0.915386 -0.400773 0.038080 -0.663752 -0.688177 -0.292995 -0.260332 -0.768486 -0.584514 0.185895 -0.618432 -0.763534 0.554618 -0.276151 -0.784946 0.746653 0.167436 -0.643796 0.710358 0.593665 -0.378093 0.455646 0.888220 -0.058754 
						0.051299 0.971886 0.229795 -0.393403 0.821074 0.413607 -0.758601 0.473048 0.448051 -0.909485 -0.031155 0.414567 -0.910001 -0.030553 0.413478 -0.864498 -0.463738 0.193881 -0.687036 -0.710617 -0.151671 -0.334398 -0.818500 -0.467156 0.098106 -0.718489 -0.688585 0.491729 -0.418747 -0.763449 0.738091 0.009084 -0.674641 0.769319 0.454924 -0.448545 0.576687 0.803278 -0.148915 0.212581 0.967138 0.139476 -0.224319 0.915909 0.332853 -0.616732 0.697007 0.365818 -0.891171 0.365796 0.268344 -0.781286 -0.300291 0.547191 -0.803130 -0.573124 0.162820 -0.638976 -0.765094 -0.079628 -0.324067 -0.879250 -0.349143 0.082544 -0.820263 -0.565999 0.481643 -0.570297 -0.665418 0.768126 -0.177669 -0.615155 0.865732 0.262971 -0.425857 0.751948 0.642364 -0.148131 0.466496 0.872957 0.142576 0.102132 0.923351 0.370125 -0.218978 0.846148 0.485883 -0.441016 0.735170 0.514810 -0.811213 -0.512304 0.281920 -0.825710 -0.564000 0.010343 -0.583912 -0.805967 -0.097285 -0.237268 -0.935832 -0.260618 0.168641 -0.900912 -0.399896 0.558770 -0.694827 -0.452759 0.850278 -0.359249 -0.384666 0.980084 0.024904 -0.197015 0.929483 0.361543 0.073125 0.733683 0.572287 0.366328 0.470242 0.625062 0.623033 0.229122 0.547147 0.805067 0.108310 0.424658 0.898852 -0.952494 -0.304267 -0.013291 -0.923467 -0.383467 0.012717 -0.582455 -0.801845 -0.133381 -0.078237 -0.957628 -0.277178 0.428860 -0.843433 -0.323575 0.808185 -0.541377 -0.231834 0.985269 -0.170588 -0.012010 0.946032 0.148801 0.287893 0.733757 0.320485 0.599074 0.440318 0.294450 0.848186 0.186522 0.087219 0.978572 0.084303 -0.208634 0.974354 0.171401 -0.442218 0.880378 -0.982824 0.104732 0.151949 
					</float_array>
					<technique_common>
						<accessor count="1081" offset="0" source="#meshId2-tangents-array" stride="3">
							<param name="X" type="float" />
							<param name="Y" type="float" />
							<param name="Z" type="float" />
						</accessor>
					</technique_common>
				</source>
				<source id="meshId2-bitangents" name="meshId2-bitangents">
					<float_array id="meshId2-bitangents-array" count="3243"> 
						-0.071307 0.008504 0.997418 0.112788 0.018172 0.993453 0.124812 -0.121702 0.984688 -0.123139 -0.114613 0.985749 0.267338 0.112588 0.957003 0.343734 -0.008474 0.939029 0.350791 0.266795 0.897645 0.472185 0.193829 0.859925 0.340451 0.439655 0.831141 0.474312 0.430227 0.768071 0.238706 0.584832 0.775236 0.348782 0.636809 0.687623 0.072475 0.663229 0.744899 0.128500 0.758287 0.639131 -0.113912 0.653494 0.748312 -0.130371 0.763314 0.632736 -0.270559 0.557869 0.784589 -0.369142 0.649754 0.664495 -0.373225 0.403542 0.835378 -0.517513 0.431463 0.738932 -0.332247 0.398784 0.854742 -0.337690 0.229021 0.912970 -0.411675 0.220507 0.884251 -0.386277 0.424442 0.818925 -0.235773 0.085835 0.968010 -0.326967 0.011753 0.944963 0.906723 -0.393835 0.150820 0.996179 0.081561 -0.031234 0.819528 0.535141 -0.204934 0.423974 0.845778 -0.323893 -0.084846 0.930497 -0.356336 -0.570979 0.766670 -0.293598 -0.904620 0.398031 -0.152427 -0.996600 -0.076946 0.029467 -0.822334 -0.531374 0.203491 -0.420733 -0.847188 0.324433 0.089425 -0.930123 0.356193 0.574971 -0.764064 0.292600 -0.833676 -0.432164 0.343830 -0.817955 -0.409689 0.403861 -0.857239 -0.480864 0.184148 -0.469881 -0.748766 0.467506 -0.456333 -0.719521 0.523498 -0.496155 -0.810814 0.310503 0.018740 -0.859242 0.511226 0.026719 -0.825027 0.564461 -0.003110 -0.933861 0.357624 0.502847 -0.729927 0.462981 0.503292 -0.694035 0.514793 0.491333 -0.813370 0.311482 0.853571 -0.396944 0.337419 0.846594 -0.363364 0.388902 0.855557 -0.483470 0.185146 0.984115 0.045591 0.171578 0.972058 0.073247 0.223021 0.999178 -0.037863 0.014500 0.878658 0.477273 0.013038 0.865563 0.496813 0.063068 0.902786 0.401645 -0.153811 0.598715 0.795102 -0.096711 0.589012 0.806429 -0.052320 0.624895 0.729077 -0.279201 0.262429 0.954920 -0.138778 0.258747 0.959788 -0.108889 
						0.281222 0.896177 -0.343193 -0.656290 0.741735 -0.138245 -0.656952 0.751805 -0.056594 -0.645168 0.713511 -0.273241 -0.905623 0.424080 0.001879 -0.897318 0.435120 0.074105 -0.907025 0.393228 -0.150588 -0.984714 -0.001468 0.174175 -0.970791 0.014309 0.239498 -0.999124 -0.039088 0.014969 -0.092681 -0.058235 0.993991 0.126142 -0.056538 0.990400 0.132912 -0.085736 0.987413 -0.104485 -0.105721 0.988891 0.315469 0.050028 0.947616 0.326600 0.036682 0.944450 0.422590 0.232445 0.876006 0.429923 0.229224 0.873283 0.417702 0.442032 0.793809 0.417592 0.442026 0.793871 0.300864 0.623348 0.721747 0.293848 0.618620 0.728672 0.100836 0.729453 0.676557 0.094046 0.711023 0.696851 -0.136849 0.734679 0.664469 -0.123199 0.694941 0.708435 -0.374748 0.635948 0.674636 -0.293014 0.579610 0.760391 -0.525926 0.417628 0.740938 -0.372984 0.407534 0.833546 -0.330429 0.402669 0.853624 -0.358678 0.225253 0.905876 -0.480189 0.173963 0.859741 -0.486677 0.416244 0.768041 -0.276348 0.046462 0.959934 -0.328241 -0.014024 0.944490 0.637549 -0.424895 0.642647 0.863082 -0.064972 0.500866 0.870157 -0.009920 0.492675 0.667739 -0.383190 0.638192 -0.131327 -0.281138 0.950639 -0.415708 -0.165736 0.894270 -0.410462 -0.062543 0.909730 -0.172976 -0.183626 0.967657 0.871386 0.357160 0.336339 0.849695 0.411795 0.329307 0.177927 -0.258901 0.949375 0.096925 -0.189196 0.977144 0.654857 0.731278 0.190773 0.608045 0.770767 0.190260 0.436149 -0.100891 0.894201 0.336833 -0.075519 0.938531 0.267862 0.958068 0.101767 0.207817 0.971777 0.111630 0.575962 0.152425 0.803140 0.487152 0.130704 0.863481 -0.188089 0.977870 0.091608 -0.244991 0.962945 0.112764 0.562521 0.430338 0.705960 0.509830 0.376007 0.773752 -0.593104 0.789120 0.159744 -0.631361 0.751973 0.189526 0.410320 0.652876 0.636702 0.402848 0.594563 0.695850 
						-0.846765 0.452437 0.279804 -0.857991 0.408130 0.311900 0.186719 0.760075 0.622432 0.203886 0.729358 0.653045 -0.913298 0.076945 0.399959 -0.906048 0.051511 0.420028 -0.004051 0.744227 0.667915 -0.020335 0.753698 0.656906 -0.908649 -0.166379 0.382981 -0.902190 -0.176392 0.393624 -0.052046 0.669579 0.740915 -0.122556 0.678527 0.724280 -0.357588 -0.563223 0.744923 -0.151258 -0.649736 0.744959 -0.116198 -0.649325 0.751582 -0.327656 -0.573351 0.750940 -0.687891 0.336097 0.643308 -0.623755 0.623541 0.471303 -0.533236 0.652422 0.538521 -0.604407 0.402795 0.687349 0.262402 -0.632993 0.728330 0.303036 -0.612464 0.730107 -0.613340 0.056070 0.787826 -0.565329 0.146388 0.811772 0.636251 0.438135 -0.634998 0.595668 0.363565 -0.716241 0.590116 0.354059 -0.725538 0.624008 0.414530 -0.662404 0.691806 0.572061 -0.440625 0.682074 0.542651 -0.490209 0.706921 0.668374 -0.231387 0.706639 0.646901 -0.286671 0.687328 0.725864 -0.026479 0.696032 0.713047 -0.084283 0.646065 0.748694 0.148519 0.661695 0.744029 0.092633 0.574336 0.744967 0.339357 0.598189 0.749326 0.284042 0.473389 0.707739 0.524412 0.499825 0.719737 0.481823 0.340897 0.631673 0.696260 0.369973 0.650272 0.663526 0.245034 0.564295 0.788371 0.279604 0.589591 0.757762 0.188094 0.368673 -0.910330 0.115931 0.281665 -0.952483 0.113561 0.283450 -0.952239 0.184921 0.370869 -0.910088 0.326042 0.558173 -0.762981 0.323555 0.559621 -0.762979 0.393442 0.685473 -0.612641 0.391096 0.686689 -0.612782 0.441626 0.779636 -0.443999 0.438454 0.781184 -0.444420 0.452749 0.871642 -0.187771 0.450985 0.872468 -0.188179 0.429797 0.902879 0.009134 0.427637 0.903911 0.008471 0.386395 0.896122 0.218319 0.383851 0.897452 0.217343 0.269493 0.839550 0.471730 0.268067 0.840388 0.471050 0.207086 0.794807 0.570435 0.206066 0.795447 0.569913 
						0.310232 -0.031654 -0.950134 0.203807 -0.152120 -0.967120 0.167464 -0.191063 -0.967187 0.279477 -0.067513 -0.957776 0.465601 0.165653 -0.869353 0.437001 0.126947 -0.890457 0.585639 0.346492 -0.732783 0.559364 0.303597 -0.771324 0.658813 0.485345 -0.574809 0.641194 0.448016 -0.623018 0.698294 0.595825 -0.396710 0.688649 0.561926 -0.458260 0.704469 0.688740 -0.171349 0.707025 0.665702 -0.238656 0.666218 0.742006 0.074703 0.681102 0.732152 0.007351 0.584559 0.747120 0.316390 0.603572 0.749964 0.270656 0.537722 0.734400 0.414140 0.546738 0.737371 0.396689 0.671790 0.252279 -0.696458 0.605218 0.152244 -0.781366 0.605473 0.151968 -0.781222 0.668898 0.255514 -0.698061 0.762146 0.339921 -0.550987 0.755857 0.347739 -0.554759 0.825168 0.380038 -0.417934 0.819474 0.388125 -0.421687 0.866548 0.419770 -0.269977 0.861492 0.427890 -0.273388 0.885198 0.460177 -0.068270 0.881281 0.467274 -0.070700 0.881552 0.464300 0.085389 0.878407 0.470532 0.083675 0.869982 0.437664 0.227117 0.866899 0.444435 0.225753 0.824347 0.405158 0.395347 0.822951 0.408315 0.395007 0.768098 0.379949 0.515426 0.768019 0.380117 0.515419 0.793952 0.567771 -0.217432 0.794264 0.567390 -0.217286 0.794999 0.566492 -0.216942 0.794687 0.566874 -0.217088 0.941597 0.314471 -0.120429 0.941203 0.315499 -0.120822 0.941034 0.315936 -0.120990 0.941429 0.314908 -0.120596 0.289039 -0.596307 -0.748915 0.380179 -0.656573 -0.651441 0.384212 -0.659029 -0.646577 0.301769 -0.605235 -0.736631 0.072340 -0.423305 -0.903095 0.107356 -0.453736 -0.884646 -0.108641 -0.251924 -0.961630 -0.082249 -0.278388 -0.956941 -0.265654 -0.083343 -0.960459 -0.220123 -0.134290 -0.966184 -0.442699 0.134556 -0.886517 -0.397899 0.075952 -0.914280 -0.545953 0.282573 -0.788725 -0.523250 0.248099 -0.815264 -0.633533 0.432793 -0.641347 -0.626472 0.419191 -0.657124 
						-0.696365 0.588211 -0.411197 -0.692328 0.573805 -0.437526 -0.706316 0.642691 -0.296759 -0.705242 0.632639 -0.320004 0.455255 0.664474 -0.592637 0.504154 0.631279 -0.589335 0.513341 0.634191 -0.578172 0.463722 0.666032 -0.584263 0.381702 0.751002 -0.538794 0.383729 0.750905 -0.537489 0.360824 0.807879 -0.465981 0.363866 0.807298 -0.464620 0.312692 0.861748 -0.399518 0.318935 0.860159 -0.398004 0.301910 0.911861 -0.278138 0.298567 0.912976 -0.278087 0.328017 0.926176 -0.186016 0.326767 0.926671 -0.185753 0.320825 0.944272 -0.073636 0.320854 0.944261 -0.073649 0.386923 0.920531 0.053978 0.379115 0.923385 0.060260 0.442873 0.892796 0.082331 0.433169 0.896579 0.092254 -0.673284 0.738039 0.044584 -0.694753 0.715363 -0.074660 -0.696315 0.712507 -0.086487 -0.677012 0.735461 0.027429 -0.604367 0.750047 0.268646 -0.610322 0.750556 0.253324 -0.502845 0.721022 0.476733 -0.522995 0.729095 0.441471 -0.386099 0.660172 0.644283 -0.421469 0.680751 0.599118 -0.234199 0.556151 0.797400 -0.273787 0.585411 0.763109 -0.104943 0.451668 0.885992 -0.131283 0.474009 0.870678 0.051681 0.308406 0.949850 0.019351 0.339421 0.940436 0.234812 0.118049 0.964846 0.217240 0.137457 0.966391 0.317533 0.023006 0.947968 0.311649 0.029980 0.949724 -0.916338 -0.309945 -0.253494 -0.876270 -0.380082 -0.296121 -0.876302 -0.381294 -0.294466 -0.916326 -0.310256 -0.253155 -0.952639 -0.265713 -0.147902 -0.953165 -0.262101 -0.150928 -0.962540 -0.266972 -0.047360 -0.963582 -0.262646 -0.050271 -0.970009 -0.240802 0.033110 -0.970965 -0.237162 0.031314 -0.955804 -0.252608 0.150426 -0.957602 -0.246694 0.148798 -0.929634 -0.288683 0.229002 -0.931076 -0.284393 0.228512 -0.897690 -0.334205 0.287158 -0.899132 -0.330170 0.287312 -0.854403 -0.392738 0.340224 -0.855510 -0.389669 0.340971 -0.832203 -0.404327 0.379418 -0.832319 -0.403951 0.379565 
						-0.988737 -0.139765 0.053522 -0.988487 -0.141302 0.054111 -0.987886 -0.144920 0.055496 -0.988143 -0.143383 0.054908 -0.892755 -0.420746 0.161125 -0.893183 -0.419953 0.160822 -0.893364 -0.419616 0.160693 -0.892937 -0.420409 0.160996 0.932655 0.185149 0.309637 0.773437 0.503940 0.384500 0.947358 0.111438 0.300156 0.988039 -0.129067 0.084378 0.992008 -0.117829 0.045123 0.916169 -0.366546 -0.162105 0.853996 0.415011 -0.313780 0.829260 0.521902 -0.199865 0.632791 0.333042 -0.699041 0.566725 0.330752 -0.754603 0.790456 0.319098 -0.522834 0.394852 0.424272 -0.814914 0.613974 0.395965 -0.682824 0.192575 0.625791 -0.755844 0.419806 0.574517 -0.702633 0.055981 0.839505 -0.540460 0.277096 0.768326 -0.576968 0.040298 0.974867 -0.219113 0.224457 0.910036 -0.348502 0.152663 0.981432 0.116123 0.271180 0.959068 -0.081542 0.359007 0.855627 0.372848 0.401089 0.902155 0.158886 0.599759 0.633042 0.489435 0.581284 0.746474 0.323860 0.811213 0.369330 0.453353 0.908356 -0.321947 0.266906 0.878969 -0.475229 -0.039633 0.771632 -0.596131 -0.221837 0.294093 -0.009374 -0.955731 0.171120 0.084920 -0.981584 -0.071514 0.330200 -0.941198 -0.285940 0.629874 -0.722148 -0.371890 0.865897 -0.334545 -0.287201 0.949855 0.123655 -0.051356 0.850254 0.523862 0.268745 0.595208 0.757300 0.583878 0.257587 0.769893 0.812369 -0.072257 0.578650 0.664276 -0.686716 0.295226 0.629555 -0.774862 -0.057008 0.581725 -0.773114 -0.252767 -0.056307 -0.394810 -0.917036 -0.194348 -0.253691 -0.947560 -0.466679 0.066479 -0.881925 -0.685168 0.408236 -0.603231 -0.746979 0.647034 -0.152869 -0.620616 0.703097 0.347118 -0.339433 0.558804 0.756653 0.017333 0.257226 0.966196 0.352369 -0.115221 0.928741 0.581656 -0.457235 0.672765 0.277464 -0.880347 0.384710 0.284523 -0.957221 0.052668 0.304372 -0.929448 -0.208527 -0.322483 -0.718108 -0.616705 
						-0.429630 -0.583342 -0.689297 -0.689518 -0.281491 -0.667329 -0.899491 0.033240 -0.435673 -0.966535 0.252500 -0.045315 -0.866184 0.310471 0.391577 -0.628601 0.193918 0.753165 -0.321399 -0.060250 0.945025 -0.026820 -0.379058 0.924984 0.184201 -0.676465 0.713067 -0.145561 -0.850495 0.505441 -0.072847 -0.959782 0.271130 -0.028561 -0.999573 -0.006117 -0.420071 -0.895818 -0.145085 -0.482727 -0.823267 -0.298675 -0.696075 -0.618803 -0.364091 -0.883476 -0.387383 -0.263449 -0.978420 -0.204042 -0.032585 -0.959096 -0.117785 0.257411 -0.837115 -0.146459 0.527057 -0.648767 -0.276793 0.708864 -0.442929 -0.470708 0.763051 -0.265907 -0.677694 0.685583 -0.497785 -0.609768 0.616759 -0.351807 -0.766827 0.536850 -0.307976 -0.888473 0.340243 -0.307062 -0.888749 0.340349 -0.350953 -0.929629 0.112343 -0.497296 -0.866004 -0.052282 -0.652368 -0.747191 -0.126971 -0.787611 -0.606409 -0.109255 -0.879718 -0.475390 -0.010014 -0.912371 -0.382291 0.146399 -0.879656 -0.347284 0.324961 -0.787584 -0.378648 0.486146 -0.652529 -0.471602 0.593125 -0.696615 -0.217380 0.683720 -0.483549 -0.412946 0.771787 -0.420816 -0.569295 0.706270 -0.027567 -0.740061 0.671975 -0.072048 -0.895729 0.438724 -0.145178 -0.970749 0.191233 -0.265839 -0.962263 -0.058134 -0.443003 -0.859848 -0.253791 -0.648829 -0.679370 -0.342751 -0.837097 -0.461079 -0.294405 -0.959032 -0.259801 -0.112963 -0.978424 -0.130399 0.160255 -0.883699 -0.112588 0.454312 -0.690059 0.236352 0.684073 -0.430373 0.026681 0.902256 -0.323098 -0.121952 0.938475 0.305243 -0.552846 0.775364 0.285150 -0.747989 0.599334 0.277681 -0.912329 0.300912 0.184150 -0.979684 -0.079418 -0.026952 -0.899794 -0.435482 -0.321467 -0.675975 -0.663111 -0.628561 -0.358827 -0.690039 -0.866103 -0.030720 -0.498921 -0.966546 0.217899 -0.135306 -0.899742 0.315581 0.301452 -0.467175 0.638808 0.611287 -0.195000 0.444637 0.874227 -0.056893 0.319257 0.945959 
						0.582241 -0.407293 0.703639 0.629876 -0.539213 0.559022 0.664281 -0.708541 0.238116 0.581469 -0.789642 -0.195855 0.352168 -0.705970 -0.614479 0.017253 -0.453863 -0.890904 -0.339367 -0.089619 -0.936375 -0.620488 0.291165 -0.728160 -0.746956 0.583404 -0.318898 -0.685391 0.706691 0.175576 -0.071891 0.874779 0.479158 0.170563 0.719436 0.673290 0.293460 0.631971 0.717282 0.771701 -0.296565 0.562607 0.878966 -0.328073 0.346102 0.908161 -0.418328 0.015625 0.812065 -0.440378 -0.382908 0.583634 -0.322482 -0.745236 0.268675 -0.062838 -0.961179 -0.051227 0.282753 -0.957824 -0.286983 0.624086 -0.726744 -0.371766 0.867703 -0.329972 -0.286051 0.951174 0.115940 0.394653 0.860478 0.322223 0.566248 0.750826 0.340034 0.632111 0.715477 0.297538 0.915999 -0.165753 0.365337 0.987887 -0.153463 0.022982 0.947106 -0.118185 -0.298366 0.810897 -0.028199 -0.584509 0.599521 0.144178 -0.787266 0.358976 0.387729 -0.849001 0.152864 0.652741 -0.741999 0.040631 0.871698 -0.488356 0.056271 0.985656 -0.159109 0.192663 0.970688 0.143686 0.790443 0.587004 0.175002 0.853593 0.519039 -0.044459 0.828673 0.522714 -0.200176 0.991831 -0.119121 0.045618 0.932572 -0.070164 -0.354099 0.773298 0.117442 -0.623071 0.581060 0.338834 -0.739974 0.400901 0.565168 -0.721016 0.271182 0.768211 -0.579924 0.224698 0.909984 -0.348482 0.277521 0.957042 -0.083984 0.420263 0.896744 0.138667 0.614278 0.750786 0.242864 0.412126 -0.570956 0.710043 0.184466 -0.619443 0.763061 -0.345079 -0.389156 0.854095 -0.104210 -0.322086 0.940958 0.631868 -0.558347 0.537579 0.202260 -0.298097 0.932861 0.763345 -0.588211 0.267042 0.505811 -0.341106 0.792339 0.771153 -0.636553 -0.011068 0.729244 -0.417457 0.542156 0.700417 -0.674120 -0.234475 0.844075 -0.463726 0.269248 0.589582 -0.684765 -0.428357 0.880819 -0.473449 -0.001799 0.426405 -0.688282 -0.586896 
						0.837196 -0.475111 -0.270874 0.223913 -0.689174 -0.689132 0.712805 -0.475605 -0.515470 0.000000 -0.689374 -0.724406 0.518770 -0.475734 -0.710320 -0.223837 -0.689430 -0.688900 0.273922 -0.475764 -0.835832 -0.425742 -0.689469 -0.585983 0.002285 -0.475796 -0.879553 -0.585909 -0.689566 -0.425687 -0.269538 -0.475843 -0.837211 -0.688565 -0.689800 -0.223728 -0.514828 -0.475975 -0.713021 -0.723440 -0.690387 -0.000000 -0.709507 -0.476288 -0.519374 -0.686703 -0.691849 0.223123 -0.834465 -0.477052 -0.275844 -0.581095 -0.695761 0.422190 -0.877729 -0.479090 -0.008050 -0.415883 -0.706671 0.572413 -0.837233 -0.485578 0.251505 -0.209454 -0.735241 0.644632 -0.732417 -0.511413 0.449469 -0.131880 -0.737649 0.662179 -0.660125 -0.566339 0.493452 -0.010653 -0.671328 0.741084 -0.546799 -0.461902 0.698325 -0.550622 0.134748 0.823807 -0.297802 0.210183 0.931202 0.010227 0.238708 0.971037 0.343311 0.205058 0.916563 0.645914 0.120883 0.753779 0.869862 0.056340 0.490067 0.980706 0.043775 0.190525 0.991602 0.043782 -0.121690 0.905573 0.043793 -0.421924 0.730917 0.043796 -0.681060 0.484689 0.043796 -0.873590 0.191037 0.043797 -0.980605 -0.121272 0.043799 -0.991652 -0.421622 0.043806 -0.905713 -0.680561 0.043823 -0.731379 -0.872811 0.043861 -0.486083 -0.979891 0.043946 -0.194634 -0.992802 0.044206 0.111311 -0.925118 0.045740 0.376914 -0.916521 -0.000505 0.399986 -0.763574 0.071028 0.641802 -0.356980 0.621389 0.697453 -0.144077 0.664162 0.733574 0.097771 0.680670 0.726036 0.357914 0.664342 0.656161 0.590373 0.620290 0.516430 0.766873 0.570483 0.294032 0.829886 0.557111 0.030268 0.798939 0.555321 -0.230900 0.688342 0.554958 -0.467127 0.510207 0.554854 -0.657135 0.282115 0.554814 -0.782683 0.026425 0.554802 -0.831563 -0.231821 0.554809 -0.799028 -0.467326 0.554844 -0.688298 -0.657020 0.554928 -0.510275 -0.782380 0.555067 -0.282459 
						-0.831333 0.555120 -0.026954 -0.799088 0.554457 0.232455 -0.688467 0.555276 0.466564 -0.665934 0.578834 0.470620 -0.536949 0.587257 0.605653 0.125435 0.830129 0.543280 0.259865 0.862904 0.433436 0.379402 0.871792 0.309892 0.494799 0.852629 0.167922 0.576566 0.817040 -0.004165 0.592093 0.782456 -0.192843 0.519036 0.767070 -0.377102 0.380209 0.762617 -0.523313 0.200290 0.761510 -0.616431 0.000000 0.761179 -0.648542 -0.200450 0.761071 -0.616921 -0.381306 0.761030 -0.524822 -0.524845 0.761006 -0.381322 -0.616995 0.761005 -0.200474 -0.648776 0.760979 0.000000 -0.617181 0.760837 0.200534 -0.525763 0.760038 0.381989 -0.384834 0.755872 0.529679 -0.210065 0.733410 0.646515 -0.125501 0.735121 0.666218 -0.018498 0.791915 0.610351 0.652835 0.608204 0.451547 0.766798 0.613997 0.187159 0.792193 0.601550 -0.102801 0.719281 0.595034 -0.358565 0.594885 0.584173 -0.552135 0.438659 0.568796 -0.695737 0.221174 0.560670 -0.797954 -0.029261 0.556507 -0.830328 -0.282817 0.555331 -0.782063 -0.510313 0.554969 -0.656955 -0.688300 0.554850 -0.467317 -0.799029 0.554803 -0.231832 -0.831584 0.554772 0.026376 -0.782790 0.554724 0.281995 -0.657495 0.554623 0.509994 -0.468236 0.554329 0.688095 -0.234369 0.553392 0.799267 0.018048 0.549725 0.835151 0.246012 0.527675 0.813042 0.320528 0.475267 0.819380 0.492579 0.575068 0.653194 0.857226 0.097966 0.505535 0.968759 0.114731 0.219871 0.987556 0.101781 -0.119893 0.877525 0.074224 -0.473752 0.654841 0.047902 -0.754247 0.408084 0.042112 -0.911973 0.121966 0.043771 -0.991569 -0.181942 0.043417 -0.982350 -0.473983 0.043295 -0.879469 -0.721913 0.043256 -0.690630 -0.899853 0.043242 -0.434044 -0.989920 0.043237 -0.134865 -0.983158 0.043234 0.177568 -0.880246 0.043227 0.472545 -0.691366 0.043214 0.721211 -0.435394 0.043180 0.899204 -0.138293 0.043093 0.989453 
						0.168242 0.042840 0.984814 0.438266 0.041600 0.897882 0.491768 -0.004720 0.870713 0.688388 0.065725 0.722359 0.983979 0.103644 0.145062 0.890460 0.093040 0.445449 0.687487 -0.406786 0.601570 0.847867 -0.360393 0.388892 0.977124 0.089927 -0.192724 0.932135 -0.351817 0.085732 0.856993 0.069477 -0.510623 0.890473 -0.383590 -0.244779 0.661275 0.048144 -0.748597 0.736137 -0.433865 -0.519485 0.430293 0.041392 -0.901740 0.532782 -0.460561 -0.709948 0.105993 0.044421 -0.993374 0.274399 -0.473173 -0.837145 -0.207235 0.044465 -0.977280 -0.001555 -0.475377 -0.879781 -0.499207 0.044470 -0.865341 -0.273839 -0.475708 -0.835891 -0.742145 0.044468 -0.668763 -0.518787 -0.475751 -0.710296 -0.912464 0.044467 -0.406733 -0.712893 -0.475756 -0.515208 -0.993497 0.044469 -0.104814 -0.837210 -0.475776 -0.269660 -0.977237 0.044473 0.207439 -0.879528 -0.475841 0.002364 -0.865154 0.044485 0.499529 -0.835588 -0.475994 0.274266 -0.667911 0.044514 0.742909 -0.709382 -0.476373 0.519466 -0.404035 0.044585 0.913656 -0.512502 -0.477315 0.713801 -0.098038 0.044740 0.994177 -0.262599 -0.479620 0.837261 0.218830 0.044937 0.974728 0.017385 -0.484376 0.874687 0.483176 0.043725 0.874431 0.288482 -0.485473 0.825284 0.500770 -0.004720 0.865567 0.325477 -0.491662 0.807672 0.724956 0.066154 0.685611 0.501608 -0.445375 0.741641 0.447955 -0.572520 0.686700 0.222782 -0.572192 0.789281 -0.305484 -0.358114 0.882289 -0.046139 -0.339760 0.939380 0.635026 -0.575026 0.515836 0.241065 -0.330607 0.912462 0.766457 -0.581678 0.272385 0.515036 -0.334085 0.789382 0.799930 -0.600080 -0.004040 0.740884 -0.361500 0.566047 0.734361 -0.627689 -0.258302 0.867970 -0.407586 0.283730 0.601298 -0.656067 -0.456088 0.893761 -0.448452 -0.009015 0.432388 -0.672445 -0.600714 0.839475 -0.465103 -0.281000 0.227783 -0.675759 -0.701045 0.712016 -0.468213 -0.523268 
						0.000000 -0.678489 -0.734610 0.516858 -0.469474 -0.715857 -0.227121 -0.678089 -0.699008 0.271125 -0.469993 -0.839999 -0.434040 -0.676579 -0.594853 -0.003132 -0.469448 -0.882954 -0.601546 -0.674640 -0.427788 -0.277662 -0.470431 -0.837615 -0.708143 -0.670856 -0.220195 -0.526569 -0.470206 -0.708259 -0.742850 -0.669457 0.000962 -0.717682 -0.469956 -0.513882 -0.710074 -0.669843 0.217037 -0.839555 -0.468835 -0.274483 -0.609185 -0.677580 0.412043 -0.883060 -0.469096 -0.012415 -0.449773 -0.685403 0.572648 -0.845322 -0.472809 0.248763 -0.240979 -0.689400 0.683123 -0.726656 -0.475260 0.496083 -0.076682 -0.595405 0.799758 -0.610031 -0.383828 0.693209 -0.526907 0.154339 0.835792 -0.257911 0.193177 0.946660 0.047263 0.206432 0.977319 0.348976 0.213431 0.912504 0.626505 0.188248 0.756343 0.850119 0.133641 0.509350 0.975716 0.076214 0.205352 0.991893 0.050292 -0.116705 0.906619 0.047848 -0.419229 0.733175 0.047879 -0.678352 0.489272 0.047961 -0.870811 0.197975 0.047912 -0.979035 -0.114717 0.047804 -0.992247 -0.418118 0.046888 -0.907182 -0.675321 0.046461 -0.736059 -0.865728 0.046620 -0.498339 -0.977377 0.046945 -0.206228 -0.994717 0.048062 0.090711 -0.919627 0.049369 0.389677 -0.787907 0.127024 0.602550 -0.338949 0.638839 0.690651 -0.111387 0.658964 0.743881 0.130971 0.665035 0.735238 0.360001 0.672695 0.646437 0.557272 0.663163 0.499663 0.716507 0.629704 0.300149 0.804622 0.590990 0.057570 0.795293 0.567170 -0.214071 0.689075 0.562859 -0.456470 0.513488 0.561978 -0.648468 0.289234 0.562908 -0.774260 0.039483 0.565006 -0.824141 -0.214514 0.565928 -0.796058 -0.449908 0.565863 -0.690928 -0.640101 0.566906 -0.518544 -0.766485 0.569195 -0.297520 -0.822243 0.567369 -0.044821 -0.798727 0.564412 0.208505 -0.697680 0.567196 0.437643 -0.550246 0.599190 0.581550 0.140037 0.842902 0.519525 0.281154 0.858924 0.428021 
						0.398383 0.861707 0.314250 0.483856 0.859137 0.166633 0.534165 0.845379 -0.001593 0.537560 0.823567 -0.181017 0.483615 0.800736 -0.353467 0.365808 0.782739 -0.503492 0.195961 0.773214 -0.603107 0.000000 0.770336 -0.637638 -0.196717 0.771204 -0.605431 -0.371096 0.775501 -0.510770 -0.506047 0.780653 -0.366739 -0.594522 0.780937 -0.191520 -0.625576 0.780161 -0.001688 -0.602640 0.776028 0.186026 -0.526736 0.769929 0.360220 -0.400958 0.760618 0.510581 -0.216034 0.766863 0.604360 -0.064913 0.784246 0.617045 0.658441 0.622989 0.422303 0.774545 0.611080 0.163281 0.795171 0.595271 -0.115569 0.712203 0.594904 -0.372633 0.561661 0.598073 -0.571704 0.377694 0.594503 -0.709869 0.175925 0.583511 -0.792821 -0.050103 0.571245 -0.819249 -0.293189 0.565805 -0.770652 -0.513957 0.562492 -0.647650 -0.688805 0.562141 -0.457761 -0.795284 0.568438 -0.210719 -0.820224 0.569718 0.051520 -0.763520 0.568691 0.305987 -0.633633 0.570209 0.522849 -0.452885 0.573616 0.682539 -0.247321 0.570719 0.783015 -0.010998 0.565376 0.824760 0.250218 0.559132 0.790419 0.407379 0.596976 0.691131 0.862542 0.128136 0.489492 0.977926 0.104396 0.181003 0.984555 0.079031 -0.156221 0.875357 0.070718 -0.478277 0.662920 0.060429 -0.746248 0.382291 0.051918 -0.922582 0.078317 0.047349 -0.995803 -0.194300 0.047010 -0.979815 -0.480774 0.047529 -0.875556 -0.723392 0.047240 -0.688820 -0.898639 0.047011 -0.436164 -0.992419 0.048098 -0.113094 -0.978691 0.047945 0.199665 -0.865684 0.046188 0.498456 -0.669459 0.045212 0.741472 -0.417490 0.045702 0.907531 -0.158741 0.046375 0.986230 0.132896 0.048209 0.989957 0.427837 0.049067 0.902523 0.602713 0.138638 0.785822 0.989844 0.095584 0.105222 0.901625 0.121548 0.415089 0.710732 -0.362966 0.602591 0.859359 -0.371019 0.351919 0.974076 0.071770 -0.214533 0.921856 -0.381919 0.065728 
						0.847310 0.063792 -0.527253 0.888291 -0.388372 -0.245166 0.632722 0.056777 -0.772295 0.749425 -0.406743 -0.522420 0.369306 0.051399 -0.927885 0.531640 -0.432650 -0.728129 0.111100 0.046824 -0.992706 0.285737 -0.450672 -0.845724 -0.186187 0.046662 -0.981406 0.019209 -0.459250 -0.888099 -0.505220 0.048765 -0.861612 -0.266851 -0.467132 -0.842958 -0.745922 0.048712 -0.664249 -0.516486 -0.469137 -0.716347 -0.913140 0.048545 -0.404744 -0.711814 -0.467877 -0.523843 -0.992913 0.048296 -0.108588 -0.839490 -0.465960 -0.279531 -0.982687 0.047022 0.179205 -0.890500 -0.454637 -0.017725 -0.881164 0.044804 0.470683 -0.854856 -0.452176 0.254477 -0.697489 0.043553 0.715271 -0.737732 -0.455721 0.498065 -0.447222 0.044271 0.893327 -0.553229 -0.462573 0.692794 -0.143403 0.047064 0.988545 -0.313196 -0.470455 0.824973 0.209040 0.051620 0.976544 -0.020365 -0.483587 0.875060 0.498980 0.052709 0.865009 0.259895 -0.478346 0.838832 0.665260 0.138035 0.733740 0.450209 -0.364441 0.815165 -0.725014 -0.587121 0.360060 -0.273261 -0.740790 0.613643 0.121739 -0.518079 0.846625 0.297212 -0.060705 0.952880 0.316462 -0.062160 0.946566 0.161936 0.449610 0.878423 -0.302282 0.708163 0.638068 -0.795723 0.494735 0.349374 -0.968984 -0.076234 0.235070 -0.839461 -0.531909 0.111257 -0.518105 -0.726500 0.451402 -0.191061 -0.556936 0.808281 -0.037376 -0.079277 0.996152 0.037700 -0.084271 0.995729 -0.143491 0.476654 0.867301 -0.562214 0.681734 0.468140 -0.899219 0.428555 0.088011 -0.996487 -0.070461 -0.045262 -0.871742 -0.460046 -0.168594 -0.670560 -0.706008 0.227820 -0.446547 -0.550049 0.705721 -0.341551 -0.021245 0.939623 -0.303656 -0.022040 0.952527 -0.429765 0.541417 0.722614 -0.696161 0.684518 0.216321 -0.892420 0.416839 -0.172716 -0.952017 -0.019470 -0.305424 -0.879647 -0.401940 -0.254293 -0.761778 -0.628531 0.156979 -0.635962 -0.481209 0.603316 
						-0.643579 -0.050052 0.763742 -0.491361 -0.040970 0.869992 -0.616663 0.415705 0.668517 -0.731532 0.632940 0.253473 -0.855780 0.483465 -0.184126 -0.917852 0.057141 -0.392789 -0.388195 -0.625348 0.676938 -0.794473 -0.382504 0.471703 -0.925463 0.078817 0.370548 -0.732816 0.535657 0.419587 -0.306818 0.738756 0.600086 0.128838 0.564227 0.815505 0.333867 0.076232 0.939533 0.352490 0.076208 0.932707 0.123731 -0.459340 0.879601 -0.448915 -0.690085 0.567678 -0.838155 -0.461161 0.291251 -0.981432 0.021282 0.190627 -0.821487 0.481698 0.305166 -0.453619 0.684856 0.570264 -0.068944 0.512248 0.856065 0.096571 0.027804 0.994938 0.162147 0.027233 0.986391 -0.025985 -0.498666 0.866404 -0.373018 -0.797643 0.473943 -0.780946 -0.567613 0.260653 -0.970903 -0.094674 0.219963 -0.852401 0.361493 0.377802 -0.487674 0.568144 0.662862 -0.037137 0.366628 0.929626 0.201988 -0.173580 0.963883 0.175940 -0.174973 0.968726 0.026474 -0.649960 0.759507 0.238664 -0.557052 0.795445 -0.251996 0.480732 -0.839878 -0.075160 0.965194 -0.250502 0.153087 0.846307 0.510224 0.282080 0.191198 0.940146 0.058497 -0.979065 0.194964 -0.149244 -0.854578 -0.497416 -0.276999 -0.266368 -0.923211 -0.187177 -0.899271 0.395317 -0.667008 -0.681415 0.301287 -0.897667 -0.210430 0.387187 -0.743513 0.251457 0.619644 -0.264483 0.412758 0.871596 0.232212 0.160303 0.959365 0.431976 -0.314067 0.845434 0.434782 -0.313577 0.844176 0.264307 -0.741094 0.617188 -0.081265 -0.958139 0.274528 -0.580856 -0.763009 0.283589 -0.812994 -0.326497 0.482122 -0.644255 0.083058 0.760287 -0.180735 0.237415 0.954447 0.345760 0.047953 0.937097 0.598464 -0.384542 0.702829 0.532123 -0.411530 0.739924 0.383854 -0.799709 0.461651 -0.003684 -0.980640 0.195786 -0.481615 -0.859080 0.173287 -0.803718 -0.480096 0.351490 -0.730919 -0.027074 0.681927 -0.156133 0.170950 0.972830 
						0.489436 -0.088481 0.867539 0.705060 -0.470928 0.530205 0.491796 -0.584830 0.645066 0.374182 -0.845504 0.380935 0.734156 0.386413 0.558301 0.954035 0.240634 0.178641 0.979860 -0.059397 -0.190648 0.982094 0.181485 0.050549 0.428731 0.346719 0.834252 0.862734 0.399154 0.310430 0.146424 0.153280 0.977274 0.626760 0.533476 0.567958 -0.031977 -0.128231 0.991229 0.311504 0.536531 0.784283 -0.062701 -0.413438 0.908371 -0.016596 0.394216 0.918868 0.050217 -0.616761 0.785547 -0.284077 0.135883 0.949124 0.247293 -0.677404 0.692798 -0.437883 -0.175487 0.881738 0.420553 -0.591147 0.688245 -0.466752 -0.467857 0.750502 0.450992 -0.432135 0.780939 -0.406936 -0.687572 0.601372 0.277760 -0.335382 0.900205 -0.336071 -0.815858 0.470566 0.091287 -0.435078 0.895753 -0.349389 -0.869883 0.348181 0.971585 -0.067733 -0.226793 0.875830 -0.235217 -0.421419 0.699742 -0.199381 -0.686009 0.802240 0.115338 -0.585754 0.789745 0.486382 -0.373811 0.598721 0.796134 -0.087777 0.249638 0.947051 0.201930 -0.178369 0.890012 0.419600 -0.579245 0.636727 0.508974 -0.855395 0.254807 0.450967 -0.950350 -0.154712 0.269998 -0.870654 -0.491107 0.027847 -0.698750 -0.690344 -0.187545 -0.619835 -0.746421 -0.242198 0.579191 -0.418176 -0.699761 0.186726 0.082542 -0.978938 0.263323 0.351895 -0.898238 0.243096 0.627205 -0.739945 0.094069 0.838230 -0.537141 -0.159421 0.926456 -0.340974 -0.456922 0.865984 -0.203208 -0.722879 0.672109 -0.160362 -0.890070 0.397890 -0.222394 -0.922021 0.119176 -0.368341 -0.830140 -0.089846 -0.550268 -0.683989 -0.190749 -0.704112 -0.665397 -0.236501 -0.708035 0.009934 -0.169250 -0.985523 -0.269073 0.538720 -0.798362 -0.314582 0.612253 -0.725385 -0.406260 0.636374 -0.655729 -0.512207 0.602149 -0.612422 -0.600095 0.520748 -0.607212 -0.645704 0.415092 -0.640910 -0.636964 0.313687 -0.704185 -0.576121 0.243940 -0.780114 
						-0.479779 0.225789 -0.847839 -0.377024 0.266231 -0.887115 -0.303709 0.351658 -0.885492 -0.383746 0.446503 -0.808315 -0.382521 0.446545 -0.808873 -0.499242 0.836961 -0.224175 -0.687804 0.703319 -0.179632 -0.859480 0.468210 -0.205117 -0.928645 0.182648 -0.322889 -0.856754 -0.076111 -0.510079 -0.653961 -0.236388 -0.718649 -0.370341 -0.254533 -0.893342 -0.078267 -0.127118 -0.988795 0.150395 0.108654 -0.982637 0.269033 0.386487 -0.882184 0.283445 0.630186 -0.722859 0.188005 0.836093 -0.515366 -0.468106 0.861791 -0.195428 -0.439582 0.754461 0.487398 -0.688895 0.523115 0.501772 -0.893434 0.163096 0.418539 -0.944838 -0.245045 0.217334 -0.799734 -0.596536 -0.067601 -0.479590 -0.796185 -0.368895 -0.060367 -0.789777 -0.610416 0.352934 -0.582071 -0.732551 0.660805 -0.236801 -0.712223 0.806700 0.140832 -0.573935 0.812253 0.434000 -0.389729 0.761625 0.610010 -0.218668 -0.341322 0.806308 0.483080 -0.147661 0.233803 0.961006 -0.269480 0.079391 0.959728 -0.409349 -0.146982 0.900461 -0.483122 -0.429181 0.763149 -0.434887 -0.710348 0.553425 -0.250390 -0.918932 0.304743 0.038812 -0.996994 0.067050 0.367903 -0.922962 -0.113083 0.664529 -0.716835 -0.211063 0.874344 -0.425934 -0.232601 0.972837 -0.100653 -0.208462 0.954973 0.206781 -0.212765 -0.128292 0.361267 0.923595 0.239878 -0.551170 0.799168 0.447521 -0.453305 0.770869 0.476129 -0.280164 0.833552 0.336143 -0.183476 0.923767 0.120635 -0.233125 0.964935 -0.060574 -0.413807 0.908347 -0.123920 -0.654748 0.745620 -0.033601 -0.863557 0.503130 0.197332 -0.953332 0.228511 0.511979 -0.858740 -0.021048 0.812779 -0.551279 -0.188366 0.972135 -0.069140 -0.223995 0.092096 -0.435164 0.895628 
					</float_array>
					<technique_common>
						<accessor count="1081" offset="0" source="#meshId2-bitangents-array" stride="3">
							<param name="X" type="float" />
							<param name="Y" type="float" />
							<param name="Z" type="float" />
						</accessor>
					</technique_common>
				</source>
				<source id="meshId2-tex0" name="meshId2-tex0">
					<float_array id="meshId2-tex0-array" count="2162"> 
						0.314821 0.055668 0.318042 0.054006 0.377351 0.169284 0.373953 0.171003 0.321263 0.052342 0.380753 0.167544 0.324481 0.050675 0.384154 0.165791 0.327698 0.049004 0.387551 0.164029 0.330914 0.047331 0.390940 0.162258 0.334127 0.045654 0.394312 0.160477 0.337340 0.043975 0.397654 0.158679 0.340550 0.042293 0.400923 0.156832 0.343761 0.040608 0.404010 0.154857 0.305128 0.060650 0.308374 0.058983 0.367190 0.174282 0.363826 0.175647 0.311598 0.057326 0.370564 0.172684 0.312987 0.048172 0.316203 0.046511 0.319417 0.044847 0.322630 0.043181 0.325841 0.041512 0.329051 0.039839 0.332259 0.038164 0.335466 0.036486 0.338672 0.034806 0.303300 0.053108 0.306551 0.051486 0.309770 0.049830 0.392120 0.208057 0.395627 0.206099 0.397414 0.213161 0.395627 0.206099 0.399193 0.204175 0.400835 0.211294 0.399193 0.204175 0.402784 0.202271 0.404338 0.209420 0.402784 0.202271 0.406379 0.200391 0.407865 0.207550 0.406379 0.200391 0.409962 0.198551 0.411368 0.205710 0.409962 0.198551 0.413525 0.196788 0.414796 0.203943 0.413525 0.196788 0.417065 0.195168 0.418093 0.202324 0.417065 0.195168 0.420587 0.193812 0.421174 0.200971 0.420587 0.193812 0.424087 0.192942 
						0.423889 0.200054 0.382654 0.214635 0.385519 0.212234 0.388681 0.218742 0.385519 0.212234 0.388723 0.210081 0.391183 0.216875 0.388723 0.210081 0.392120 0.208057 0.394156 0.215019 0.374711 0.173248 0.378218 0.171475 0.391752 0.199368 0.387943 0.201455 0.381692 0.169695 0.395527 0.197352 0.385152 0.167909 0.399289 0.195383 0.388609 0.166117 0.403059 0.193448 0.392076 0.164311 0.406863 0.191544 0.395567 0.162480 0.410733 0.189675 0.399106 0.160590 0.414716 0.187854 0.402734 0.158553 0.418879 0.186098 0.406480 0.156092 0.423298 0.184425 0.363337 0.178195 0.367407 0.176698 0.380124 0.206002 0.376029 0.208578 0.371134 0.175004 0.384078 0.203649 0.373953 0.171003 0.377351 0.169284 0.378218 0.171475 0.374711 0.173248 0.395627 0.206099 0.392120 0.208057 0.387943 0.201455 0.391752 0.199368 0.380753 0.167544 0.381692 0.169695 0.399193 0.204175 0.395527 0.197352 0.384154 0.165791 0.385152 0.167909 0.402784 0.202271 0.399289 0.195383 0.387551 0.164029 0.388609 0.166117 0.406379 0.200391 0.403059 0.193448 0.390940 0.162258 0.392076 0.164311 0.409962 0.198551 0.406863 0.191544 0.394312 0.160477 0.395567 0.162480 0.413525 0.196788 0.410733 0.189675 
						0.397654 0.158679 0.399106 0.160590 0.417065 0.195168 0.414716 0.187854 0.400923 0.156832 0.402734 0.158553 0.420587 0.193812 0.418879 0.186098 0.404010 0.154857 0.406480 0.156092 0.424087 0.192942 0.423298 0.184425 0.363826 0.175647 0.367190 0.174282 0.367407 0.176698 0.363337 0.178195 0.385519 0.212234 0.382654 0.214635 0.376029 0.208578 0.380124 0.206002 0.370564 0.172684 0.371134 0.175004 0.388723 0.210081 0.384078 0.203649 0.467869 0.197428 0.469785 0.214263 0.466990 0.218010 0.460024 0.199351 0.465304 0.175716 0.453082 0.180405 0.460089 0.153129 0.445704 0.157464 0.455196 0.132537 0.439158 0.138334 0.450639 0.118605 0.434424 0.122601 0.443291 0.098803 0.428974 0.103193 0.435146 0.077143 0.422375 0.079951 0.425407 0.057661 0.417786 0.060318 0.417932 0.042570 0.413571 0.040961 0.460024 0.199351 0.466990 0.218010 0.458234 0.221043 0.451864 0.202259 0.453082 0.180405 0.445221 0.183114 0.445704 0.157464 0.437504 0.160126 0.439158 0.138334 0.431392 0.140820 0.434424 0.122601 0.426606 0.124990 0.428974 0.103193 0.420664 0.105535 0.422375 0.079951 0.414348 0.082120 0.417786 0.060318 0.409369 0.062398 0.413571 0.040961 0.404522 0.042991 
						0.451864 0.202259 0.458234 0.221043 0.453751 0.219932 0.444550 0.205670 0.445221 0.183114 0.432475 0.186850 0.437504 0.160126 0.423434 0.165021 0.431392 0.140820 0.415202 0.145152 0.426606 0.124990 0.410208 0.130687 0.420664 0.105535 0.406157 0.109265 0.414348 0.082120 0.401637 0.086011 0.409369 0.062398 0.401367 0.063524 0.404522 0.042991 0.401349 0.046385 0.476792 0.196240 0.478725 0.213062 0.469785 0.214263 0.467869 0.197428 0.473999 0.174145 0.465304 0.175716 0.468765 0.151056 0.460089 0.153129 0.463669 0.130076 0.455196 0.132537 0.459038 0.115781 0.450639 0.118605 0.451653 0.095718 0.443291 0.098803 0.443228 0.073651 0.435146 0.077143 0.433507 0.053847 0.425407 0.057661 0.426091 0.038748 0.417932 0.042570 0.470365 0.218760 0.469785 0.214263 0.478725 0.213062 0.479295 0.217581 0.415994 0.038475 0.424135 0.034644 0.426091 0.038748 0.417932 0.042570 0.110361 0.172987 0.088421 0.177279 0.083285 0.174062 0.106927 0.163021 0.139088 0.167040 0.130940 0.151733 0.167738 0.155461 0.159348 0.137814 0.194158 0.144938 0.182779 0.125360 0.211436 0.134941 0.201857 0.115290 0.234828 0.119453 0.225055 0.102656 0.260527 0.102440 0.252568 0.087049 
						0.281617 0.082290 0.275429 0.073775 0.297589 0.066956 0.297895 0.060939 0.106927 0.163021 0.083285 0.174062 0.078431 0.162980 0.102167 0.152761 0.130940 0.151733 0.126164 0.141995 0.159348 0.137814 0.154280 0.127757 0.182779 0.125360 0.177774 0.115945 0.201857 0.115290 0.196740 0.105965 0.225055 0.102656 0.219605 0.092820 0.252568 0.087049 0.247142 0.077658 0.275429 0.073775 0.269673 0.064051 0.297895 0.060939 0.291830 0.050483 0.102167 0.152761 0.078431 0.162980 0.079405 0.156996 0.096867 0.143665 0.126164 0.141995 0.119387 0.126342 0.154280 0.127757 0.145093 0.110518 0.177774 0.115945 0.168619 0.096178 0.196740 0.105965 0.185323 0.086874 0.219605 0.092820 0.210471 0.075480 0.247142 0.077658 0.238094 0.063176 0.269673 0.064051 0.265256 0.054484 0.291830 0.050483 0.286335 0.047837 0.096867 0.143665 0.079405 0.156996 0.072478 0.147500 0.089965 0.134243 0.119387 0.126342 0.112902 0.116863 0.145093 0.110518 0.139060 0.100579 0.168619 0.096178 0.162910 0.086126 0.185323 0.086874 0.180062 0.076636 0.210471 0.075480 0.205655 0.064886 0.238094 0.063176 0.233916 0.052434 0.265256 0.054484 0.261512 0.043354 0.286335 0.047837 0.282570 0.036688 
						0.067710 0.151030 0.072478 0.147500 0.079405 0.156996 0.074644 0.160496 0.288216 0.034833 0.291948 0.045972 0.286335 0.047837 0.282570 0.036688 0.095884 0.037826 0.099915 0.040763 0.098102 0.043115 0.093689 0.039925 0.092800 0.034432 0.090326 0.036184 0.145880 0.063376 0.150648 0.064305 0.150494 0.067493 0.145282 0.066478 0.140878 0.061463 0.139932 0.064397 0.135722 0.059068 0.134585 0.061885 0.130479 0.056486 0.129245 0.059238 0.125200 0.053858 0.123915 0.056571 0.119924 0.051236 0.118602 0.053920 0.114686 0.048638 0.113322 0.051288 0.109536 0.046055 0.108101 0.048652 0.104560 0.043455 0.102991 0.045962 0.096278 0.045318 0.091392 0.041898 0.087472 0.037584 0.150802 0.070943 0.144752 0.069590 0.139012 0.067187 0.133473 0.064505 0.128037 0.061776 0.122654 0.059069 0.117303 0.056392 0.111978 0.053730 0.106683 0.051049 0.101433 0.048287 0.094613 0.047376 0.089252 0.043793 0.084463 0.038930 0.151102 0.074510 0.144140 0.072475 0.138071 0.069703 0.132389 0.066860 0.126885 0.064065 0.121464 0.061329 0.116083 0.058634 0.110723 0.055951 0.105367 0.053238 0.100001 0.050426 0.093140 0.049372 0.087368 0.045713 0.081539 0.040535 0.151009 0.078060 
						0.143375 0.075109 0.137101 0.072003 0.131335 0.069038 0.125791 0.066200 0.120347 0.063447 0.114948 0.060742 0.109562 0.058045 0.104162 0.055311 0.098709 0.052466 0.091825 0.051390 0.085739 0.047744 0.078910 0.042615 0.150282 0.081466 0.142427 0.077562 0.136081 0.074192 0.130286 0.071144 0.124728 0.068282 0.119276 0.065523 0.113868 0.062813 0.108466 0.060108 0.103036 0.057360 0.097522 0.054497 0.090633 0.053467 0.084351 0.049919 0.076785 0.045241 0.148827 0.084563 0.141267 0.079876 0.134988 0.076323 0.129216 0.073228 0.123670 0.070357 0.118223 0.067599 0.112814 0.064890 0.107404 0.062181 0.101956 0.059425 0.096407 0.056557 0.089541 0.055599 0.083193 0.052235 0.075333 0.048340 0.146699 0.087187 0.139877 0.082051 0.133795 0.078399 0.128101 0.075287 0.122589 0.072422 0.117160 0.069672 0.111759 0.066967 0.106351 0.064258 0.100898 0.061501 0.095339 0.058642 0.088524 0.057788 0.082246 0.054689 0.074609 0.051747 0.144068 0.089264 0.138246 0.084079 0.132478 0.080415 0.126912 0.077318 0.121462 0.074470 0.116064 0.071735 0.110679 0.069038 0.105281 0.066334 0.099837 0.063584 0.094291 0.060749 0.087555 0.060089 0.081484 0.057324 0.074519 0.055297 
						0.141143 0.090866 0.136360 0.085998 0.131004 0.082410 0.125619 0.079357 0.120256 0.076542 0.114903 0.073829 0.109544 0.071146 0.104165 0.068452 0.098743 0.065719 0.093238 0.062928 0.086616 0.062606 0.080874 0.060210 0.074823 0.058863 0.138132 0.092209 0.134219 0.087890 0.129338 0.084466 0.124187 0.081494 0.118940 0.078730 0.113647 0.076049 0.108324 0.073388 0.102974 0.070713 0.097592 0.068008 0.092156 0.065284 0.085698 0.065397 0.080347 0.063322 0.075135 0.062313 0.135277 0.093604 0.131920 0.089861 0.127513 0.086667 0.122628 0.083818 0.117521 0.081127 0.112303 0.078491 0.107026 0.075860 0.101714 0.073211 0.096385 0.070547 0.091046 0.067904 0.084755 0.068331 0.079753 0.066424 0.074984 0.065500 0.132802 0.095353 0.129723 0.091956 0.125698 0.089017 0.121058 0.086323 0.116085 0.083723 0.110939 0.081140 0.105705 0.078543 0.100430 0.075924 0.095153 0.073299 0.089911 0.070722 0.410539 0.389859 0.396148 0.403758 0.390349 0.398691 0.404469 0.385112 0.424812 0.376354 0.418505 0.371634 0.439126 0.363165 0.432772 0.358199 0.453528 0.349754 0.447376 0.344459 0.468089 0.335375 0.462194 0.329790 0.482648 0.320500 0.476923 0.314883 0.497230 0.305750 
						0.491534 0.300115 0.511780 0.291023 0.506086 0.285381 0.526309 0.276298 0.520613 0.270654 0.540827 0.261573 0.535129 0.255929 0.555339 0.246850 0.549641 0.241205 0.569848 0.232127 0.564150 0.226481 0.584354 0.217407 0.578658 0.211759 0.598857 0.202694 0.593166 0.197041 0.613351 0.187997 0.607670 0.182329 0.627819 0.173338 0.622161 0.167631 0.642196 0.158787 0.636592 0.152968 0.656228 0.144590 0.650805 0.138502 0.669090 0.131647 0.664496 0.125573 0.381802 0.418229 0.376134 0.412638 0.385085 0.393231 0.398902 0.379477 0.412919 0.366091 0.427070 0.352669 0.441715 0.338927 0.456671 0.324221 0.471473 0.309387 0.486084 0.294626 0.500628 0.279892 0.515149 0.265164 0.529663 0.250439 0.544173 0.235715 0.558683 0.220991 0.573193 0.206267 0.587705 0.191543 0.602222 0.176818 0.616746 0.162082 0.631283 0.147307 0.645876 0.132448 0.661020 0.118430 0.370950 0.407159 0.380187 0.387383 0.393731 0.373234 0.407461 0.359872 0.421536 0.346717 0.436259 0.333114 0.451444 0.318747 0.466226 0.304054 0.480810 0.289321 0.495338 0.274594 0.509852 0.259869 0.524362 0.245144 0.538872 0.230420 0.553382 0.215695 0.567894 0.200970 0.582410 0.186242 0.596938 0.171506 
						0.611496 0.156744 0.626138 0.141891 0.641103 0.126721 0.657649 0.110928 0.366060 0.401689 0.375452 0.381594 0.388933 0.366890 0.402407 0.353409 0.416286 0.340575 0.431121 0.327357 0.446304 0.313341 0.461017 0.298807 0.475558 0.284117 0.490067 0.269402 0.504573 0.254680 0.519080 0.239957 0.533588 0.225233 0.548098 0.210508 0.562611 0.195782 0.577131 0.181051 0.591669 0.166308 0.606253 0.151530 0.620970 0.136642 0.636142 0.121361 0.653045 0.104202 0.361166 0.396293 0.370559 0.376177 0.384674 0.361624 0.398437 0.348096 0.412089 0.335089 0.426280 0.321782 0.441221 0.307952 0.455815 0.293553 0.470305 0.278909 0.484794 0.264208 0.499292 0.249492 0.513796 0.234770 0.528304 0.220046 0.542814 0.205322 0.557328 0.190594 0.571851 0.175861 0.586396 0.161114 0.600996 0.146328 0.615743 0.131442 0.630877 0.116251 0.646651 0.099370 0.355999 0.390999 0.365020 0.371008 0.379107 0.356251 0.393331 0.342682 0.407231 0.329546 0.421330 0.316233 0.436177 0.302597 0.450589 0.288201 0.465030 0.273595 0.479502 0.258907 0.493993 0.244195 0.508495 0.229475 0.523002 0.214752 0.537512 0.200027 0.552027 0.185300 0.566552 0.170566 0.581100 0.155816 0.595704 0.141031 
						0.610438 0.126166 0.625358 0.111159 0.639612 0.095715 0.350583 0.385872 0.423565 0.400030 0.408503 0.413961 0.402443 0.408731 0.417255 0.394648 0.437807 0.387000 0.431686 0.381386 0.451565 0.374299 0.445763 0.368570 0.465496 0.360906 0.459697 0.355277 0.479453 0.346137 0.473980 0.340920 0.493901 0.331545 0.488396 0.326096 0.508421 0.316860 0.502938 0.311380 0.522954 0.302150 0.517480 0.296663 0.537480 0.287430 0.532008 0.281942 0.551996 0.272706 0.546526 0.267218 0.566507 0.257983 0.561038 0.252494 0.581015 0.243261 0.575546 0.237772 0.595519 0.228543 0.590051 0.223054 0.610018 0.213836 0.604551 0.208345 0.624505 0.199153 0.619040 0.193658 0.638972 0.184528 0.633503 0.179025 0.653414 0.170028 0.647898 0.164529 0.667869 0.155646 0.662054 0.150330 0.681864 0.140103 0.675001 0.136401 0.393330 0.428891 0.387681 0.423586 0.169666 0.629796 0.157806 0.641579 0.151097 0.636487 0.162967 0.624747 0.181274 0.618216 0.174645 0.613242 0.193089 0.607035 0.186430 0.602057 0.205012 0.596008 0.198403 0.590911 0.216948 0.584846 0.210486 0.579491 0.228966 0.573401 0.222744 0.567765 0.240892 0.561457 0.234852 0.555645 0.252721 0.549402 0.246780 0.543577 
						0.264561 0.537415 0.258628 0.531576 0.276350 0.525442 0.270399 0.519604 0.288008 0.513438 0.282085 0.507655 0.299721 0.501510 0.293786 0.495778 0.311501 0.489368 0.305619 0.483785 0.323346 0.477116 0.317558 0.471642 0.335184 0.464865 0.329513 0.459432 0.346979 0.452776 0.341368 0.447228 0.358784 0.441019 0.353222 0.435388 0.370456 0.429537 0.364817 0.423847 0.146252 0.653970 0.139307 0.648387 0.145224 0.630889 0.157091 0.619047 0.168867 0.607651 0.180607 0.596500 0.192554 0.585416 0.204617 0.573902 0.216988 0.562073 0.229214 0.549956 0.241182 0.537918 0.253022 0.525918 0.264782 0.513945 0.276489 0.502022 0.288190 0.490199 0.300021 0.478340 0.312031 0.466318 0.324120 0.454178 0.336146 0.442033 0.347948 0.430052 0.359513 0.418385 0.133281 0.642618 0.139945 0.624994 0.151590 0.612883 0.163363 0.601520 0.175053 0.590436 0.186902 0.579321 0.199191 0.568030 0.211676 0.556402 0.223895 0.544466 0.235848 0.532497 0.247663 0.520511 0.259413 0.508533 0.271147 0.496614 0.282898 0.484821 0.294692 0.473064 0.306724 0.461170 0.318908 0.449134 0.331097 0.437124 0.342863 0.424977 0.354466 0.413128 0.128169 0.637025 0.134976 0.619064 0.146491 0.606614 
						0.158036 0.595113 0.169674 0.584096 0.181568 0.573182 0.193921 0.562154 0.206455 0.550757 0.218667 0.539086 0.230577 0.527211 0.242359 0.515249 0.254102 0.503263 0.265875 0.491325 0.277702 0.479541 0.289501 0.467857 0.301511 0.456074 0.313700 0.444142 0.325894 0.432140 0.337785 0.419977 0.349438 0.407956 0.123152 0.631494 0.129932 0.613360 0.141974 0.601006 0.153906 0.589616 0.165612 0.578561 0.177283 0.567586 0.189176 0.556506 0.201400 0.545208 0.213480 0.533675 0.225317 0.521917 0.237059 0.509983 0.248799 0.497987 0.260626 0.486008 0.272484 0.474165 0.284462 0.462499 0.296575 0.450704 0.308803 0.438834 0.320903 0.426954 0.332708 0.414975 0.344272 0.402937 0.117820 0.626213 0.124266 0.607888 0.136567 0.595412 0.148783 0.583921 0.160718 0.572820 0.172482 0.561842 0.184267 0.550788 0.196230 0.539558 0.208369 0.528288 0.220015 0.516479 0.231713 0.504568 0.243431 0.492571 0.255151 0.480424 0.267268 0.468704 0.279391 0.456957 0.291632 0.445178 0.303913 0.433461 0.316052 0.421917 0.327541 0.410014 0.338953 0.397947 0.111677 0.621097 0.182798 0.640435 0.170865 0.651818 0.164729 0.646550 0.176610 0.634845 0.194431 0.629290 0.188287 0.623484 
						0.206030 0.618506 0.200071 0.612532 0.217639 0.607726 0.211825 0.601710 0.229421 0.596568 0.223457 0.590622 0.241039 0.584699 0.235172 0.579185 0.252525 0.572587 0.246943 0.567257 0.264327 0.560804 0.258682 0.555199 0.276170 0.548878 0.270517 0.543243 0.288059 0.536888 0.282348 0.531267 0.300036 0.524826 0.294072 0.519227 0.311576 0.512554 0.305717 0.507209 0.323087 0.500312 0.317358 0.494989 0.334689 0.487930 0.329081 0.482659 0.346322 0.475520 0.340821 0.470345 0.357755 0.463319 0.352568 0.458264 0.369648 0.451939 0.364394 0.446599 0.381575 0.440591 0.376170 0.435181 0.160123 0.664154 0.153580 0.659114 0.673939 0.116728 0.678771 0.121865 0.683933 0.126615 0.689285 0.131360 0.646113 0.087976 0.651985 0.092942 0.658262 0.098782 0.664144 0.105153 0.669220 0.111242 0.681429 0.109103 0.686425 0.113883 0.691614 0.118559 0.697241 0.123489 0.652050 0.081001 0.658013 0.086424 0.664342 0.092352 0.670570 0.098352 0.676242 0.103993 0.689764 0.099012 0.695607 0.103647 0.701032 0.108730 0.706297 0.114115 0.660057 0.074000 0.665222 0.079690 0.670870 0.085262 0.677096 0.090251 0.683534 0.094686 0.727197 0.056882 0.732832 0.062089 0.738665 0.067082 
						0.744612 0.071859 0.699310 0.031238 0.705195 0.036045 0.710928 0.040986 0.716416 0.046181 0.721775 0.051529 0.136476 0.664277 0.129419 0.659452 0.122351 0.655188 0.115805 0.650787 0.109861 0.645840 0.104397 0.640347 0.099120 0.634485 0.148160 0.676169 0.142825 0.669928 0.119214 0.683739 0.113156 0.678273 0.107377 0.672833 0.101644 0.667506 0.095754 0.662371 0.089480 0.657468 0.083045 0.652819 0.131466 0.694222 0.125299 0.689065 0.102044 0.701322 0.097517 0.695444 0.092891 0.689700 0.087524 0.684453 0.080987 0.679825 0.073845 0.675734 0.066817 0.671537 0.113341 0.711947 0.107252 0.706996 0.710719 0.026808 0.731550 0.044172 0.725160 0.039881 0.719726 0.036004 0.715117 0.031830 0.750941 0.061448 0.745073 0.055213 0.738409 0.049285 0.084460 0.720019 0.079450 0.714398 0.074127 0.708803 0.068232 0.703298 0.061761 0.698130 0.054954 0.693234 0.048412 0.688204 0.095399 0.730816 0.089583 0.725495 0.069741 0.734987 0.065043 0.728751 0.059574 0.723497 0.053297 0.719541 0.046569 0.716256 0.039806 0.712209 0.034005 0.706547 0.079103 0.748160 0.074097 0.741735 0.056336 0.753039 0.051356 0.746279 0.046842 0.739036 0.041909 0.731930 0.035702 0.726137 
						0.028605 0.722156 0.021493 0.718159 0.069748 0.762381 0.062453 0.758589 0.188228 0.035140 0.189031 0.034207 0.193042 0.035939 0.191639 0.037329 0.187185 0.035982 0.189992 0.038486 0.185978 0.036743 0.188230 0.039474 0.184667 0.037429 0.186413 0.040340 0.183299 0.038040 0.184566 0.041109 0.181910 0.038566 0.182698 0.041785 0.180533 0.038985 0.180812 0.042353 0.179199 0.039263 0.178909 0.042774 0.177945 0.039356 0.177007 0.042971 0.176815 0.039215 0.175170 0.042817 0.175854 0.038806 0.173573 0.042124 0.189511 0.033180 0.193954 0.034260 0.196736 0.038206 0.194305 0.039836 0.191959 0.041056 0.189706 0.042077 0.187521 0.042986 0.185366 0.043820 0.183206 0.044595 0.180998 0.045302 0.178690 0.045911 0.176219 0.046337 0.173523 0.046362 0.170683 0.045421 0.199053 0.035636 0.199067 0.040873 0.195901 0.042266 0.193170 0.043370 0.190685 0.044342 0.188338 0.045244 0.186054 0.046103 0.183769 0.046934 0.181417 0.047740 0.178916 0.048508 0.176142 0.049195 0.172877 0.049646 0.168696 0.049280 0.203091 0.038620 0.200376 0.043779 0.196940 0.044734 0.194081 0.045656 0.191525 0.046547 0.189132 0.047417 0.186810 0.048276 0.184488 0.049135 0.182094 0.050003 
						0.179538 0.050891 0.176679 0.051809 0.173243 0.052758 0.168483 0.053707 0.205140 0.042819 0.200747 0.046894 0.197480 0.047350 0.194705 0.048040 0.192204 0.048811 0.189852 0.049618 0.187566 0.050449 0.185281 0.051308 0.182933 0.052207 0.180447 0.053176 0.177714 0.054276 0.174548 0.055663 0.170523 0.057904 0.204934 0.047253 0.200104 0.050182 0.197405 0.050212 0.194933 0.050639 0.192623 0.051250 0.190414 0.051958 0.188252 0.052732 0.186096 0.053566 0.183909 0.054472 0.181655 0.055489 0.179306 0.056706 0.176872 0.058330 0.174551 0.060892 0.202949 0.051120 0.198457 0.053736 0.196618 0.053583 0.194714 0.053781 0.192808 0.054202 0.190919 0.054770 0.189050 0.055445 0.187200 0.056212 0.185380 0.057076 0.183615 0.058062 0.181966 0.059214 0.180559 0.060601 0.179643 0.062276 0.200057 0.054427 0.196810 0.057345 0.195678 0.057205 0.194421 0.057299 0.193083 0.057578 0.191702 0.057995 0.190309 0.058519 0.188938 0.059129 0.187624 0.059813 0.186415 0.060571 0.185369 0.061411 0.184562 0.062341 0.184080 0.063366 0.197773 0.057755 
					</float_array>
					<technique_common>
						<accessor count="1081" offset="0" source="#meshId2-tex0-array" stride="2">
							<param name="S" type="float" />
							<param name="T" type="float" />
						</accessor>
					</technique_common>
				</source>
				<vertices id="meshId2-vertices">
					<input semantic="POSITION" source="#meshId2-positions" />
				</vertices>
				<polylist count="1560" material="defaultMaterial">
					<input offset="0" semantic="VERTEX" source="#meshId2-vertices" />
					<input offset="0" semantic="NORMAL" source="#meshId2-normals" />
					<input offset="0" semantic="TANGENT" source="#meshId2-tangents" />
					<input offset="0" semantic="BINORMAL" source="#meshId2-bitangents" />
					<input offset="0" semantic="TEXCOORD" source="#meshId2-tex0" set="0" />
					<vcount>
						3 3 3 3 3 3 3 3 3 3 3 3 3 3 3 3 3 3 3 3 3 3 3 3 3 3 3 3 3 3 3 3 3 3 3 3 3 3 3 3 3 3 3 3 3 3 3 3 3 3 3 3 3 3 3 3 3 3 3 3 3 3 3 3 
						3 3 3 3 3 3 3 3 3 3 3 3 3 3 3 3 3 3 3 3 3 3 3 3 3 3 3 3 3 3 3 3 3 3 3 3 3 3 3 3 3 3 3 3 3 3 3 3 3 3 3 3 3 3 3 3 3 3 3 3 3 3 3 3 
						3 3 3 3 3 3 3 3 3 3 3 3 3 3 3 3 3 3 3 3 3 3 3 3 3 3 3 3 3 3 3 3 3 3 3 3 3 3 3 3 3 3 3 3 3 3 3 3 3 3 3 3 3 3 3 3 3 3 3 3 3 3 3 3 
						3 3 3 3 3 3 3 3 3 3 3 3 3 3 3 3 3 3 3 3 3 3 3 3 3 3 3 3 3 3 3 3 3 3 3 3 3 3 3 3 3 3 3 3 3 3 3 3 3 3 3 3 3 3 3 3 3 3 3 3 3 3 3 3 
						3 3 3 3 3 3 3 3 3 3 3 3 3 3 3 3 3 3 3 3 3 3 3 3 3 3 3 3 3 3 3 3 3 3 3 3 3 3 3 3 3 3 3 3 3 3 3 3 3 3 3 3 3 3 3 3 3 3 3 3 3 3 3 3 
						3 3 3 3 3 3 3 3 3 3 3 3 3 3 3 3 3 3 3 3 3 3 3 3 3 3 3 3 3 3 3 3 3 3 3 3 3 3 3 3 3 3 3 3 3 3 3 3 3 3 3 3 3 3 3 3 3 3 3 3 3 3 3 3 
						3 3 3 3 3 3 3 3 3 3 3 3 3 3 3 3 3 3 3 3 3 3 3 3 3 3 3 3 3 3 3 3 3 3 3 3 3 3 3 3 3 3 3 3 3 3 3 3 3 3 3 3 3 3 3 3 3 3 3 3 3 3 3 3 
						3 3 3 3 3 3 3 3 3 3 3 3 3 3 3 3 3 3 3 3 3 3 3 3 3 3 3 3 3 3 3 3 3 3 3 3 3 3 3 3 3 3 3 3 3 3 3 3 3 3 3 3 3 3 3 3 3 3 3 3 3 3 3 3 
						3 3 3 3 3 3 3 3 3 3 3 3 3 3 3 3 3 3 3 3 3 3 3 3 3 3 3 3 3 3 3 3 3 3 3 3 3 3 3 3 3 3 3 3 3 3 3 3 3 3 3 3 3 3 3 3 3 3 3 3 3 3 3 3 
						3 3 3 3 3 3 3 3 3 3 3 3 3 3 3 3 3 3 3 3 3 3 3 3 3 3 3 3 3 3 3 3 3 3 3 3 3 3 3 3 3 3 3 3 3 3 3 3 3 3 3 3 3 3 3 3 3 3 3 3 3 3 3 3 
						3 3 3 3 3 3 3 3 3 3 3 3 3 3 3 3 3 3 3 3 3 3 3 3 3 3 3 3 3 3 3 3 3 3 3 3 3 3 3 3 3 3 3 3 3 3 3 3 3 3 3 3 3 3 3 3 3 3 3 3 3 3 3 3 
						3 3 3 3 3 3 3 3 3 3 3 3 3 3 3 3 3 3 3 3 3 3 3 3 3 3 3 3 3 3 3 3 3 3 3 3 3 3 3 3 3 3 3 3 3 3 3 3 3 3 3 3 3 3 3 3 3 3 3 3 3 3 3 3 
						3 3 3 3 3 3 3 3 3 3 3 3 3 3 3 3 3 3 3 3 3 3 3 3 3 3 3 3 3 3 3 3 3 3 3 3 3 3 3 3 3 3 3 3 3 3 3 3 3 3 3 3 3 3 3 3 3 3 3 3 3 3 3 3 
						3 3 3 3 3 3 3 3 3 3 3 3 3 3 3 3 3 3 3 3 3 3 3 3 3 3 3 3 3 3 3 3 3 3 3 3 3 3 3 3 3 3 3 3 3 3 3 3 3 3 3 3 3 3 3 3 3 3 3 3 3 3 3 3 
						3 3 3 3 3 3 3 3 3 3 3 3 3 3 3 3 3 3 3 3 3 3 3 3 3 3 3 3 3 3 3 3 3 3 3 3 3 3 3 3 3 3 3 3 3 3 3 3 3 3 3 3 3 3 3 3 3 3 3 3 3 3 3 3 
						3 3 3 3 3 3 3 3 3 3 3 3 3 3 3 3 3 3 3 3 3 3 3 3 3 3 3 3 3 3 3 3 3 3 3 3 3 3 3 3 3 3 3 3 3 3 3 3 3 3 3 3 3 3 3 3 3 3 3 3 3 3 3 3 
						3 3 3 3 3 3 3 3 3 3 3 3 3 3 3 3 3 3 3 3 3 3 3 3 3 3 3 3 3 3 3 3 3 3 3 3 3 3 3 3 3 3 3 3 3 3 3 3 3 3 3 3 3 3 3 3 3 3 3 3 3 3 3 3 
						3 3 3 3 3 3 3 3 3 3 3 3 3 3 3 3 3 3 3 3 3 3 3 3 3 3 3 3 3 3 3 3 3 3 3 3 3 3 3 3 3 3 3 3 3 3 3 3 3 3 3 3 3 3 3 3 3 3 3 3 3 3 3 3 
						3 3 3 3 3 3 3 3 3 3 3 3 3 3 3 3 3 3 3 3 3 3 3 3 3 3 3 3 3 3 3 3 3 3 3 3 3 3 3 3 3 3 3 3 3 3 3 3 3 3 3 3 3 3 3 3 3 3 3 3 3 3 3 3 
						3 3 3 3 3 3 3 3 3 3 3 3 3 3 3 3 3 3 3 3 3 3 3 3 3 3 3 3 3 3 3 3 3 3 3 3 3 3 3 3 3 3 3 3 3 3 3 3 3 3 3 3 3 3 3 3 3 3 3 3 3 3 3 3 
						3 3 3 3 3 3 3 3 3 3 3 3 3 3 3 3 3 3 3 3 3 3 3 3 3 3 3 3 3 3 3 3 3 3 3 3 3 3 3 3 3 3 3 3 3 3 3 3 3 3 3 3 3 3 3 3 3 3 3 3 3 3 3 3 
						3 3 3 3 3 3 3 3 3 3 3 3 3 3 3 3 3 3 3 3 3 3 3 3 3 3 3 3 3 3 3 3 3 3 3 3 3 3 3 3 3 3 3 3 3 3 3 3 3 3 3 3 3 3 3 3 3 3 3 3 3 3 3 3 
						3 3 3 3 3 3 3 3 3 3 3 3 3 3 3 3 3 3 3 3 3 3 3 3 3 3 3 3 3 3 3 3 3 3 3 3 3 3 3 3 3 3 3 3 3 3 3 3 3 3 3 3 3 3 3 3 3 3 3 3 3 3 3 3 
						3 3 3 3 3 3 3 3 3 3 3 3 3 3 3 3 3 3 3 3 3 3 3 3 3 3 3 3 3 3 3 3 3 3 3 3 3 3 3 3 3 3 3 3 3 3 3 3 3 3 3 3 3 3 3 3 3 3 3 3 3 3 3 3 
						3 3 3 3 3 3 3 3 3 3 3 3 3 3 3 3 3 3 3 3 3 3 3 3 
					</vcount>
					<p>
						3 0 1 1 2 3 2 1 4 4 5 2 5 4 6 6 7 5 7 6 8 8 9 7 9 8 10 10 11 9 11 10 12 12 13 11 13 12 14 14 15 13 15 14 16 16 17 15 17 16 18 18 19 17 23 20 21 21 22 23 22 21 24 24 25 22 25 24 0 0 3 25 1 0 26 4 1 27 6 4 28 8 6 29 10 8 30 12 10 31 14 12 32 16 14 33 18 16 34 21 20 35 24 21 36 0 24 37 38 39 40 41 42 43 44 45 46 47 48 49 50 51 52 53 54 55 56 57 58 59 60 61 62 63 64 65 66 67 68 69 70 71 72 73 77 74 75 75 76 77 76 75 78 78 79 76 79 78 80 80 81 79 81 80 82 82 83 81 83 82 84 84 85 83 85 84 86 86 87 85 87 86 88 88 89 87 89 88 90 90 91 89 
						91 90 92 92 93 91 97 94 95 95 96 97 96 95 98 98 99 96 99 98 74 74 77 99 103 100 101 101 102 103 107 104 105 105 106 107 102 101 108 108 109 102 111 110 104 104 107 111 109 108 112 112 113 109 115 114 110 110 111 115 113 112 116 116 117 113 119 118 114 114 115 119 117 116 120 120 121 117 123 122 118 118 119 123 121 120 124 124 125 121 127 126 122 122 123 127 125 124 128 128 129 125 131 130 126 126 127 131 129 128 132 132 133 129 135 134 130 130 131 135 133 132 136 136 137 133 139 138 134 134 135 139 143 140 141 141 142 143 147 144 145 145 146 147 142 141 148 148 149 142 151 150 144 144 147 151 149 148 100 100 103 149 106 105 150 150 151 106 155 152 153 153 154 155 157 156 152 152 155 157 159 158 156 156 157 159 161 160 158 158 159 161 
						163 162 160 160 161 163 165 164 162 162 163 165 167 166 164 164 165 167 169 168 166 166 167 169 171 170 168 168 169 171 175 172 173 173 174 175 177 176 172 172 175 177 179 178 176 176 177 179 181 180 178 178 179 181 183 182 180 180 181 183 185 184 182 182 183 185 187 186 184 184 185 187 189 188 186 186 187 189 191 190 188 188 189 191 195 192 193 193 194 195 197 196 192 192 195 197 199 198 196 196 197 199 201 200 198 198 199 201 203 202 200 200 201 203 205 204 202 202 203 205 207 206 204 204 205 207 209 208 206 206 207 209 211 210 208 208 209 211 215 212 213 213 214 215 217 216 212 212 215 217 219 218 216 216 217 219 221 220 218 218 219 221 223 222 220 220 221 223 225 224 222 222 223 225 227 226 224 224 225 227 229 228 226 226 227 229 231 230 228 228 229 231 
						235 232 233 233 234 235 239 236 237 237 238 239 243 240 241 241 242 243 245 244 240 240 243 245 247 246 244 244 245 247 249 248 246 246 247 249 251 250 248 248 249 251 253 252 250 250 251 253 255 254 252 252 253 255 257 256 254 254 255 257 259 258 256 256 257 259 263 260 261 261 262 263 265 264 260 260 263 265 267 266 264 264 265 267 269 268 266 266 267 269 271 270 268 268 269 271 273 272 270 270 271 273 275 274 272 272 273 275 277 276 274 274 275 277 279 278 276 276 277 279 283 280 281 281 282 283 285 284 280 280 283 285 287 286 284 284 285 287 289 288 286 286 287 289 291 290 288 288 289 291 293 292 290 290 291 293 295 294 292 292 293 295 297 296 294 294 295 297 299 298 296 296 297 299 303 300 301 301 302 303 305 304 300 300 303 305 307 306 304 304 305 307 
						309 308 306 306 307 309 311 310 308 308 309 311 313 312 310 310 311 313 315 314 312 312 313 315 317 316 314 314 315 317 319 318 316 316 317 319 323 320 321 321 322 323 327 324 325 325 326 327 331 328 329 329 330 331 333 332 328 328 331 333 337 334 335 335 336 337 339 338 334 334 337 339 341 340 338 338 339 341 343 342 340 340 341 343 345 344 342 342 343 345 347 346 344 344 345 347 349 348 346 346 347 349 351 350 348 348 349 351 353 352 350 350 351 353 330 329 352 352 353 330 355 331 330 330 354 355 356 333 331 331 355 356 358 337 336 336 357 358 359 339 337 337 358 359 360 341 339 339 359 360 361 343 341 341 360 361 362 345 343 343 361 362 363 347 345 345 362 363 364 349 347 347 363 364 365 351 349 349 364 365 366 353 351 351 365 366 354 330 353 353 366 354 
						368 355 354 354 367 368 369 356 355 355 368 369 371 358 357 357 370 371 372 359 358 358 371 372 373 360 359 359 372 373 374 361 360 360 373 374 375 362 361 361 374 375 376 363 362 362 375 376 377 364 363 363 376 377 378 365 364 364 377 378 379 366 365 365 378 379 367 354 366 366 379 367 381 368 367 367 380 381 382 369 368 368 381 382 384 371 370 370 383 384 385 372 371 371 384 385 386 373 372 372 385 386 387 374 373 373 386 387 388 375 374 374 387 388 389 376 375 375 388 389 390 377 376 376 389 390 391 378 377 377 390 391 392 379 378 378 391 392 380 367 379 379 392 380 394 381 380 380 393 394 395 382 381 381 394 395 397 384 383 383 396 397 398 385 384 384 397 398 399 386 385 385 398 399 400 387 386 386 399 400 401 388 387 387 400 401 402 389 388 388 401 402 
						403 390 389 389 402 403 404 391 390 390 403 404 405 392 391 391 404 405 393 380 392 392 405 393 407 394 393 393 406 407 408 395 394 394 407 408 410 397 396 396 409 410 411 398 397 397 410 411 412 399 398 398 411 412 413 400 399 399 412 413 414 401 400 400 413 414 415 402 401 401 414 415 416 403 402 402 415 416 417 404 403 403 416 417 418 405 404 404 417 418 406 393 405 405 418 406 420 407 406 406 419 420 421 408 407 407 420 421 423 410 409 409 422 423 424 411 410 410 423 424 425 412 411 411 424 425 426 413 412 412 425 426 427 414 413 413 426 427 428 415 414 414 427 428 429 416 415 415 428 429 430 417 416 416 429 430 431 418 417 417 430 431 419 406 418 418 431 419 433 420 419 419 432 433 434 421 420 420 433 434 436 423 422 422 435 436 437 424 423 423 436 437 
						438 425 424 424 437 438 439 426 425 425 438 439 440 427 426 426 439 440 441 428 427 427 440 441 442 429 428 428 441 442 443 430 429 429 442 443 444 431 430 430 443 444 432 419 431 431 444 432 446 433 432 432 445 446 447 434 433 433 446 447 449 436 435 435 448 449 450 437 436 436 449 450 451 438 437 437 450 451 452 439 438 438 451 452 453 440 439 439 452 453 454 441 440 440 453 454 455 442 441 441 454 455 456 443 442 442 455 456 457 444 443 443 456 457 445 432 444 444 457 445 459 446 445 445 458 459 460 447 446 446 459 460 462 449 448 448 461 462 463 450 449 449 462 463 464 451 450 450 463 464 465 452 451 451 464 465 466 453 452 452 465 466 467 454 453 453 466 467 468 455 454 454 467 468 469 456 455 455 468 469 470 457 456 456 469 470 458 445 457 457 470 458 
						472 459 458 458 471 472 473 460 459 459 472 473 475 462 461 461 474 475 476 463 462 462 475 476 477 464 463 463 476 477 478 465 464 464 477 478 479 466 465 465 478 479 480 467 466 466 479 480 481 468 467 467 480 481 482 469 468 468 481 482 483 470 469 469 482 483 471 458 470 470 483 471 485 472 471 471 484 485 486 473 472 472 485 486 488 475 474 474 487 488 489 476 475 475 488 489 490 477 476 476 489 490 491 478 477 477 490 491 492 479 478 478 491 492 493 480 479 479 492 493 494 481 480 480 493 494 495 482 481 481 494 495 496 483 482 482 495 496 484 471 483 483 496 484 500 497 498 498 499 500 502 501 497 497 500 502 504 503 501 501 502 504 506 505 503 503 504 506 508 507 505 505 506 508 510 509 507 507 508 510 512 511 509 509 510 512 514 513 511 511 512 514 
						516 515 513 513 514 516 518 517 515 515 516 518 520 519 517 517 518 520 522 521 519 519 520 522 524 523 521 521 522 524 526 525 523 523 524 526 528 527 525 525 526 528 530 529 527 527 528 530 532 531 529 529 530 532 534 533 531 531 532 534 536 535 533 533 534 536 499 498 537 537 538 499 540 500 499 499 539 540 541 502 500 500 540 541 542 504 502 502 541 542 543 506 504 504 542 543 544 508 506 506 543 544 545 510 508 508 544 545 546 512 510 510 545 546 547 514 512 512 546 547 548 516 514 514 547 548 549 518 516 516 548 549 550 520 518 518 549 550 551 522 520 520 550 551 552 524 522 522 551 552 553 526 524 524 552 553 554 528 526 526 553 554 555 530 528 528 554 555 556 532 530 530 555 556 557 534 532 532 556 557 558 536 534 534 557 558 539 499 538 538 559 539 
						561 540 539 539 560 561 562 541 540 540 561 562 563 542 541 541 562 563 564 543 542 542 563 564 565 544 543 543 564 565 566 545 544 544 565 566 567 546 545 545 566 567 568 547 546 546 567 568 569 548 547 547 568 569 570 549 548 548 569 570 571 550 549 549 570 571 572 551 550 550 571 572 573 552 551 551 572 573 574 553 552 552 573 574 575 554 553 553 574 575 576 555 554 554 575 576 577 556 555 555 576 577 578 557 556 556 577 578 579 558 557 557 578 579 560 539 559 559 580 560 582 561 560 560 581 582 583 562 561 561 582 583 584 563 562 562 583 584 585 564 563 563 584 585 586 565 564 564 585 586 587 566 565 565 586 587 588 567 566 566 587 588 589 568 567 567 588 589 590 569 568 568 589 590 591 570 569 569 590 591 592 571 570 570 591 592 593 572 571 571 592 593 
						594 573 572 572 593 594 595 574 573 573 594 595 596 575 574 574 595 596 597 576 575 575 596 597 598 577 576 576 597 598 599 578 577 577 598 599 600 579 578 578 599 600 581 560 580 580 601 581 603 582 581 581 602 603 604 583 582 582 603 604 605 584 583 583 604 605 606 585 584 584 605 606 607 586 585 585 606 607 608 587 586 586 607 608 609 588 587 587 608 609 610 589 588 588 609 610 611 590 589 589 610 611 612 591 590 590 611 612 613 592 591 591 612 613 614 593 592 592 613 614 615 594 593 593 614 615 616 595 594 594 615 616 617 596 595 595 616 617 618 597 596 596 617 618 619 598 597 597 618 619 620 599 598 598 619 620 621 600 599 599 620 621 602 581 601 601 622 602 624 603 602 602 623 624 625 604 603 603 624 625 626 605 604 604 625 626 627 606 605 605 626 627 
						628 607 606 606 627 628 629 608 607 607 628 629 630 609 608 608 629 630 631 610 609 609 630 631 632 611 610 610 631 632 633 612 611 611 632 633 634 613 612 612 633 634 635 614 613 613 634 635 636 615 614 614 635 636 637 616 615 615 636 637 638 617 616 616 637 638 639 618 617 617 638 639 640 619 618 618 639 640 641 620 619 619 640 641 642 621 620 620 641 642 623 602 622 622 643 623 647 644 645 645 646 647 649 648 644 644 647 649 651 650 648 648 649 651 653 652 650 650 651 653 655 654 652 652 653 655 657 656 654 654 655 657 659 658 656 656 657 659 661 660 658 658 659 661 663 662 660 660 661 663 665 664 662 662 663 665 667 666 664 664 665 667 669 668 666 666 667 669 671 670 668 668 669 671 673 672 670 670 671 673 675 674 672 672 673 675 677 676 674 674 675 677 
						679 678 676 676 677 679 681 680 678 678 679 681 683 682 680 680 681 683 646 645 684 684 685 646 497 647 646 646 498 497 501 649 647 647 497 501 503 651 649 649 501 503 505 653 651 651 503 505 507 655 653 653 505 507 509 657 655 655 507 509 511 659 657 657 509 511 513 661 659 659 511 513 515 663 661 661 513 515 517 665 663 663 515 517 519 667 665 665 517 519 521 669 667 667 519 521 523 671 669 669 521 523 525 673 671 671 523 525 527 675 673 673 525 527 529 677 675 675 527 529 531 679 677 677 529 531 533 681 679 679 531 533 535 683 681 681 533 535 498 646 685 685 537 498 689 686 687 687 688 689 691 690 686 686 689 691 693 692 690 690 691 693 695 694 692 692 693 695 697 696 694 694 695 697 699 698 696 696 697 699 701 700 698 698 699 701 703 702 700 700 701 703 
						705 704 702 702 703 705 707 706 704 704 705 707 709 708 706 706 707 709 711 710 708 708 709 711 713 712 710 710 711 713 715 714 712 712 713 715 717 716 714 714 715 717 719 718 716 716 717 719 721 720 718 718 719 721 723 722 720 720 721 723 538 537 722 722 723 538 688 687 724 724 725 688 727 689 688 688 726 727 728 691 689 689 727 728 729 693 691 691 728 729 730 695 693 693 729 730 731 697 695 695 730 731 732 699 697 697 731 732 733 701 699 699 732 733 734 703 701 701 733 734 735 705 703 703 734 735 736 707 705 705 735 736 737 709 707 707 736 737 738 711 709 709 737 738 739 713 711 711 738 739 740 715 713 713 739 740 741 717 715 715 740 741 742 719 717 717 741 742 743 721 719 719 742 743 744 723 721 721 743 744 559 538 723 723 744 559 726 688 725 725 745 726 
						747 727 726 726 746 747 748 728 727 727 747 748 749 729 728 728 748 749 750 730 729 729 749 750 751 731 730 730 750 751 752 732 731 731 751 752 753 733 732 732 752 753 754 734 733 733 753 754 755 735 734 734 754 755 756 736 735 735 755 756 757 737 736 736 756 757 758 738 737 737 757 758 759 739 738 738 758 759 760 740 739 739 759 760 761 741 740 740 760 761 762 742 741 741 761 762 763 743 742 742 762 763 764 744 743 743 763 764 580 559 744 744 764 580 746 726 745 745 765 746 767 747 746 746 766 767 768 748 747 747 767 768 769 749 748 748 768 769 770 750 749 749 769 770 771 751 750 750 770 771 772 752 751 751 771 772 773 753 752 752 772 773 774 754 753 753 773 774 775 755 754 754 774 775 776 756 755 755 775 776 777 757 756 756 776 777 778 758 757 757 777 778 
						779 759 758 758 778 779 780 760 759 759 779 780 781 761 760 760 780 781 782 762 761 761 781 782 783 763 762 762 782 783 784 764 763 763 783 784 601 580 764 764 784 601 766 746 765 765 785 766 787 767 766 766 786 787 788 768 767 767 787 788 789 769 768 768 788 789 790 770 769 769 789 790 791 771 770 770 790 791 792 772 771 771 791 792 793 773 772 772 792 793 794 774 773 773 793 794 795 775 774 774 794 795 796 776 775 775 795 796 797 777 776 776 796 797 798 778 777 777 797 798 799 779 778 778 798 799 800 780 779 779 799 800 801 781 780 780 800 801 802 782 781 781 801 802 803 783 782 782 802 803 804 784 783 783 803 804 622 601 784 784 804 622 786 766 785 785 805 786 807 787 786 786 806 807 808 788 787 787 807 808 809 789 788 788 808 809 810 790 789 789 809 810 
						811 791 790 790 810 811 812 792 791 791 811 812 813 793 792 792 812 813 814 794 793 793 813 814 815 795 794 794 814 815 816 796 795 795 815 816 817 797 796 796 816 817 818 798 797 797 817 818 819 799 798 798 818 819 820 800 799 799 819 820 821 801 800 800 820 821 822 802 801 801 821 822 823 803 802 802 822 823 824 804 803 803 823 824 643 622 804 804 824 643 806 786 805 805 825 806 829 826 827 827 828 829 831 830 826 826 829 831 833 832 830 830 831 833 835 834 832 832 833 835 837 836 834 834 835 837 839 838 836 836 837 839 841 840 838 838 839 841 843 842 840 840 841 843 845 844 842 842 843 845 847 846 844 844 845 847 849 848 846 846 847 849 851 850 848 848 849 851 853 852 850 850 851 853 855 854 852 852 853 855 857 856 854 854 855 857 859 858 856 856 857 859 
						861 860 858 858 859 861 863 862 860 860 861 863 685 684 862 862 863 685 828 827 864 864 865 828 686 829 828 828 687 686 690 831 829 829 686 690 692 833 831 831 690 692 694 835 833 833 692 694 696 837 835 835 694 696 698 839 837 837 696 698 700 841 839 839 698 700 702 843 841 841 700 702 704 845 843 843 702 704 706 847 845 845 704 706 708 849 847 847 706 708 710 851 849 849 708 710 712 853 851 851 710 712 714 855 853 853 712 714 716 857 855 855 714 716 718 859 857 857 716 718 720 861 859 859 718 720 722 863 861 861 720 722 537 685 863 863 722 537 687 828 865 865 724 687 867 535 536 536 866 867 868 683 535 535 867 868 869 682 683 683 868 869 871 621 642 642 870 871 872 600 621 621 871 872 873 579 600 600 872 873 874 558 579 579 873 874 866 536 558 558 874 866 
						876 867 866 866 875 876 877 868 867 867 876 877 878 869 868 868 877 878 880 871 870 870 879 880 881 872 871 871 880 881 882 873 872 872 881 882 883 874 873 873 882 883 875 866 874 874 883 875 885 876 875 875 884 885 886 877 876 876 885 886 887 878 877 877 886 887 889 880 879 879 888 889 890 881 880 880 889 890 891 882 881 881 890 891 892 883 882 882 891 892 884 875 883 883 892 884 894 885 884 884 893 894 895 886 885 885 894 895 896 887 886 886 895 896 898 889 888 888 897 898 899 890 889 889 898 899 900 891 890 890 899 900 901 892 891 891 900 901 893 884 892 892 901 893 903 725 724 724 902 903 904 745 725 725 903 904 905 765 745 745 904 905 906 785 765 765 905 906 907 805 785 785 906 907 908 825 805 805 907 908 910 865 864 864 909 910 902 724 865 865 910 902 
						912 903 902 902 911 912 913 904 903 903 912 913 914 905 904 904 913 914 915 906 905 905 914 915 916 907 906 906 915 916 917 908 907 907 916 917 919 910 909 909 918 919 911 902 910 910 919 911 921 912 911 911 920 921 922 913 912 912 921 922 923 914 913 913 922 923 924 915 914 914 923 924 925 916 915 915 924 925 926 917 916 916 925 926 928 919 918 918 927 928 920 911 919 919 928 920 897 929 898 893 901 930 931 901 900 932 900 899 933 899 898 895 934 896 894 935 895 893 936 894 938 921 920 920 937 938 939 922 921 921 938 939 940 923 922 922 939 940 941 924 923 923 940 941 942 925 924 924 941 942 943 926 925 925 942 943 945 928 927 927 944 945 937 920 928 928 945 937 947 938 937 937 946 947 948 939 938 938 947 948 949 940 939 939 948 949 950 941 940 940 949 950 
						951 942 941 941 950 951 952 943 942 942 951 952 954 945 944 944 953 954 946 937 945 945 954 946 956 947 946 946 955 956 957 948 947 947 956 957 958 949 948 948 957 958 959 950 949 949 958 959 960 951 950 950 959 960 961 952 951 951 960 961 963 954 953 953 962 963 955 946 954 954 963 955 967 964 965 965 966 967 969 968 964 964 967 969 971 970 968 968 969 971 973 972 970 970 971 973 975 974 972 972 973 975 977 976 974 974 975 977 979 978 976 976 977 979 981 980 978 978 979 981 983 982 980 980 981 983 985 984 982 982 983 985 987 986 984 984 985 987 966 965 988 988 989 966 991 967 966 966 990 991 992 969 967 967 991 992 993 971 969 969 992 993 994 973 971 971 993 994 995 975 973 973 994 995 996 977 975 975 995 996 997 979 977 977 996 997 998 981 979 979 997 998 
						999 983 981 981 998 999 1000 985 983 983 999 1000 1001 987 985 985 1000 1001 990 966 989 989 1002 990 1004 991 990 990 1003 1004 1005 992 991 991 1004 1005 1006 993 992 992 1005 1006 1007 994 993 993 1006 1007 1008 995 994 994 1007 1008 1009 996 995 995 1008 1009 1010 997 996 996 1009 1010 1011 998 997 997 1010 1011 1012 999 998 998 1011 1012 1013 1000 999 999 1012 1013 1014 1001 1000 1000 1013 1014 1003 990 1002 1002 1015 1003 1017 1004 1003 1003 1016 1017 1018 1005 1004 1004 1017 1018 1019 1006 1005 1005 1018 1019 1020 1007 1006 1006 1019 1020 1021 1008 1007 1007 1020 1021 1022 1009 1008 1008 1021 1022 1023 1010 1009 1009 1022 1023 1024 1011 1010 1010 1023 1024 1025 1012 1011 1011 1024 1025 1026 1013 1012 1012 1025 1026 1027 1014 1013 1013 1026 1027 1016 1003 1015 1015 1028 1016 1030 1017 1016 1016 1029 1030 1031 1018 1017 1017 1030 1031 1032 1019 1018 1018 1031 1032 1033 1020 1019 1019 1032 1033 
						1034 1021 1020 1020 1033 1034 1035 1022 1021 1021 1034 1035 1036 1023 1022 1022 1035 1036 1037 1024 1023 1023 1036 1037 1038 1025 1024 1024 1037 1038 1039 1026 1025 1025 1038 1039 1040 1027 1026 1026 1039 1040 1029 1016 1028 1028 1041 1029 1043 1030 1029 1029 1042 1043 1044 1031 1030 1030 1043 1044 1045 1032 1031 1031 1044 1045 1046 1033 1032 1032 1045 1046 1047 1034 1033 1033 1046 1047 1048 1035 1034 1034 1047 1048 1049 1036 1035 1035 1048 1049 1050 1037 1036 1036 1049 1050 1051 1038 1037 1037 1050 1051 1052 1039 1038 1038 1051 1052 1053 1040 1039 1039 1052 1053 1042 1029 1041 1041 1054 1042 1056 1043 1042 1042 1055 1056 1057 1044 1043 1043 1056 1057 1058 1045 1044 1044 1057 1058 1059 1046 1045 1045 1058 1059 1060 1047 1046 1046 1059 1060 1061 1048 1047 1047 1060 1061 1062 1049 1048 1048 1061 1062 1063 1050 1049 1049 1062 1063 1064 1051 1050 1050 1063 1064 1065 1052 1051 1051 1064 1065 1066 1053 1052 1052 1065 1066 1055 1042 1054 1054 1067 1055 
						1069 1056 1055 1055 1068 1069 1070 1057 1056 1056 1069 1070 1071 1058 1057 1057 1070 1071 1072 1059 1058 1058 1071 1072 1073 1060 1059 1059 1072 1073 1074 1061 1060 1060 1073 1074 1075 1062 1061 1061 1074 1075 1076 1063 1062 1062 1075 1076 1077 1064 1063 1063 1076 1077 1078 1065 1064 1064 1077 1078 1079 1066 1065 1065 1078 1079 1068 1055 1067 1067 1080 1068 
					</p>
				</polylist>
			</mesh>
		</geometry>
		<geometry id="meshId3" name="meshId3_name" >
			<mesh>
				<source id="meshId3-positions" name="meshId3-positions">
					<float_array id="meshId3-positions-array" count="978"> 
						-2.557870 5.143524 -4.497751 -2.370060 4.712906 -4.423612 -1.700061 6.081924 -4.552064 -2.201986 6.481308 -4.887919 -2.881243 5.430542 -4.762879 -2.658649 6.787949 -4.869740 -4.377413 7.479950 -4.614739 -3.835549 8.017059 -4.890160 -1.807536 0.961075 -4.167063 -0.441395 0.589050 -4.669559 -0.704630 2.805649 -5.484975 -2.345363 3.025909 -4.744413 -2.788779 1.400421 -3.437284 -3.460722 3.332504 -3.690778 -3.312781 1.880646 -2.653860 -3.957621 3.703125 -2.550798 -3.425139 2.366898 -1.967216 -3.907408 4.100433 -1.520100 -3.239394 2.826691 -1.494823 -3.458754 4.493332 -0.772532 -2.883191 3.239700 -1.312992 -2.784994 4.841370 -0.432331 -2.472532 3.599823 -1.442895 -2.062438 5.149445 -0.552885 -2.104343 3.910690 -1.847614 -1.435802 5.416565 -1.082596 -1.859783 4.177429 -2.446452 -1.022747 5.647293 -1.898760 -1.803978 4.401169 -3.138206 -0.913446 5.838730 -2.843274 -1.974750 4.580063 -3.823971 -1.148372 5.984344 -3.765188 0.287298 6.619095 -4.869115 -1.134632 7.019455 -5.934306 -2.267171 7.490952 -5.699816 -3.611099 8.239548 -5.555090 -1.574266 3.709671 -7.592940 -3.793876 3.813156 -6.292725 -5.166285 4.030258 -4.441582 -5.583035 4.333984 -2.386811 -5.120782 4.685730 -0.462143 -3.977743 5.045395 1.002134 -2.460693 5.379379 1.750084 -0.909202 5.671661 1.681239 0.405311 5.928955 0.868526 1.290868 6.162567 -0.474704 1.599025 6.366684 -2.056168 1.250047 6.521469 -3.588869 2.985665 5.829712 -5.246887 0.251071 6.324478 -7.205743 -1.902039 7.100906 -6.823505 -3.835547 8.017059 -6.220020 -2.768525 2.653763 -9.758896 -5.671134 2.648071 -7.866547 -7.482746 2.727997 -5.082442 -7.942115 2.924637 -1.911388 -7.030458 3.223099 1.118319 -4.959404 3.596603 3.486944 -2.183207 4.004532 4.765579 0.674016 4.400421 4.760988 3.035727 4.757919 3.571455 4.556126 5.082870 1.523960 5.081497 5.381943 -0.922095 4.545597 5.635498 -3.296742 
						5.048425 3.658493 -5.424206 1.055080 4.583771 -7.886342 -1.812223 5.800278 -7.553604 -4.377411 7.479950 -6.495444 -3.701399 -0.000015 -10.577977 -7.030325 -0.000015 -8.345067 -9.165110 -0.000015 -5.055991 -9.804012 -0.000015 -1.212452 -8.820494 0.135818 2.581176 -6.363899 0.406296 5.666801 -2.829461 0.810867 7.433592 1.195199 1.331848 7.496400 4.785642 1.880081 5.918982 7.053164 2.374786 3.279645 7.803018 2.823608 0.145290 7.164018 3.260345 -2.926106 3.111563 2.433594 -5.244657 0.241611 3.257584 -7.200297 -2.087219 4.397507 -7.392043 -4.919277 6.942856 -6.220020 -3.307556 -2.657135 -9.585837 -6.311026 -2.657135 -7.580272 -8.182507 -2.572693 -4.636968 -8.632614 -2.329651 -1.306486 -7.613756 -1.938538 1.809113 -5.268813 -1.325241 4.038898 -2.180540 -0.797211 5.297601 1.005159 -0.162506 5.130584 3.533659 0.443680 3.790956 5.020643 0.995392 1.649350 5.431962 1.512100 -0.851192 4.795502 1.988342 -3.265976 0.362122 2.360260 -4.881205 -1.121740 2.992493 -5.940961 -2.523036 3.755630 -6.485369 -5.143727 6.720367 -5.555090 -1.737776 -3.678619 -7.452232 -3.870807 -3.436493 -6.086988 -5.179461 -3.044067 -4.118463 -5.494816 -2.523651 -1.954498 -4.837030 -1.910477 -0.014657 -3.457835 -1.252045 1.368575 -1.759175 -0.601227 1.988163 -0.168318 0.002808 1.802340 1.033158 0.556778 0.914205 1.726251 1.078400 -0.464601 1.858095 1.570587 -2.060120 1.390689 2.005768 -3.598102 -1.121740 2.992493 -5.940961 0.362122 2.360260 -4.881205 -1.677368 3.262894 -4.554556 -2.194595 3.766022 -4.893105 -2.523036 3.755630 -6.485369 -2.836554 4.190750 -5.415940 -5.143727 6.720367 -5.555090 -4.919279 6.942856 -4.890160 -3.870807 -3.436493 -6.086988 -1.737776 -3.678619 -7.452232 -0.522719 -2.239044 -5.409348 -1.987517 -1.844269 -4.667106 -5.179461 -3.044067 -4.118463 -2.955989 -1.343399 -3.591510 -5.494816 -2.523651 -1.954498 -3.360126 -0.772278 -2.422279 
						-4.837030 -1.910477 -0.014657 -3.255370 -0.172516 -1.388145 -3.457835 -1.252045 1.368575 -2.793808 0.422287 -0.675658 -1.759175 -0.601227 1.988163 -2.161119 0.966003 -0.383644 -0.168318 0.002808 1.802340 -1.540867 1.466385 -0.542412 1.033158 0.556778 0.914205 -1.052500 1.921921 -1.091474 1.726251 1.078400 -0.464601 -0.779280 2.337967 -1.911704 1.858095 1.570587 -2.060120 -0.781824 2.709671 -2.852870 1.390689 2.005768 -3.598102 -1.088237 3.022934 -3.770508 2.036443 -0.000015 -3.321987 2.854784 -0.000015 -2.490386 3.874112 2.508743 -2.552834 2.812681 2.551758 -3.803592 0.823574 -0.000015 -3.852535 1.242661 2.585693 -4.641097 -0.601645 -0.000015 -3.941363 -0.601645 2.609665 -4.881554 -1.535793 -0.000015 -7.640667 -0.077824 -0.000015 -7.870670 -0.056306 1.855804 -8.639374 -1.927657 1.864960 -8.334152 -2.780383 -0.000015 -6.997525 -3.521040 1.881012 -7.506332 -3.626486 -0.000015 -5.987217 -4.598549 1.911774 -6.202549 -3.952676 -0.000015 -4.726541 -5.004885 1.955307 -4.568129 -3.718415 -0.000015 -3.363927 -4.687720 2.009094 -2.795962 -2.967043 -0.000015 -2.061780 -3.701920 2.070190 -1.108937 -1.817583 -0.000015 -0.979507 -2.200441 2.135864 0.269995 -0.447683 -0.000015 -0.250877 -0.413313 2.203705 1.153488 0.931280 -0.000015 0.038578 1.383891 2.271606 1.424106 2.104802 -0.000015 -0.130417 2.910280 2.337708 1.059630 2.887679 -0.000015 -0.701973 3.924350 2.400314 0.143305 3.153122 -0.000015 -1.548885 4.264230 2.457825 -1.144401 6.348334 3.635086 -3.159656 4.699545 3.676163 -5.378500 2.257471 3.702393 -6.894373 -0.601644 3.713440 -7.426909 -0.030378 2.624512 -10.495192 -2.901584 2.655319 -10.004085 -5.338308 2.713165 -8.656059 -6.973135 2.783615 -6.610120 -7.568920 2.863022 -4.097054 -7.045767 2.953613 -1.399937 -5.488047 3.051727 1.127962 -3.132435 3.152466 3.122430 -0.336722 3.251816 4.279645 2.468870 3.346573 4.416245 
						4.846822 3.434235 3.511647 6.423878 3.512695 1.721417 6.952320 3.580170 -0.642051 8.842698 2.615143 -3.903984 6.602310 2.624985 -7.111612 3.276321 2.625793 -9.287498 -0.601642 2.625793 -10.052717 -0.008841 1.855804 -12.351004 -3.873778 1.895416 -11.680387 -7.152295 1.977997 -9.768267 -9.346365 2.056137 -6.893661 -10.131390 2.125580 -3.408139 -9.396753 2.197617 0.302459 -7.257065 2.271088 3.731497 -4.036516 2.342682 6.357098 -0.225755 2.409363 7.749622 3.588083 2.469131 7.665942 6.813077 2.520493 6.105784 8.948232 2.562424 3.322401 9.662670 2.594162 -0.215516 9.923853 -0.000015 -4.263227 7.407647 -0.000015 -7.877423 3.699455 -0.000015 -10.292353 -0.601642 -0.000015 -11.140364 0.000005 -0.000015 -13.119711 -4.269063 -0.000015 -12.380154 -7.891628 -0.000015 -10.170473 -10.315681 -0.000015 -6.720298 -11.176382 -0.000015 -2.653844 -10.347584 -0.000015 1.612543 -7.956820 -0.000015 5.493945 -4.367980 -0.000015 8.386607 -0.130181 -0.000015 9.805367 4.104283 -0.000015 9.497733 7.681494 -0.000015 7.499781 10.048567 -0.000015 4.142068 10.839169 -0.000015 -0.012916 8.849812 -2.615143 -3.903984 6.602310 -2.625031 -7.111612 3.276321 -2.625824 -9.287498 -0.601642 -2.625824 -10.052717 -0.007176 -1.855820 -12.351004 -3.870142 -1.895447 -11.680387 -7.146922 -1.978012 -9.768267 -9.341894 -2.054703 -6.901381 -10.127834 -2.125610 -3.408139 -9.393019 -2.197662 0.302459 -7.257065 -2.271133 3.731497 -4.030300 -2.342712 6.357098 -0.217866 -2.409393 7.749622 3.596067 -2.469147 7.665942 6.817827 -2.520508 6.105784 8.951990 -2.562469 3.322401 9.667369 -2.594177 -0.215516 6.348334 -3.635101 -3.159656 4.699545 -3.676178 -5.378500 2.257471 -3.702423 -6.894373 -0.601644 -3.713470 -7.426909 -0.030378 -2.624512 -10.495192 -2.901584 -2.655365 -10.004085 -5.338308 -2.713165 -8.656059 -6.973135 -2.783661 -6.610120 -7.568920 -2.863037 -4.097054 -7.045767 -2.953674 -1.399937 
						-5.488047 -3.051788 1.127962 -3.132435 -3.152496 3.122430 -0.336722 -3.251831 4.279645 2.468870 -3.346588 4.416245 4.846822 -3.434265 3.511647 6.423878 -3.512726 1.721417 6.952320 -3.580200 -0.642051 4.699545 -3.676178 -5.378500 6.348334 -3.635101 -3.159656 3.874113 -2.508789 -2.552834 2.812681 -2.551788 -3.803593 2.257471 -3.702423 -6.894373 1.242661 -2.585724 -4.641098 -0.601644 -3.713470 -7.426909 -0.601645 -2.609680 -4.881554 -2.901584 -2.655365 -10.004085 -0.030378 -2.624512 -10.495192 -0.056306 -1.855820 -8.639374 -1.927657 -1.865005 -8.334151 -5.338308 -2.713165 -8.656059 -3.521041 -1.881058 -7.506332 -6.973135 -2.783661 -6.610120 -4.598549 -1.911789 -6.202549 -7.568920 -2.863037 -4.097054 -5.004886 -1.955353 -4.568129 -7.045767 -2.953674 -1.399937 -4.687721 -2.009109 -2.795961 -5.488047 -3.051788 1.127962 -3.701920 -2.070221 -1.108937 -3.132435 -3.152496 3.122430 -2.200441 -2.135880 0.269994 -0.336722 -3.251831 4.279645 -0.413313 -2.203720 1.153489 2.468870 -3.346588 4.416245 1.383892 -2.271622 1.424107 4.846822 -3.434265 3.511647 2.910280 -2.337738 1.059630 6.423878 -3.512726 1.721417 3.924350 -2.400330 0.143305 6.952320 -3.580200 -0.642051 4.264230 -2.457855 -1.144401 3.455414 -0.000015 -8.955194 3.476933 1.089294 -9.406402 3.502860 1.540512 -10.495718 3.524397 1.089294 -11.585030 3.533244 -0.000015 -12.036241 3.526062 -1.089325 -11.585030 3.502860 -1.540527 -10.495718 3.502860 -1.540527 -10.495718 3.476933 -1.089325 -9.406402 5.086729 -0.000015 -8.648273 5.275774 0.776978 -8.909192 5.716634 1.098816 -9.549265 6.154873 0.776978 -10.191051 6.336354 -0.000015 -10.456920 6.155867 -0.777008 -10.190401 5.716634 -1.098846 -9.549265 5.716634 -1.098846 -9.549265 5.275774 -0.777008 -8.909192 8.090919 -0.000015 -7.715418 -5.051499 9.167084 -4.333437 -5.394639 8.826950 -4.159025 -5.737776 8.486832 -4.333437 -5.879910 8.345932 -4.754508 
						-5.879910 8.345932 -4.754508 -5.737776 8.486832 -5.175579 -5.394636 8.826950 -5.349992 -5.051498 9.167084 -5.175579 -4.909366 9.307983 -4.754508 -6.225619 10.066330 -4.128438 
					</float_array>
					<technique_common>
						<accessor count="326" offset="0" source="#meshId3-positions-array" stride="3">
							<param name="X" type="float" />
							<param name="Y" type="float" />
							<param name="Z" type="float" />
						</accessor>
					</technique_common>
				</source>
				<source id="meshId3-normals" name="meshId3-normals">
					<float_array id="meshId3-normals-array" count="978"> 
						-0.519750 -0.044145 0.853177 -0.789096 -0.052938 0.611984 -0.284695 0.772483 0.567643 0.050687 0.652546 0.756052 -0.292114 -0.230196 0.928267 0.298270 0.357256 0.885100 0.007388 -0.164343 0.986376 0.471521 0.353553 0.807879 0.529262 0.066257 0.845867 -0.063485 -0.016731 0.997843 0.175820 0.808831 0.561141 0.418699 0.776453 0.470969 0.795108 0.109306 0.596536 0.574178 0.784286 0.234979 0.969491 0.138285 0.202398 0.602679 0.793607 -0.083461 0.954541 0.128068 -0.269166 0.421078 0.825026 -0.376864 0.692085 0.078259 -0.717561 0.066749 0.871525 -0.485787 0.141741 0.010964 -0.989843 -0.239353 0.894874 -0.376710 -0.461494 -0.041385 -0.886178 -0.382826 0.898717 -0.213894 -0.809495 -0.056277 -0.584423 -0.432135 0.898353 -0.078875 -0.964704 -0.044594 -0.259533 -0.444409 0.894955 0.039448 -0.996333 -0.023174 0.082357 -0.441317 0.882901 0.160387 -0.906075 -0.005027 0.423088 -0.426844 0.853157 0.299878 0.163328 0.986553 0.006101 0.253479 0.965753 0.055403 0.461103 0.869814 0.175520 0.542527 0.837117 0.070000 -0.044686 0.978463 -0.201528 -0.110064 0.978083 -0.176746 -0.226574 0.957489 -0.178550 -0.348988 0.931809 -0.099695 -0.410831 0.910350 0.049807 -0.371935 0.905123 0.205953 -0.248542 0.921077 0.299740 -0.100564 0.948247 0.301190 0.009469 0.969574 0.244615 0.074126 0.980893 0.179875 0.113132 0.987584 0.108994 0.127145 0.991745 0.016631 0.496218 0.742084 -0.450643 0.347568 0.713733 -0.608097 0.124563 0.684756 -0.718048 0.097628 0.690363 -0.716846 -0.291552 0.624250 -0.724783 -0.523385 0.640614 -0.561856 -0.697565 0.646586 -0.308755 -0.754027 0.656829 -0.004451 -0.679829 0.675319 0.285965 -0.496380 0.700705 0.512464 -0.237854 0.730514 0.640137 0.040607 0.766527 0.640927 0.274214 0.808813 0.520219 0.432708 0.841469 0.323565 0.521073 0.848195 0.095124 0.539622 0.819731 -0.191962 
						0.683173 0.014017 -0.730122 0.394900 0.039660 -0.917868 -0.162078 0.123614 -0.979005 -0.321187 0.218976 -0.921351 -0.408987 0.006218 -0.912519 -0.717904 0.042789 -0.694826 -0.934519 0.086570 -0.345224 -0.990058 0.122268 0.069540 -0.869659 0.137379 0.474153 -0.603535 0.117984 0.788559 -0.232937 0.091918 0.968138 0.196043 0.089525 0.976500 0.595405 0.109650 0.795908 0.879384 0.125139 0.459373 0.992790 0.108833 0.050227 0.925380 0.080419 -0.370412 0.227282 -0.809132 -0.541893 0.050559 -0.691341 -0.720758 -0.381569 -0.406599 -0.830110 -0.639738 -0.229761 -0.733447 -0.314421 -0.648754 -0.693006 -0.534910 -0.687267 -0.491463 -0.647533 -0.736898 -0.194119 -0.594647 -0.795365 0.117426 -0.386587 -0.853327 0.349834 -0.121283 -0.901145 0.416207 0.090912 -0.923898 0.371682 0.252990 -0.929547 0.268213 0.340739 -0.932374 0.120731 0.364381 -0.930118 -0.045905 0.345103 -0.918171 -0.194593 0.302735 -0.886232 -0.350633 -0.151027 -0.961641 -0.228992 -0.274350 -0.905821 -0.322832 -0.597050 -0.722216 -0.349193 -0.811004 -0.562052 -0.162389 -0.079396 -0.995133 -0.058371 -0.044095 -0.995275 0.086508 0.044560 -0.983245 0.176759 0.175775 -0.965856 0.190327 0.292943 -0.948818 0.118016 0.331874 -0.943123 -0.019465 0.291808 -0.943134 -0.159206 0.212050 -0.946537 -0.243111 0.112694 -0.954404 -0.276431 0.024471 -0.961695 -0.273027 -0.043521 -0.967732 -0.248195 -0.095849 -0.973506 -0.207605 -0.274350 -0.905821 -0.322832 -0.151027 -0.961641 -0.228992 -0.576374 -0.806373 0.132497 -0.624695 -0.752782 0.207547 -0.597050 -0.722216 -0.349193 -0.673679 -0.655965 0.340392 -0.811004 -0.562052 -0.162389 -0.558167 -0.546210 0.624583 -0.044095 -0.995275 0.086508 -0.079396 -0.995133 -0.058371 -0.125297 -0.683393 0.719218 0.364800 -0.603968 0.708621 0.044560 -0.983245 0.176759 0.608895 -0.560201 0.561625 0.175775 -0.965856 0.190327 0.806892 -0.520592 0.279124 
						0.292943 -0.948818 0.118016 0.857021 -0.505218 -0.101344 0.331874 -0.943123 -0.019465 0.710661 -0.537974 -0.453370 0.291808 -0.943134 -0.159206 0.413890 -0.626271 -0.660666 0.212050 -0.946537 -0.243111 0.065596 -0.728639 -0.681750 0.112694 -0.954404 -0.276431 -0.215968 -0.797539 -0.563284 0.024471 -0.961695 -0.273027 -0.391141 -0.829656 -0.398345 -0.043521 -0.967732 -0.248195 -0.498724 -0.841965 -0.205837 -0.095849 -0.973506 -0.207605 -0.554413 -0.831112 0.043340 -0.577732 -0.000000 0.816226 -0.848948 -0.000000 0.528476 -0.548377 0.773628 0.317462 -0.400951 0.750413 0.525470 -0.257720 -0.000000 0.966220 -0.190626 0.747587 0.636220 -0.425500 0.012320 0.904875 -0.247861 0.724108 0.643609 0.304174 0.000000 0.952617 0.240969 0.000000 0.970533 0.213937 0.716414 0.664064 0.205644 0.773624 0.599346 0.614000 0.000000 0.789306 0.388294 0.796764 0.463029 0.887466 0.000000 0.460873 0.513816 0.824099 0.238439 0.999533 -0.000000 0.030553 0.542877 0.839757 -0.009570 0.935877 -0.000000 -0.352327 0.493534 0.842740 -0.214972 0.778172 -0.000000 -0.628051 0.399496 0.842566 -0.361228 0.575284 -0.000000 -0.817954 0.278181 0.844499 -0.457644 0.327941 -0.000000 -0.944698 0.130622 0.849515 -0.511139 0.008702 -0.000000 -0.999962 -0.049968 0.856776 -0.513262 -0.412819 -0.000000 -0.910813 -0.261613 0.861421 -0.435331 -0.846370 -0.000000 -0.532595 -0.464973 0.850236 -0.246776 -0.998428 -0.000000 0.056051 -0.578907 0.814701 0.033599 0.107093 0.993518 -0.038124 0.085360 0.993437 -0.076129 0.049889 0.993417 -0.103124 0.011847 0.990718 -0.135414 0.137722 0.988898 -0.055791 -0.016107 0.994308 -0.105323 -0.038795 0.994653 -0.095709 -0.060544 0.995712 -0.069942 -0.068629 0.997002 -0.035743 -0.064507 0.997874 -0.009292 -0.057767 0.998281 0.009870 -0.049949 0.998351 0.028287 -0.036428 0.998141 0.048855 -0.009689 0.997612 0.068389 
						0.034649 0.996633 0.074315 0.082973 0.995210 0.051691 0.109145 0.993998 0.007423 0.691100 0.656215 -0.302922 0.527928 0.650972 -0.545461 0.286244 0.651012 -0.703028 0.055288 0.626501 -0.777457 0.053967 0.674483 -0.736315 -0.253641 0.652273 -0.714287 -0.494928 0.656187 -0.569618 -0.660731 0.677011 -0.324178 -0.690797 0.722410 -0.030378 -0.603349 0.768351 0.213559 -0.463896 0.800404 0.379676 -0.300098 0.817625 0.491356 -0.105127 0.819728 0.563022 0.136225 0.803645 0.579308 0.409133 0.766422 0.495185 0.637223 0.716461 0.283957 0.737200 0.675629 -0.007868 0.917259 0.000752 -0.398292 0.696882 0.000238 -0.717186 0.378188 0.000000 -0.925729 0.048796 -0.011361 -0.998744 0.019359 -0.000008 -0.999813 -0.352322 -0.000321 -0.935879 -0.684097 -0.000338 -0.729391 -0.924812 -0.000690 -0.380424 -0.999351 -0.000854 0.036009 -0.914663 -0.000385 0.404217 -0.729031 -0.000523 0.684481 -0.469509 -0.000597 0.882927 -0.137854 -0.000246 0.990453 0.252545 0.000325 0.967585 0.638253 0.000671 0.769827 0.910074 0.000721 0.414445 0.999992 0.000926 -0.003788 0.691252 -0.655962 -0.303125 0.527744 -0.650987 -0.545621 0.286244 -0.651012 -0.703027 0.039109 -0.633883 -0.772440 0.054089 -0.674495 -0.736295 -0.253559 -0.652323 -0.714270 -0.494533 -0.656365 -0.569756 -0.660545 -0.676995 -0.324589 -0.690634 -0.722565 -0.030415 -0.603252 -0.768459 0.213443 -0.463864 -0.800396 0.379732 -0.299805 -0.817714 0.491386 -0.104949 -0.819745 0.563031 0.136475 -0.803549 0.579382 0.409419 -0.766281 0.495166 0.637380 -0.716314 0.283972 0.737374 -0.675441 -0.007698 0.106958 -0.993529 -0.038205 0.085315 -0.993434 -0.076222 0.049889 -0.993417 -0.103124 -0.029062 -0.989973 -0.138237 0.137691 -0.988908 -0.055698 -0.016149 -0.994312 -0.105275 -0.038822 -0.994651 -0.095715 -0.060762 -0.995696 -0.069987 -0.068881 -0.996980 -0.035860 -0.064556 -0.997870 -0.009338 
						-0.057783 -0.998280 0.009900 -0.049975 -0.998347 0.028394 -0.036474 -0.998137 0.048915 -0.009733 -0.997612 0.068385 0.034610 -0.996639 0.074256 0.082892 -0.995218 0.051683 0.109007 -0.994013 0.007509 0.085315 -0.993434 -0.076222 0.106958 -0.993529 -0.038205 -0.548377 -0.773628 0.317462 -0.400951 -0.750413 0.525470 0.049889 -0.993417 -0.103124 -0.190626 -0.747587 0.636220 -0.029062 -0.989973 -0.138237 -0.272876 -0.726154 0.631062 -0.016149 -0.994312 -0.105275 0.137691 -0.988908 -0.055698 0.213937 -0.716415 0.664064 0.205644 -0.773624 0.599347 -0.038822 -0.994651 -0.095715 0.388294 -0.796764 0.463029 -0.060762 -0.995696 -0.069987 0.513816 -0.824099 0.238439 -0.068881 -0.996980 -0.035860 0.542877 -0.839758 -0.009570 -0.064556 -0.997870 -0.009338 0.493534 -0.842740 -0.214973 -0.057783 -0.998280 0.009900 0.399496 -0.842566 -0.361228 -0.049975 -0.998347 0.028394 0.278181 -0.844499 -0.457644 -0.036474 -0.998137 0.048915 0.130622 -0.849515 -0.511139 -0.009733 -0.997612 0.068385 -0.049968 -0.856776 -0.513262 0.034610 -0.996639 0.074256 -0.261613 -0.861421 -0.435331 0.082892 -0.995218 0.051683 -0.464973 -0.850236 -0.246776 0.109007 -0.994013 0.007509 -0.578907 -0.814701 0.033600 0.187866 -0.000000 0.982195 0.211360 0.704884 0.677101 0.274160 0.961401 -0.023314 0.334476 0.656215 -0.676393 0.357636 0.000102 -0.933861 0.334588 -0.656168 -0.676383 0.274139 -0.961410 -0.023227 0.274139 -0.961410 -0.023227 0.211360 -0.704884 0.677101 -0.233449 0.000000 0.972369 -0.088560 0.712994 0.695555 0.235369 0.971284 0.034767 0.511275 0.644279 -0.568773 0.610289 0.000163 -0.792179 0.511488 -0.644252 -0.568613 0.235279 -0.971303 0.034846 0.235279 -0.971303 0.034846 -0.088561 -0.712994 0.695554 0.809493 0.000079 0.587130 0.567945 0.310939 0.762073 0.149997 -0.136011 0.979286 -0.436737 -0.438566 0.785443 -0.919941 -0.388065 0.055814 
						-0.919941 -0.388065 0.055814 -0.797835 0.022152 -0.602468 -0.403864 0.418365 -0.813551 0.118809 0.752098 -0.648254 0.627368 0.776220 0.062388 -0.639629 0.752095 0.158837 
					</float_array>
					<technique_common>
						<accessor count="326" offset="0" source="#meshId3-normals-array" stride="3">
							<param name="X" type="float" />
							<param name="Y" type="float" />
							<param name="Z" type="float" />
						</accessor>
					</technique_common>
				</source>
				<source id="meshId3-tangents" name="meshId3-tangents">
					<float_array id="meshId3-tangents-array" count="978"> 
						0.725978 -0.549265 0.413841 0.539082 -0.537295 0.648618 0.622860 -0.301058 0.722087 0.808840 -0.470888 0.352196 0.822696 -0.555421 0.121156 0.772947 -0.634455 -0.004388 0.786064 -0.608758 -0.107315 0.756453 -0.633030 -0.164472 0.839298 -0.186986 -0.510505 0.074752 0.996971 0.021483 0.876449 -0.388168 0.284893 0.816721 -0.095203 -0.569124 0.602081 -0.260364 -0.754791 0.543626 -0.150601 -0.825706 0.238117 -0.335215 -0.911554 0.103227 -0.181246 -0.978005 -0.196916 -0.406978 -0.891960 -0.386660 -0.212575 -0.897389 -0.599050 -0.492320 -0.631475 -0.788108 -0.252535 -0.561349 -0.816779 -0.563643 -0.123203 -0.954509 -0.287933 -0.077510 -0.740330 -0.532428 0.410405 -0.887876 -0.293978 0.353911 -0.505298 -0.440112 0.742278 -0.655275 -0.252706 0.711867 -0.226824 -0.359964 0.904973 -0.320196 -0.199819 0.926038 0.085527 -0.294428 0.951839 0.003677 -0.176953 0.984212 0.406416 -0.288506 0.866943 0.311815 -0.172418 0.934368 0.568393 -0.099150 0.816761 0.849237 -0.249590 0.465298 0.868999 -0.482663 0.108984 0.838513 -0.534639 -0.105152 0.977395 0.001093 -0.211418 0.779967 -0.025228 -0.625312 0.422173 -0.068659 -0.903911 -0.065756 -0.130470 -0.989269 -0.547123 -0.202474 -0.812195 -0.864057 -0.256501 -0.433144 -0.966911 -0.254305 -0.020295 -0.913067 -0.208209 0.350652 -0.720391 -0.163042 0.674132 -0.401453 -0.135760 0.905762 -0.054393 -0.103378 0.993154 0.273930 -0.051224 0.960384 0.601291 0.080673 0.794947 0.876888 -0.017750 0.480367 0.991770 -0.107528 0.069504 0.945385 -0.289411 -0.149965 0.938338 0.039472 -0.343459 0.734118 0.004248 -0.679008 0.362609 -0.053094 -0.930428 -0.097055 -0.118115 -0.988246 -0.529510 -0.182215 -0.828502 -0.836465 -0.228136 -0.498276 -0.966729 -0.241918 -0.083131 -0.929746 -0.205951 0.305216 -0.760716 -0.148503 0.631869 -0.470438 -0.095414 0.877260 -0.094446 -0.053466 0.994093 0.302534 0.023976 0.952837 
						0.727963 0.066112 0.682422 0.912602 0.098211 0.396878 0.986109 0.056807 -0.156081 0.930422 -0.108361 -0.350103 0.912254 0.027817 -0.408679 0.694907 -0.015389 -0.718935 0.339601 -0.073391 -0.937702 -0.085371 -0.129413 -0.987909 -0.493119 -0.197054 -0.847351 -0.794011 -0.179168 -0.580900 -0.960870 -0.175201 -0.214554 -0.963550 -0.167278 0.208779 -0.785007 -0.131508 0.605368 -0.451896 -0.084421 0.888067 -0.045190 -0.048265 0.997812 0.371976 -0.004869 0.928229 0.915130 -0.012811 0.402954 0.998211 0.058040 0.014350 0.909627 -0.005577 -0.415388 0.762892 -0.073815 -0.642298 0.912546 -0.005438 -0.408937 0.700828 -0.036015 -0.712420 0.378725 -0.090151 -0.921108 -0.007436 -0.140607 -0.990038 -0.400229 -0.186517 -0.897233 -0.717464 -0.210177 -0.664132 -0.957380 -0.183831 -0.222779 -0.942036 -0.173535 0.287149 -0.684774 -0.158136 0.711392 -0.229237 -0.137364 0.963629 0.274778 -0.099408 0.956355 0.678114 -0.058225 0.732647 0.965862 -0.192873 0.172948 0.948730 -0.200159 -0.244637 0.711604 -0.275858 -0.646160 0.353105 -0.248941 -0.901856 0.955824 -0.059374 -0.287879 0.755465 -0.089880 -0.648995 0.461487 -0.136665 -0.876557 0.100887 -0.174645 -0.979449 -0.408717 -0.235852 -0.881660 -0.701792 -0.233058 -0.673180 -0.925504 -0.236404 -0.295897 -0.868084 -0.296697 0.397996 -0.430482 -0.297634 0.852115 0.113039 -0.268696 0.956569 0.564448 -0.228799 0.793127 0.844563 -0.189918 0.500644 0.534904 -0.422733 0.731556 0.274788 -0.263359 0.924734 0.524645 -0.240835 0.816545 0.652016 -0.356595 0.669115 0.546518 -0.684842 0.481985 0.726232 -0.502286 0.469357 0.543765 -0.826576 0.145228 0.739108 -0.669384 0.075124 0.769083 -0.089085 -0.632909 0.960733 -0.060771 -0.270737 0.764807 0.395232 0.508784 0.843704 -0.107471 -0.525940 0.440173 -0.139510 -0.887009 0.546530 -0.216888 -0.808867 0.043649 -0.185500 -0.981674 0.126309 -0.309542 -0.942459 
						-0.425787 -0.239973 -0.872421 -0.328889 -0.384924 -0.862360 -0.801168 -0.270908 -0.533609 -0.696890 -0.449933 -0.558485 -0.955630 -0.280478 -0.090023 -0.881191 -0.457771 -0.118105 -0.911239 -0.281392 0.300768 -0.856036 -0.392161 0.336767 -0.756285 -0.262830 0.599127 -0.660459 -0.305570 0.685873 -0.534862 -0.243327 0.809144 -0.378766 -0.249357 0.891267 -0.273058 -0.227449 0.934722 -0.053369 -0.207199 0.976842 0.013421 -0.209810 0.977650 0.305356 -0.154698 0.939588 0.814941 -0.056093 0.576822 0.527904 -0.046522 0.848029 0.358360 -0.125598 0.925096 0.698729 -0.120456 0.705173 0.962672 -0.085613 0.256774 0.908265 -0.111575 0.403244 0.896999 -0.126585 0.423520 0.764634 -0.261723 0.588928 0.945823 -0.119211 -0.302005 0.959180 -0.152505 -0.238151 0.973101 -0.096813 -0.209052 0.933989 0.027705 -0.356226 0.785169 -0.102254 -0.610782 0.757890 0.009732 -0.652310 0.458552 -0.100244 -0.882996 0.447865 -0.020614 -0.893863 0.030404 -0.098860 -0.994637 0.059626 -0.049909 -0.996972 -0.350751 -0.094487 -0.931690 -0.309901 -0.060549 -0.948839 -0.625498 -0.090076 -0.775009 -0.607630 -0.051676 -0.792537 -0.814847 -0.087082 -0.573098 -0.826980 -0.031783 -0.561333 -0.941327 -0.084406 -0.326770 -0.964845 -0.009673 -0.262643 -0.996750 -0.080086 -0.008674 -0.995071 0.001365 0.099154 -0.908445 -0.072066 0.411746 -0.869458 -0.014508 0.493795 -0.531799 -0.054646 0.845105 -0.549222 -0.058398 0.833633 0.055987 -0.047573 0.997297 -0.083872 -0.100484 0.991397 0.260437 0.008974 0.965449 0.623073 0.006400 0.782137 0.887706 0.003212 0.460399 0.983384 0.012990 0.181072 0.963529 -0.146811 -0.223736 0.875547 -0.036844 -0.481726 0.659032 -0.046528 -0.750674 0.337285 -0.045542 -0.940300 -0.027698 -0.037718 -0.998904 -0.375154 -0.032878 -0.926379 -0.666349 -0.031194 -0.744987 -0.879705 -0.030568 -0.474536 -0.990515 -0.029582 -0.134183 -0.969767 -0.026052 0.242638 
						-0.800011 -0.016907 0.599748 -0.502831 -0.002973 0.864379 -0.141697 0.008166 0.989876 0.303630 0.116742 0.945611 0.647379 0.107264 0.754583 0.893936 0.082651 0.440509 0.995500 0.025433 0.091288 0.954291 -0.251921 -0.160822 0.870473 -0.168111 -0.462618 0.651504 -0.153537 -0.742947 0.323163 -0.133239 -0.936917 -0.060414 -0.099535 -0.993198 -0.415092 -0.073919 -0.906772 -0.697094 -0.065332 -0.713997 -0.895593 -0.064160 -0.440224 -0.993122 -0.057199 -0.102156 -0.958670 -0.040504 0.281623 -0.772926 0.002662 0.634490 -0.463095 0.061450 0.884176 -0.085289 0.104600 0.990850 0.393964 0.145322 0.907565 0.709945 0.141515 0.689893 0.919298 0.117669 0.375561 0.996579 0.067326 0.047924 0.943238 -0.331615 0.018266 0.910878 -0.229713 -0.342831 0.715533 -0.194316 -0.671009 0.374539 -0.176874 -0.910185 -0.035455 -0.152969 -0.987595 -0.401067 -0.123747 -0.907652 -0.681246 -0.096548 -0.725660 -0.880705 -0.070603 -0.468375 -0.989455 -0.044838 -0.137726 -0.967535 -0.010101 0.252535 -0.769681 0.020022 0.638115 -0.413215 0.078580 0.907237 0.003644 0.124029 0.992272 0.489134 0.115972 0.864464 0.780696 0.118661 0.613542 0.951191 0.104755 0.290281 0.996079 0.086121 -0.020241 0.918869 -0.254995 0.301093 0.966655 -0.198241 -0.162105 0.828526 -0.157911 -0.537223 0.547080 -0.137929 -0.825639 0.177167 -0.128265 -0.975787 -0.202290 -0.111445 -0.972964 -0.537444 -0.086504 -0.838851 -0.808696 -0.055411 -0.585611 -0.976356 -0.022656 -0.214979 -0.967573 0.017361 0.251993 -0.731391 0.048772 0.680212 -0.341939 0.067323 0.937308 0.099099 0.096899 0.990348 0.595322 0.033218 0.802800 0.847670 0.032168 0.529547 0.979395 0.028430 0.199941 0.997492 -0.019794 -0.067948 0.865300 0.092736 0.492602 0.998791 -0.020931 0.044477 0.938834 -0.003506 -0.344352 0.727862 0.003781 -0.685713 0.386930 0.006434 -0.922087 -0.009859 0.009995 -0.999902 
						-0.385792 0.013182 -0.922492 -0.708460 0.015397 -0.705583 -0.939838 0.017624 -0.341166 -0.988618 0.019868 0.149126 -0.714105 0.027319 0.699506 -0.242743 0.030135 0.969622 0.222316 0.031741 0.974458 0.664504 -0.000269 0.747285 0.282154 -0.006515 0.959347 0.401827 0.089153 0.911365 0.739170 0.073839 0.669459 0.899556 -0.000168 0.436804 0.933130 0.063266 0.353928 0.993095 -0.044321 0.108622 0.848702 0.127196 0.513348 0.816151 0.047715 -0.575865 0.860210 0.147269 -0.488212 0.904754 -0.110990 -0.411219 0.861890 -0.146905 -0.485349 0.555238 0.058167 -0.829655 0.657267 -0.112739 -0.745178 0.188553 0.057404 -0.980384 0.307011 -0.082896 -0.948089 -0.180158 0.047786 -0.982476 -0.095475 -0.050391 -0.994156 -0.504591 0.040714 -0.862398 -0.448245 -0.034651 -0.893239 -0.763499 0.037800 -0.644702 -0.714394 -0.039199 -0.698645 -0.937162 0.037046 -0.346921 -0.895570 -0.055799 -0.441408 -0.999311 0.036769 0.005148 -0.988776 -0.073912 -0.129841 -0.932818 0.033694 0.358769 -0.971697 -0.077098 0.223297 -0.752299 0.022932 0.658422 -0.815153 -0.044310 0.577548 -0.483099 0.005231 0.875550 -0.486442 0.012458 0.873624 -0.142935 -0.008198 0.989698 -0.039286 0.069027 0.996841 0.960649 -0.208308 -0.183744 0.965435 -0.258661 -0.032090 0.960728 -0.272727 0.051204 0.932814 -0.332663 0.138538 0.863236 -0.381526 0.330547 0.742195 -0.258792 0.618201 0.586814 0.148093 0.796064 0.891669 0.263152 -0.368345 0.945893 -0.026983 -0.323355 0.918794 -0.327352 0.220586 0.890889 -0.255623 0.375463 0.901365 -0.231526 0.365974 0.858622 -0.354473 0.370293 0.694602 -0.480921 0.535017 0.440384 -0.371678 0.817262 0.223392 0.088936 0.970663 0.951097 0.222705 -0.214047 0.979346 -0.189754 -0.069818 0.103130 -0.984472 -0.142055 0.698157 -0.672364 -0.245975 0.747569 -0.632604 -0.202366 0.725160 -0.688322 0.018881 0.391262 -0.899652 0.193755 
						0.021893 -0.192985 -0.980958 0.600555 -0.058392 -0.797449 0.855673 -0.141821 -0.497705 0.906223 -0.348941 -0.238749 0.773965 -0.612688 -0.159975 0.762393 0.647084 0.006169 
					</float_array>
					<technique_common>
						<accessor count="326" offset="0" source="#meshId3-tangents-array" stride="3">
							<param name="X" type="float" />
							<param name="Y" type="float" />
							<param name="Z" type="float" />
						</accessor>
					</technique_common>
				</source>
				<source id="meshId3-bitangents" name="meshId3-bitangents">
					<float_array id="meshId3-bitangents-array" count="978"> 
						0.450351 0.834481 0.317529 0.294480 0.841731 0.452515 0.728693 0.559137 -0.395439 0.585840 0.593673 -0.551673 0.487689 0.799073 0.351628 0.559989 0.685445 -0.465379 0.618100 0.776148 0.124687 0.453262 0.688675 -0.565933 0.124340 0.980126 -0.154574 -0.995179 0.075954 -0.062042 0.448247 0.441721 -0.777147 -0.397060 0.622942 -0.674007 0.072813 0.959303 -0.272828 -0.612201 0.601843 -0.512830 -0.058207 0.931938 -0.357915 -0.791279 0.580808 -0.191155 -0.223776 0.904415 -0.363259 -0.820480 0.523588 0.229494 -0.402689 0.866889 -0.293846 -0.611908 0.420321 0.669999 -0.559269 0.825946 -0.070936 -0.177829 0.341021 0.923083 -0.488810 0.845463 0.215074 0.255186 0.325398 0.910492 -0.298985 0.896178 0.327831 0.619576 0.359307 0.697871 -0.133779 0.931900 0.337144 0.836645 0.398909 0.375363 0.002191 0.955393 0.295331 0.897344 0.434940 0.074845 0.117705 0.957465 0.263451 0.848867 0.492336 -0.192432 0.806383 -0.129932 -0.576944 0.463191 -0.070893 -0.883419 0.179513 0.102274 -0.978425 -0.050600 0.115744 -0.991989 -0.206644 -0.206420 -0.956394 -0.616066 -0.206680 -0.760096 -0.877744 -0.280181 -0.388669 -0.934817 -0.338688 0.106805 -0.729297 -0.360925 0.581256 -0.339221 -0.339056 0.877479 0.057533 -0.294866 0.953805 0.395215 -0.239744 0.886751 0.693503 -0.182602 0.696929 0.912875 -0.139352 0.383719 0.992090 -0.118286 0.042022 0.953308 -0.117552 -0.278182 0.626272 -0.665435 -0.406177 0.332060 -0.700193 -0.632033 -0.029617 -0.720796 -0.692514 -0.310993 -0.663054 -0.680913 -0.185795 -0.780227 -0.597265 -0.432595 -0.767851 -0.472510 -0.617994 -0.760991 -0.197421 -0.649634 -0.744732 0.152810 -0.507397 -0.714662 0.481464 -0.232233 -0.675993 0.699358 0.094132 -0.638612 0.763750 0.365956 -0.608293 0.704312 0.588318 -0.569006 0.574556 0.769059 -0.531814 0.354572 0.848271 -0.526979 0.052249 0.785672 -0.572247 -0.235058 
						0.057835 -0.997714 0.034962 0.105885 -0.994375 0.002590 0.036321 -0.990703 -0.131104 -0.176503 -0.969694 -0.168936 0.022842 -0.999594 -0.017049 -0.041455 -0.998966 -0.018686 -0.106514 -0.993539 0.039186 -0.111790 -0.984024 0.138564 -0.022975 -0.970720 0.239114 0.072748 -0.976718 0.201815 0.149898 -0.980232 0.129132 0.182037 -0.981837 0.053468 0.171047 -0.985232 0.007776 0.149913 -0.988541 -0.017688 0.111019 -0.992888 -0.042998 0.072844 -0.996749 -0.034419 -0.332985 -0.587487 0.737550 0.031912 -0.720194 0.693039 0.164267 -0.913590 0.371981 0.093435 -0.970444 0.222505 0.261531 -0.760979 0.593728 0.471922 -0.725512 0.500921 0.661262 -0.669966 0.337457 0.803952 -0.589596 0.077697 0.830883 -0.486873 -0.269421 0.685956 -0.379161 -0.621048 0.274152 -0.335588 -0.901234 -0.220374 -0.325312 -0.919569 -0.644191 -0.325072 -0.692348 -0.902595 -0.340605 -0.263271 -0.897442 -0.383511 0.217987 -0.669711 -0.459567 0.583340 -0.210480 -0.195055 0.957941 0.156979 -0.373396 0.914293 0.370339 -0.634276 0.678633 0.466465 -0.788749 0.400356 0.283012 -0.078649 0.955886 0.653703 0.036737 0.755859 0.886027 0.120631 0.447665 0.979247 0.191365 0.066744 0.864370 0.210041 -0.456889 0.630355 0.237071 -0.739223 0.241433 0.233691 -0.941859 -0.448849 0.126646 -0.884588 -0.895537 0.022970 -0.444395 -0.993289 -0.054271 0.102134 -0.824321 -0.105576 0.556191 -0.526808 -0.127349 0.840390 -0.799130 0.028019 0.600505 -0.949570 0.076735 0.304022 -0.626530 0.540150 0.561871 -0.429687 0.553317 0.713589 -0.587239 0.096929 0.803589 -0.136907 0.563399 0.814762 -0.215853 0.029479 0.975981 0.377053 0.503567 0.777336 0.637625 0.038624 0.769378 0.265872 -0.077574 0.960882 -0.631958 0.613812 0.473143 0.393807 0.789730 0.470365 0.896807 0.117330 0.426581 0.574937 0.799459 0.174105 0.983462 0.180862 0.009552 0.577037 0.795719 -0.184011 
						0.856090 0.205320 -0.474293 0.396670 0.772392 -0.496048 0.497986 0.192686 -0.845507 0.096464 0.712843 -0.694658 0.040250 0.178411 -0.983132 -0.228468 0.631055 -0.741331 -0.353097 0.157755 -0.922191 -0.512737 0.561512 -0.649465 -0.644463 0.141543 -0.751421 -0.719133 0.520153 -0.460748 -0.844585 0.126231 -0.520329 -0.838776 0.499491 -0.216712 -0.961013 0.108452 -0.254348 -0.865116 0.498160 0.058400 -0.995305 0.090920 0.033176 -0.774199 0.534154 0.339552 0.045785 0.998426 0.032407 0.024585 0.998917 0.039495 0.755554 0.621067 -0.208362 0.592467 0.649901 -0.476038 0.082721 0.996328 0.022064 0.372446 0.654725 -0.657738 0.119761 0.991879 0.042811 0.594895 0.638098 -0.488806 0.113562 0.992869 -0.036261 0.148011 0.988303 -0.036749 -0.085477 0.690925 -0.717855 -0.292189 0.633039 -0.716859 0.080709 0.994758 -0.062784 -0.524243 0.604213 -0.600080 0.046200 0.994963 -0.088963 -0.731717 0.566070 -0.379677 0.003021 0.995101 -0.098814 -0.837693 0.540663 -0.077166 -0.033290 0.995526 -0.088429 -0.812641 0.534904 0.231283 -0.056573 0.995935 -0.070095 -0.686432 0.536109 0.491324 -0.071229 0.996201 -0.050097 -0.488590 0.534614 0.689542 -0.079739 0.996431 -0.027680 -0.228063 0.527476 0.818386 -0.080083 0.996788 -0.000697 0.085654 0.515687 0.852485 -0.065639 0.997400 0.029750 0.419049 0.507685 0.752764 -0.029104 0.998506 0.046250 0.694374 0.523152 0.494122 0.002666 0.998868 0.047499 0.811069 0.571108 0.126502 0.959533 -0.113322 -0.257788 0.777492 -0.114197 -0.618438 0.457699 -0.114512 -0.881702 0.181150 -0.135309 -0.974103 -0.229443 -0.022943 -0.973052 -0.482865 -0.099974 -0.869969 -0.751113 -0.092198 -0.653703 -0.939454 -0.080520 -0.333082 -0.997258 -0.067564 0.030203 -0.924715 -0.056272 0.376477 -0.743399 -0.049612 0.667006 -0.472889 -0.048587 0.879781 -0.132488 -0.053280 0.989752 0.243840 -0.063970 0.967703 
						0.598984 -0.080233 0.796731 0.860393 -0.097712 0.500176 0.983875 -0.109091 0.141738 0.655888 -0.745489 -0.118566 0.549721 -0.751485 -0.364798 0.344882 -0.754554 -0.558305 0.076965 -0.779005 -0.622276 -0.293965 -0.693980 -0.657249 -0.421833 -0.739106 -0.525147 -0.574969 -0.738813 -0.351519 -0.677496 -0.723812 -0.130750 -0.720520 -0.684264 0.112402 -0.680932 -0.635746 0.363535 -0.546681 -0.595890 0.588264 -0.328412 -0.572165 0.751513 -0.051536 -0.569890 0.820104 0.249790 -0.593729 0.764912 0.484969 -0.642332 0.593477 0.616028 -0.694916 0.370947 0.670270 -0.729784 0.134735 0.058563 -0.989384 0.133001 0.101656 -0.989936 0.098450 0.108930 -0.993053 0.044501 0.066697 -0.997666 0.014608 -0.331553 -0.943415 -0.006412 -0.214874 -0.973258 0.081225 -0.141506 -0.980939 0.133173 -0.066659 -0.984233 0.163833 0.006352 -0.988231 0.152839 0.050370 -0.992314 0.113032 0.066465 -0.995328 0.070030 0.062617 -0.997504 0.032623 0.044444 -0.998994 0.005938 0.009856 -0.999949 -0.002237 -0.014985 -0.999799 0.013296 -0.031913 -0.996908 0.071811 0.001389 -0.992278 0.124024 -0.531902 -0.745831 0.401019 -0.334664 -0.749757 0.570846 -0.115331 -0.751804 0.649222 0.079353 -0.768620 0.634765 -0.390838 -0.692845 0.605980 -0.035853 -0.731556 0.680838 0.262644 -0.737732 0.621908 0.514183 -0.722948 0.461479 0.701168 -0.679300 0.216599 0.771470 -0.630120 -0.088222 0.704262 -0.593197 -0.390042 0.506091 -0.572951 -0.644670 0.188984 -0.572281 -0.797985 -0.212547 -0.594985 -0.775123 -0.545384 -0.640652 -0.540482 -0.690525 -0.694522 -0.202025 -0.668176 -0.731020 0.138387 -0.796336 -0.108610 0.595023 -0.523618 -0.109789 0.844849 -0.195693 -0.110974 0.974366 0.064531 -0.139865 0.988065 -0.481973 -0.116022 0.868471 -0.046427 -0.104430 0.993448 0.342174 -0.103229 0.933949 0.683026 -0.092607 0.724500 0.919533 -0.077389 0.385318 0.997865 -0.064457 -0.010483 
						0.920775 -0.057124 -0.385890 0.703980 -0.055378 -0.708058 0.339668 -0.058416 -0.938729 -0.150129 -0.066155 -0.986451 -0.699183 -0.077237 -0.710759 -0.966543 -0.092920 -0.239084 -0.968862 -0.104554 0.224444 -0.742399 -0.114404 0.660118 -0.953388 -0.113389 0.279631 -0.733361 0.627336 0.261975 -0.541171 0.656832 0.525077 -0.433946 -0.114557 0.893626 -0.304844 0.661144 0.685536 -0.113659 -0.134126 0.984425 -0.453038 0.675663 0.581580 0.577613 -0.095221 0.810738 0.490999 0.019310 0.870946 0.368307 0.688790 0.624434 0.463525 0.616380 0.636569 0.830785 -0.085353 0.550010 0.645932 0.593681 0.479910 0.980181 -0.072767 0.184254 0.801085 0.560347 0.210415 0.981223 -0.061213 -0.182905 0.834367 0.540618 -0.107532 0.860941 -0.050961 -0.506145 0.745319 0.537204 -0.394855 0.643219 -0.044811 -0.764370 0.574495 0.537165 -0.617584 0.345296 -0.043947 -0.937464 0.347233 0.532643 -0.771830 -0.006937 -0.048694 -0.998790 0.072522 0.522362 -0.849634 -0.360216 -0.060298 -0.930918 -0.230887 0.509893 -0.828674 -0.657912 -0.078651 -0.748977 -0.516801 0.505955 -0.690598 -0.871633 -0.097544 -0.480355 -0.739712 0.526254 -0.419384 -0.983711 -0.108958 -0.142973 -0.814447 0.575758 -0.071967 0.204599 0.978063 -0.039134 0.152520 0.660479 -0.735190 0.042869 -0.036436 -0.998416 -0.134100 -0.677287 -0.723394 -0.356259 -0.924358 -0.136536 -0.580687 -0.708851 0.400416 -0.761903 -0.231862 0.604767 0.360242 0.080267 0.929399 0.246198 0.708809 0.661041 0.318307 0.944902 0.076420 0.445503 0.652913 -0.612561 0.363515 -0.054801 -0.929975 0.036958 -0.677682 -0.734425 -0.380888 -0.876764 -0.293614 -0.737863 -0.668427 0.093609 -0.945907 -0.220592 0.237906 0.200144 0.083503 0.976202 0.181764 0.675005 0.715073 0.578001 0.175543 -0.796931 0.435907 0.671747 -0.598949 0.647025 0.762439 0.006789 0.532357 0.577818 0.618646 -0.024977 0.200080 0.979461 
						0.391446 -0.901201 0.186030 -0.052845 -0.998048 0.033284 -0.323601 -0.897139 -0.300708 -0.405765 -0.559097 -0.723025 -0.085951 0.148649 -0.985148 -0.098141 0.125042 -0.987286 
					</float_array>
					<technique_common>
						<accessor count="326" offset="0" source="#meshId3-bitangents-array" stride="3">
							<param name="X" type="float" />
							<param name="Y" type="float" />
							<param name="Z" type="float" />
						</accessor>
					</technique_common>
				</source>
				<source id="meshId3-tex0" name="meshId3-tex0">
					<float_array id="meshId3-tex0-array" count="652"> 
						0.062980 0.285695 0.066145 0.284141 0.062027 0.292560 0.057000 0.292910 0.059141 0.285775 0.053593 0.292581 0.043985 0.290136 0.043854 0.293847 0.140837 0.279683 0.151888 0.278935 0.148608 0.290000 0.137818 0.290617 0.130714 0.280420 0.126551 0.290899 0.122108 0.281434 0.117096 0.291705 0.114889 0.282633 0.108987 0.292796 0.108785 0.283892 0.102170 0.293949 0.103332 0.284883 0.096509 0.294693 0.097702 0.285314 0.091339 0.294758 0.091487 0.285316 0.086066 0.294255 0.084880 0.285142 0.080258 0.294101 0.078331 0.284944 0.074194 0.293929 0.072050 0.284801 0.068148 0.293458 0.062010 0.302512 0.054604 0.301413 0.050465 0.298457 0.043411 0.297262 0.146325 0.302306 0.135794 0.300997 0.125721 0.300407 0.116343 0.300306 0.107772 0.301071 0.100602 0.302712 0.094686 0.304345 0.089363 0.305135 0.084069 0.305084 0.078554 0.304961 0.072962 0.304707 0.067553 0.304033 0.062140 0.313222 0.054188 0.309727 0.049376 0.304278 0.042295 0.300469 0.144555 0.312417 0.135159 0.311707 0.126070 0.311527 0.117448 0.311830 0.109368 0.312773 0.102026 0.314171 0.095179 0.316085 0.089021 0.317435 0.083278 0.318013 0.077747 0.317533 0.072333 0.316793 0.067149 0.315638 
						0.061776 0.323970 0.052959 0.317698 0.047378 0.311018 0.040002 0.303522 0.142920 0.322836 0.134009 0.322704 0.125693 0.323422 0.117871 0.324944 0.110441 0.326840 0.103347 0.328898 0.096603 0.329636 0.089856 0.330224 0.083390 0.330060 0.077692 0.329226 0.072437 0.328002 0.067308 0.326316 0.057766 0.330064 0.049861 0.323452 0.044568 0.317118 0.037278 0.305901 0.142457 0.333399 0.133967 0.333305 0.126002 0.333589 0.118593 0.334360 0.111406 0.335447 0.104050 0.337721 0.096334 0.339041 0.088868 0.338936 0.082140 0.338420 0.075882 0.337370 0.069801 0.335596 0.063922 0.332992 0.050354 0.334739 0.044726 0.327691 0.041314 0.321001 0.034621 0.307369 0.143791 0.343889 0.135456 0.344306 0.127443 0.345032 0.119635 0.346440 0.111713 0.348623 0.103452 0.349138 0.095186 0.351126 0.086974 0.352307 0.079064 0.351000 0.071025 0.348854 0.063265 0.345160 0.056416 0.340265 0.068271 0.271206 0.074949 0.267587 0.072493 0.277083 0.068004 0.278689 0.061968 0.273874 0.062296 0.278982 0.043460 0.283359 0.043935 0.286545 0.142509 0.253040 0.151172 0.252319 0.154240 0.263959 0.144689 0.265564 0.134288 0.253532 0.135869 0.266982 0.126700 0.254918 0.127689 0.267830 
						0.119812 0.256029 0.120153 0.268603 0.113309 0.256497 0.113487 0.269211 0.107222 0.256347 0.107799 0.269761 0.101696 0.256396 0.102639 0.270688 0.096533 0.257363 0.097213 0.272013 0.091323 0.259209 0.091181 0.273482 0.085918 0.261570 0.084811 0.274861 0.080487 0.264361 0.078500 0.276095 0.177247 0.277290 0.186733 0.277636 0.185941 0.293574 0.175832 0.292028 0.167275 0.276796 0.164763 0.290487 0.157251 0.275993 0.153203 0.288660 0.303064 0.285520 0.310955 0.286388 0.311459 0.293683 0.302805 0.294181 0.294740 0.284804 0.293933 0.294673 0.286167 0.284117 0.285027 0.294942 0.277211 0.283394 0.275799 0.294793 0.267477 0.282604 0.265712 0.294291 0.256759 0.281746 0.254575 0.293757 0.245246 0.280850 0.242752 0.293523 0.233429 0.279968 0.231030 0.293793 0.222007 0.279183 0.220289 0.294524 0.211784 0.278577 0.210997 0.295260 0.203191 0.278168 0.202866 0.295333 0.195288 0.277908 0.194840 0.294861 0.184804 0.307274 0.174454 0.304863 0.162900 0.302875 0.150123 0.301866 0.313945 0.300470 0.303650 0.302551 0.293691 0.304493 0.284273 0.306133 0.274774 0.307016 0.264404 0.307242 0.252978 0.307336 0.241078 0.307809 0.229693 0.308853 0.219551 0.310125 
						0.210670 0.310882 0.202381 0.311083 0.193943 0.309580 0.183397 0.318904 0.172886 0.316325 0.161726 0.314182 0.150364 0.312787 0.317018 0.306953 0.305452 0.310364 0.294536 0.313206 0.284490 0.315762 0.274583 0.317702 0.263900 0.319083 0.252394 0.320287 0.240768 0.321593 0.229843 0.322942 0.219944 0.323887 0.210829 0.324457 0.202042 0.323504 0.193057 0.321501 0.181832 0.330086 0.171275 0.327465 0.160576 0.325107 0.150122 0.323346 0.320151 0.313544 0.308037 0.317844 0.296519 0.321291 0.285419 0.324319 0.274684 0.326930 0.263588 0.329314 0.252103 0.331503 0.240806 0.333353 0.230241 0.334657 0.220500 0.335234 0.211288 0.335209 0.201883 0.334328 0.192083 0.332532 0.180061 0.341099 0.169476 0.338469 0.159046 0.335937 0.149065 0.334033 0.323175 0.320211 0.311240 0.325130 0.299837 0.328967 0.289291 0.332082 0.279048 0.335156 0.268189 0.338509 0.256365 0.341840 0.243993 0.344591 0.231915 0.346222 0.220749 0.346797 0.210438 0.345902 0.200499 0.344977 0.190459 0.343355 0.177232 0.352124 0.166907 0.349455 0.156888 0.346946 0.147366 0.344682 0.326362 0.327071 0.315398 0.332242 0.304687 0.336377 0.294584 0.340271 0.284628 0.344432 0.273962 0.348973 
						0.262066 0.353532 0.248997 0.357457 0.235306 0.360030 0.221887 0.360884 0.209450 0.360385 0.198337 0.357474 0.187710 0.354800 0.177306 0.250246 0.187339 0.248530 0.188012 0.261814 0.178229 0.262692 0.166382 0.251362 0.167949 0.263364 0.155110 0.252938 0.157766 0.264201 0.307156 0.268834 0.318246 0.272528 0.313633 0.279199 0.304851 0.276965 0.297199 0.265682 0.295873 0.275086 0.288220 0.262561 0.286975 0.273416 0.279016 0.259977 0.277778 0.272031 0.268658 0.257975 0.267673 0.270853 0.257133 0.256064 0.256494 0.269594 0.245249 0.253741 0.244669 0.267984 0.234067 0.250831 0.233016 0.265930 0.224073 0.247743 0.222388 0.263638 0.214858 0.245402 0.213160 0.261711 0.205652 0.244701 0.204965 0.260898 0.196541 0.246321 0.196864 0.260977 0.328839 0.289476 0.328136 0.294370 0.328118 0.299215 0.328961 0.303925 0.330726 0.308373 0.333474 0.312363 0.337027 0.315719 0.332194 0.280216 0.330207 0.284716 0.336607 0.291377 0.336322 0.294544 0.337027 0.297640 0.338325 0.300548 0.339948 0.303334 0.341836 0.305954 0.344034 0.308380 0.340508 0.286069 0.338098 0.288466 0.349640 0.296261 0.035726 0.293295 0.035547 0.291386 0.035528 0.289402 0.035237 0.287547 
						0.031143 0.300902 0.033001 0.300241 0.034693 0.298733 0.035745 0.296828 0.035951 0.295021 0.029083 0.293474 
					</float_array>
					<technique_common>
						<accessor count="326" offset="0" source="#meshId3-tex0-array" stride="2">
							<param name="S" type="float" />
							<param name="T" type="float" />
						</accessor>
					</technique_common>
				</source>
				<vertices id="meshId3-vertices">
					<input semantic="POSITION" source="#meshId3-positions" />
				</vertices>
				<polylist count="576" material="defaultMaterial">
					<input offset="0" semantic="VERTEX" source="#meshId3-vertices" />
					<input offset="0" semantic="NORMAL" source="#meshId3-normals" />
					<input offset="0" semantic="TANGENT" source="#meshId3-tangents" />
					<input offset="0" semantic="BINORMAL" source="#meshId3-bitangents" />
					<input offset="0" semantic="TEXCOORD" source="#meshId3-tex0" set="0" />
					<vcount>
						3 3 3 3 3 3 3 3 3 3 3 3 3 3 3 3 3 3 3 3 3 3 3 3 3 3 3 3 3 3 3 3 3 3 3 3 3 3 3 3 3 3 3 3 3 3 3 3 3 3 3 3 3 3 3 3 3 3 3 3 3 3 3 3 
						3 3 3 3 3 3 3 3 3 3 3 3 3 3 3 3 3 3 3 3 3 3 3 3 3 3 3 3 3 3 3 3 3 3 3 3 3 3 3 3 3 3 3 3 3 3 3 3 3 3 3 3 3 3 3 3 3 3 3 3 3 3 3 3 
						3 3 3 3 3 3 3 3 3 3 3 3 3 3 3 3 3 3 3 3 3 3 3 3 3 3 3 3 3 3 3 3 3 3 3 3 3 3 3 3 3 3 3 3 3 3 3 3 3 3 3 3 3 3 3 3 3 3 3 3 3 3 3 3 
						3 3 3 3 3 3 3 3 3 3 3 3 3 3 3 3 3 3 3 3 3 3 3 3 3 3 3 3 3 3 3 3 3 3 3 3 3 3 3 3 3 3 3 3 3 3 3 3 3 3 3 3 3 3 3 3 3 3 3 3 3 3 3 3 
						3 3 3 3 3 3 3 3 3 3 3 3 3 3 3 3 3 3 3 3 3 3 3 3 3 3 3 3 3 3 3 3 3 3 3 3 3 3 3 3 3 3 3 3 3 3 3 3 3 3 3 3 3 3 3 3 3 3 3 3 3 3 3 3 
						3 3 3 3 3 3 3 3 3 3 3 3 3 3 3 3 3 3 3 3 3 3 3 3 3 3 3 3 3 3 3 3 3 3 3 3 3 3 3 3 3 3 3 3 3 3 3 3 3 3 3 3 3 3 3 3 3 3 3 3 3 3 3 3 
						3 3 3 3 3 3 3 3 3 3 3 3 3 3 3 3 3 3 3 3 3 3 3 3 3 3 3 3 3 3 3 3 3 3 3 3 3 3 3 3 3 3 3 3 3 3 3 3 3 3 3 3 3 3 3 3 3 3 3 3 3 3 3 3 
						3 3 3 3 3 3 3 3 3 3 3 3 3 3 3 3 3 3 3 3 3 3 3 3 3 3 3 3 3 3 3 3 3 3 3 3 3 3 3 3 3 3 3 3 3 3 3 3 3 3 3 3 3 3 3 3 3 3 3 3 3 3 3 3 
						3 3 3 3 3 3 3 3 3 3 3 3 3 3 3 3 3 3 3 3 3 3 3 3 3 3 3 3 3 3 3 3 3 3 3 3 3 3 3 3 3 3 3 3 3 3 3 3 3 3 3 3 3 3 3 3 3 3 3 3 3 3 3 3 
					</vcount>
					<p>
						3 0 1 1 2 3 5 4 0 0 3 5 7 6 4 4 5 7 11 8 9 9 10 11 13 12 8 8 11 13 15 14 12 12 13 15 17 16 14 14 15 17 19 18 16 16 17 19 21 20 18 18 19 21 23 22 20 20 21 23 25 24 22 22 23 25 27 26 24 24 25 27 29 28 26 26 27 29 31 30 28 28 29 31 2 1 30 30 31 2 33 3 2 2 32 33 34 5 3 3 33 34 35 7 5 5 34 35 37 11 10 10 36 37 38 13 11 11 37 38 39 15 13 13 38 39 40 17 15 15 39 40 41 19 17 17 40 41 42 21 19 19 41 42 43 23 21 21 42 43 44 25 23 23 43 44 45 27 25 25 44 45 46 29 27 27 45 46 47 31 29 29 46 47 32 2 31 31 47 32 49 33 32 32 48 49 50 34 33 33 49 50 
						51 35 34 34 50 51 53 37 36 36 52 53 54 38 37 37 53 54 55 39 38 38 54 55 56 40 39 39 55 56 57 41 40 40 56 57 58 42 41 41 57 58 59 43 42 42 58 59 60 44 43 43 59 60 61 45 44 44 60 61 62 46 45 45 61 62 63 47 46 46 62 63 48 32 47 47 63 48 65 49 48 48 64 65 66 50 49 49 65 66 67 51 50 50 66 67 69 53 52 52 68 69 70 54 53 53 69 70 71 55 54 54 70 71 72 56 55 55 71 72 73 57 56 56 72 73 74 58 57 57 73 74 75 59 58 58 74 75 76 60 59 59 75 76 77 61 60 60 76 77 78 62 61 61 77 78 79 63 62 62 78 79 64 48 63 63 79 64 81 65 64 64 80 81 82 66 65 65 81 82 83 67 66 66 82 83 85 69 68 68 84 85 
						86 70 69 69 85 86 87 71 70 70 86 87 88 72 71 71 87 88 89 73 72 72 88 89 90 74 73 73 89 90 91 75 74 74 90 91 92 76 75 75 91 92 93 77 76 76 92 93 94 78 77 77 93 94 95 79 78 78 94 95 80 64 79 79 95 80 97 81 80 80 96 97 98 82 81 81 97 98 99 83 82 82 98 99 101 85 84 84 100 101 102 86 85 85 101 102 103 87 86 86 102 103 104 88 87 87 103 104 105 89 88 88 104 105 106 90 89 89 105 106 107 91 90 90 106 107 108 92 91 91 107 108 109 93 92 92 108 109 110 94 93 93 109 110 111 95 94 94 110 111 96 80 95 95 111 96 115 112 113 113 114 115 117 116 112 112 115 117 119 118 116 116 117 119 123 120 121 121 122 123 125 124 120 120 123 125 127 126 124 124 125 127 
						129 128 126 126 127 129 131 130 128 128 129 131 133 132 130 130 131 133 135 134 132 132 133 135 137 136 134 134 135 137 139 138 136 136 137 139 141 140 138 138 139 141 143 142 140 140 141 143 114 113 142 142 143 114 0 115 114 114 1 0 4 117 115 115 0 4 6 119 117 117 4 6 8 123 122 122 9 8 12 125 123 123 8 12 14 127 125 125 12 14 16 129 127 127 14 16 18 131 129 129 16 18 20 133 131 131 18 20 22 135 133 133 20 22 24 137 135 135 22 24 26 139 137 137 24 26 28 141 139 139 26 28 30 143 141 141 28 30 1 114 143 143 30 1 147 144 145 145 146 147 149 148 144 144 147 149 151 150 148 148 149 151 155 152 153 153 154 155 157 156 152 152 155 157 159 158 156 156 157 159 161 160 158 158 159 161 163 162 160 160 161 163 
						165 164 162 162 163 165 167 166 164 164 165 167 169 168 166 166 167 169 171 170 168 168 169 171 173 172 170 170 171 173 175 174 172 172 173 175 177 176 174 174 175 177 146 145 176 176 177 146 179 147 146 146 178 179 180 149 147 147 179 180 181 151 149 149 180 181 183 155 154 154 182 183 184 157 155 155 183 184 185 159 157 157 184 185 186 161 159 159 185 186 187 163 161 161 186 187 188 165 163 163 187 188 189 167 165 165 188 189 190 169 167 167 189 190 191 171 169 169 190 191 192 173 171 171 191 192 193 175 173 173 192 193 194 177 175 175 193 194 178 146 177 177 194 178 196 179 178 178 195 196 197 180 179 179 196 197 198 181 180 180 197 198 200 183 182 182 199 200 201 184 183 183 200 201 202 185 184 184 201 202 203 186 185 185 202 203 204 187 186 186 203 204 
						205 188 187 187 204 205 206 189 188 188 205 206 207 190 189 189 206 207 208 191 190 190 207 208 209 192 191 191 208 209 210 193 192 192 209 210 211 194 193 193 210 211 195 178 194 194 211 195 213 196 195 195 212 213 214 197 196 196 213 214 215 198 197 197 214 215 217 200 199 199 216 217 218 201 200 200 217 218 219 202 201 201 218 219 220 203 202 202 219 220 221 204 203 203 220 221 222 205 204 204 221 222 223 206 205 205 222 223 224 207 206 206 223 224 225 208 207 207 224 225 226 209 208 208 225 226 227 210 209 209 226 227 228 211 210 210 227 228 212 195 211 211 228 212 230 213 212 212 229 230 231 214 213 213 230 231 232 215 214 214 231 232 234 217 216 216 233 234 235 218 217 217 234 235 236 219 218 218 235 236 237 220 219 219 236 237 238 221 220 220 237 238 
						239 222 221 221 238 239 240 223 222 222 239 240 241 224 223 223 240 241 242 225 224 224 241 242 243 226 225 225 242 243 244 227 226 226 243 244 245 228 227 227 244 245 229 212 228 228 245 229 247 230 229 229 246 247 248 231 230 230 247 248 249 232 231 231 248 249 251 234 233 233 250 251 252 235 234 234 251 252 253 236 235 235 252 253 254 237 236 236 253 254 255 238 237 237 254 255 256 239 238 238 255 256 257 240 239 239 256 257 258 241 240 240 257 258 259 242 241 241 258 259 260 243 242 242 259 260 261 244 243 243 260 261 262 245 244 244 261 262 246 229 245 245 262 246 266 263 264 264 265 266 268 267 263 263 266 268 270 269 267 267 268 270 274 271 272 272 273 274 276 275 271 271 274 276 278 277 275 275 276 278 280 279 277 277 278 280 282 281 279 279 280 282 
						284 283 281 281 282 284 286 285 283 283 284 286 288 287 285 285 286 288 290 289 287 287 288 290 292 291 289 289 290 292 294 293 291 291 292 294 296 295 293 293 294 296 265 264 295 295 296 265 144 266 265 265 145 144 148 268 266 266 144 148 150 270 268 268 148 150 152 274 273 273 153 152 156 276 274 274 152 156 158 278 276 276 156 158 160 280 278 278 158 160 162 282 280 280 160 162 164 284 282 282 162 164 166 286 284 284 164 166 168 288 286 286 166 168 170 290 288 288 168 170 172 292 290 290 170 172 174 294 292 292 172 174 176 296 294 294 174 176 145 265 296 296 176 145 298 154 153 153 297 298 299 182 154 154 298 299 300 199 182 182 299 300 301 216 199 199 300 301 302 233 216 216 301 302 303 250 233 233 302 303 305 273 272 272 304 305 297 153 273 273 305 297 
						307 298 297 297 306 307 308 299 298 298 307 308 309 300 299 299 308 309 310 301 300 300 309 310 311 302 301 301 310 311 312 303 302 302 311 312 314 305 304 304 313 314 306 297 305 305 314 306 310 315 311 307 306 315 315 306 314 315 314 313 315 312 311 309 315 310 308 315 309 307 315 308 151 10 9 9 150 151 150 9 122 122 270 150 122 121 269 122 269 270 249 100 84 84 232 249 232 84 68 68 215 232 215 68 52 52 198 215 198 52 36 36 181 198 181 36 10 10 151 181 317 6 7 7 316 317 318 119 6 6 317 318 319 118 119 119 318 319 321 83 99 99 320 321 322 67 83 83 321 322 323 51 67 67 322 323 324 35 51 51 323 324 316 7 35 35 324 316 320 325 321 316 324 325 325 324 323 325 323 322 325 322 321 318 325 319 317 325 318 316 325 317 
					</p>
				</polylist>
			</mesh>
		</geometry>
	</library_geometries>
	<library_visual_scenes>
		<visual_scene id="RootNode" name="RootNode">
			<node id="pTorus4" name="pTorus4">
				<matrix>1.000000 0.000000 0.000000 -239.530090 0.000000 1.000000 0.000000 -177.892487 0.000000 0.000000 1.000000 0.228943 0.000000 0.000000 0.000000 1.000000</matrix>
				<instance_geometry url="#meshId0">
					<bind_material>
						<technique_common>
							<instance_material symbol="defaultMaterial" target="#M_Escape" />
						</technique_common>
					</bind_material>
				</instance_geometry>
			</node>
			<node id="pTorus11" name="pTorus11">
				<matrix>1.000000 0.000000 0.000000 -34.000000 0.000000 1.000000 0.000000 2.565003 0.000000 0.000000 1.000000 13.367050 0.000000 0.000000 0.000000 1.000000</matrix>
				<instance_geometry url="#meshId1">
					<bind_material>
						<technique_common>
							<instance_material symbol="defaultMaterial" target="#M_Escape" />
						</technique_common>
					</bind_material>
				</instance_geometry>
			</node>
			<node id="pCylinder3" name="pCylinder3">
				<matrix>0.118276 0.000000 0.000000 100.000000 0.000000 0.118276 0.000000 0.000000 0.000000 0.000000 0.118276 15.646291 0.000000 0.000000 0.000000 1.000000</matrix>
				<instance_geometry url="#meshId2">
					<bind_material>
						<technique_common>
							<instance_material symbol="defaultMaterial" target="#M_Escape" />
						</technique_common>
					</bind_material>
				</instance_geometry>
			</node>
			<node id="pTorus14" name="pTorus14">
				<matrix>1.000000 0.000000 0.000000 33.000000 0.000000 1.000000 0.000000 0.000000 0.000000 0.000000 1.000000 0.000000 0.000000 0.000000 0.000000 1.000000</matrix>
				<instance_geometry url="#meshId3">
					<bind_material>
						<technique_common>
							<instance_material symbol="defaultMaterial" target="#M_Escape" />
						</technique_common>
					</bind_material>
				</instance_geometry>
			</node>
		</visual_scene>
	</library_visual_scenes>
	<scene>
		<instance_visual_scene url="#RootNode" />
	</scene>
</COLLADA>
