<?xml version="1.0" encoding="utf-8"?>
<COLLADA xmlns="http://www.collada.org/2005/11/COLLADASchema" version="1.4.1" xmlns:xsi="http://www.w3.org/2001/XMLSchema-instance">
  <asset>
    <contributor>
      <author>Blender User</author>
      <authoring_tool>Blender 3.4.1 commit date:2022-12-19, commit time:17:00, hash:55485cb379f7</authoring_tool>
    </contributor>
    <created>2023-01-19T00:11:05</created>
    <modified>2023-01-19T00:11:05</modified>
    <unit name="meter" meter="1"/>
    <up_axis>Z_UP</up_axis>
  </asset>
  <library_cameras>
    <camera id="Camera-camera" name="Camera">
      <optics>
        <technique_common>
          <perspective>
            <xfov sid="xfov">39.59775</xfov>
            <aspect_ratio>1.777778</aspect_ratio>
            <znear sid="znear">0.1</znear>
            <zfar sid="zfar">100</zfar>
          </perspective>
        </technique_common>
      </optics>
      <extra>
        <technique profile="blender">
          <shiftx sid="shiftx" type="float">0</shiftx>
          <shifty sid="shifty" type="float">0</shifty>
          <dof_distance sid="dof_distance" type="float">10</dof_distance>
        </technique>
      </extra>
    </camera>
  </library_cameras>
  <library_lights>
    <light id="Light-light" name="Light">
      <technique_common>
        <point>
          <color sid="color">1000 1000 1000</color>
          <constant_attenuation>1</constant_attenuation>
          <linear_attenuation>0</linear_attenuation>
          <quadratic_attenuation>0.00111109</quadratic_attenuation>
        </point>
      </technique_common>
      <extra>
        <technique profile="blender">
          <type sid="type" type="int">0</type>
          <flag sid="flag" type="int">0</flag>
          <mode sid="mode" type="int">1</mode>
          <gamma sid="blender_gamma" type="float">1</gamma>
          <red sid="red" type="float">1</red>
          <green sid="green" type="float">1</green>
          <blue sid="blue" type="float">1</blue>
          <shadow_r sid="blender_shadow_r" type="float">0</shadow_r>
          <shadow_g sid="blender_shadow_g" type="float">0</shadow_g>
          <shadow_b sid="blender_shadow_b" type="float">0</shadow_b>
          <energy sid="blender_energy" type="float">1000</energy>
          <dist sid="blender_dist" type="float">29.99998</dist>
          <spotsize sid="spotsize" type="float">75</spotsize>
          <spotblend sid="spotblend" type="float">0.15</spotblend>
          <att1 sid="att1" type="float">0</att1>
          <att2 sid="att2" type="float">1</att2>
          <falloff_type sid="falloff_type" type="int">2</falloff_type>
          <clipsta sid="clipsta" type="float">0.04999995</clipsta>
          <clipend sid="clipend" type="float">30.002</clipend>
          <bias sid="bias" type="float">1</bias>
          <soft sid="soft" type="float">3</soft>
          <bufsize sid="bufsize" type="int">2880</bufsize>
          <samp sid="samp" type="int">3</samp>
          <buffers sid="buffers" type="int">1</buffers>
          <area_shape sid="area_shape" type="int">1</area_shape>
          <area_size sid="area_size" type="float">0.1</area_size>
          <area_sizey sid="area_sizey" type="float">0.1</area_sizey>
          <area_sizez sid="area_sizez" type="float">1</area_sizez>
        </technique>
      </extra>
    </light>
  </library_lights>
  <library_effects>
    <effect id="M_Pigeon-effect">
      <profile_COMMON>
        <newparam sid="Pigeon-Collor-Pigeon-Alpha-surface">
          <surface type="2D">
            <init_from>Pigeon-Collor-Pigeon-Alpha</init_from>
          </surface>
        </newparam>
        <newparam sid="Pigeon-Collor-Pigeon-Alpha-sampler">
          <sampler2D>
            <source>Pigeon-Collor-Pigeon-Alpha-surface</source>
          </sampler2D>
        </newparam>
        <technique sid="common">
          <lambert>
            <emission>
              <color sid="emission">0 0 0 1</color>
            </emission>
            <diffuse>
              <texture texture="Pigeon-Collor-Pigeon-Alpha-sampler" texcoord="UVMap"/>
            </diffuse>
            <index_of_refraction>
              <float sid="ior">1.5</float>
            </index_of_refraction>
          </lambert>
        </technique>
      </profile_COMMON>
    </effect>
  </library_effects>
  <library_images>
    <image id="Pigeon-Collor-Pigeon-Alpha" name="Pigeon-Collor-Pigeon-Alpha">
      <init_from>Pigeon-Collor-Pigeon-Alpha.png</init_from>
    </image>
  </library_images>
  <library_materials>
    <material id="M_Pigeon-material" name="M_Pigeon">
      <instance_effect url="#M_Pigeon-effect"/>
    </material>
  </library_materials>
  <library_geometries>
    <geometry id="Mesh-mesh" name="Mesh">
      <mesh>
        <source id="Mesh-mesh-positions">
          <float_array id="Mesh-mesh-positions-array" count="4398">1.530725 -9.092199 16.043 1.562658 -8.756269 16.07438 1.623039 -9.041074 15.8741 1.65384 -8.866141 15.88019 1.413253 -9.322514 15.79546 1.571265 -9.160189 15.72778 1.65209 -8.986462 15.74931 1.662117 -8.801189 15.79396 1.599956 -8.589062 15.89517 1.660925 -8.841541 15.68859 1.624905 -8.668328 15.64507 1.637234 -8.951395 15.61604 1.591962 -8.904569 15.48064 1.577996 -9.115193 15.62174 1.421846 -9.257037 15.53254 1.15495 -9.720777 15.7602 1.16214 -9.681395 15.44898 0.8081919 -10.04919 15.68448 0.8907306 -10.02581 15.38248 0.7185168 -10.27838 15.59862 0.7999545 -10.32199 15.36145 1.040463 -9.8197 16.04768 0.754364 -10.07962 15.80193 1.236699 -9.489951 16.2332 1.372601 -9.157854 16.37395 1.450405 -8.770681 16.44357 1.552375 -8.355987 16.32928 1.681485 -8.099764 15.7722 1.627623 -7.978151 16.25305 1.675736 -8.323274 15.35157 1.600993 -8.798732 15.14892 1.438863 -9.260757 15.08581 1.220706 -9.657462 15.07396 0.8995491 -10.13406 15.07363 1.020589 -9.843466 14.79558 1.020589 -9.843466 14.79558 0.89677 -10.10651 14.83795 0.89677 -10.10651 14.83795 1.2756 -9.54359 14.73454 1.018906 -9.776686 14.71064 1.018906 -9.776686 14.71064 1.216844 -9.528582 14.47323 1.024337 -9.764386 14.59113 1.024337 -9.764386 14.59113 1.457259 -9.168178 14.73299 1.596338 -8.671267 14.74081 1.746409 -7.914446 14.86911 1.779668 -7.604687 15.59602 1.695804 -7.412554 16.15422 1.362095 -7.889351 16.7656 1.360832 -7.341601 16.70586 0.9700448 -7.81914 17.09624 0.9650027 -7.180011 16.98312 0.5269077 -7.139291 17.15785 0.5287579 -7.810894 17.28232 0.6482921 -10.14107 15.91302 0.8945705 -9.909363 16.2469 1.007091 -9.597699 16.5311 1.121961 -9.203695 16.72316 1.229383 -8.75527 16.79757 1.328623 -8.286261 16.79119 0.9067246 -8.239294 17.15271 0.8653886 -8.745262 17.12065 0.7878454 -9.237125 16.99006 0.653167 -9.729175 16.70213 0.5868886 -10.02825 16.38067 0.4951291 -10.20927 15.97901 0.2974855 -10.1208 16.36594 0.2816082 -10.27826 16.00362 0.366509 -9.743407 16.78279 0.4507084 -9.29118 17.08437 0.4616487 -8.722206 17.26873 0.5092228 -8.248969 17.3178 1.429018 -9.143714 14.36633 1.012096 -9.727674 14.15292 1.287337 -9.255128 14.00202 0.7818861 -9.84868 13.83568 1.026753 -9.304528 13.6763 0.5077759 -9.57796 13.49327 0.6652917 -9.251794 13.29018 1.555039 -8.675622 14.2906 1.377352 -8.790584 13.79605 1.087825 -8.864583 13.40681 0.7251034 -8.914861 13.03478 1.648573 -8.150661 14.15953 1.407122 -8.385764 13.65909 1.161374 -8.568816 13.1379 0.7450851 -8.616248 12.72269 1.843312 -7.227209 14.03004 1.84261 -6.55639 15.37466 1.271906 -6.109406 16.33158 1.612476 -7.60424 13.09039 1.018291 -7.934462 12.14814 1.304587 -5.259974 15.65466 1.317728 -4.358985 14.86233 1.475679 -3.527634 14.41363 1.475679 -3.527634 14.41363 1.559027 -2.033615 14.37694 1.559027 -2.033615 14.37694 1.998028 -5.740984 14.65813 2.08687 -6.342082 13.42898 1.78357 -6.794958 12.39406 1.098291 -7.526303 11.44026 1.462026 -6.927095 10.60557 2.068241 -6.140123 11.68874 2.378138 -5.452922 12.92827 2.106688 -4.867874 14.14164 1.713493 -6.207301 9.472834 2.518453 -5.234078 10.69734 2.639679 -4.402283 12.22578 2.639679 -4.402283 12.22578 2.342989 -3.857328 13.6214 2.342989 -3.857328 13.6214 1.46861 -0.7245011 14.08783 1.46861 -0.7245011 14.08783 2.929466 -2.450967 14.05452 2.664567 -1.725296 14.38176 2.517241 -0.4634202 14.13688 3.047837 -2.934585 13.55642 3.140503 -3.074644 12.88893 3.030016 -2.835852 10.88285 3.030016 -2.835852 10.88285 3.226063 -2.298879 11.91559 3.03497 -3.809725 9.300916 2.02966 -5.074863 7.95301 3.779844 -0.02651029 11.30331 3.408815 -1.003118 10.33971 3.408815 -1.003118 10.33971 3.841546 1.286158 9.659406 3.841546 1.286158 9.659406 3.348749 2.945812 10.70727 2.624804 3.523642 9.363673 2.624804 3.523642 9.363673 2.722505 5.340524 8.069035 2.722505 5.340524 8.069035 2.722505 5.340524 8.069035 2.722505 5.340524 8.069035 3.667196 2.558557 7.238564 3.079973 4.159462 6.026962 4.016468 0.4392567 7.718243 3.471795 -2.006461 8.259202 2.262123 -3.650637 6.522643 3.46878 -1.370119 6.167109 3.725422 -0.0679605 5.622796 2.355217 -2.015818 5.267738 2.606564 -0.9111424 4.572779 1.421095 -1.28293 4.4083 2.05822 -0.8486337 4.25393 1.173436 -0.1254083 4.019792 1.835781 -0.1624714 3.887597 1.835781 -0.1624714 3.887597 3.487722 1.658051 5.255212 3.039343 0.5013182 4.041582 3.039343 0.5013182 4.041582 3.085179 1.430561 4.105842 3.085179 1.430561 4.105842 2.8622 0.7526239 3.548084 2.823128 1.420581 3.515469 2.739622 1.383826 3.263119 2.767066 0.7147241 3.30409 2.69347 1.272426 2.994579 2.674073 0.6890513 3.029186 2.675064 0.9300138 2.192383 2.675756 0.560899 2.232922 2.789746 0.1095135 0.9193451 2.796545 0.3842474 0.8838056 2.839147 -0.04028844 0.6741842 2.811357 0.3742805 0.6579723 2.500034 1.71502 3.514049 2.631994 2.032305 4.101754 2.631994 2.032305 4.101754 2.510222 1.589553 3.251422 2.537702 1.422988 2.923305 2.514935 1.099629 2.181797 2.659989 0.5667375 0.8709496 2.667803 0.5644936 0.6632685 2.615486 -0.1077896 3.984355 2.615486 -0.1077896 3.984355 2.473449 0.3751231 3.298792 2.513303 0.279455 3.509555 2.456154 0.4628264 3.07225 2.478871 0.3833489 2.252754 2.618646 -0.03511345 0.9477723 2.632053 -0.2113424 0.6835181 2.980526 2.93907 5.019119 2.061647 3.309751 4.575955 2.103557 2.179874 3.911357 2.103557 2.179874 3.911357 2.164219 1.777395 3.491644 2.21936 1.612899 3.204921 2.290253 1.452067 2.869293 2.353512 1.101877 2.137116 2.488442 0.5968316 0.8543127 2.52523 0.5854228 0.6506806 2.358299 0.4416278 0.6545289 2.352847 0.5115476 0.8532966 2.169052 0.9925433 2.170978 2.002821 1.326192 2.891273 1.921601 1.482839 3.162274 1.822157 1.713473 3.482347 1.712758 2.060218 3.796996 1.712758 2.060218 3.796996 0.9546585 3.146673 4.261285 2.002572 0.179959 3.519721 2.081775 0.3233643 3.244968 2.133831 0.4000256 3.016559 2.266309 0.3980371 2.231626 2.41997 -0.01159745 0.9277974 2.42678 -0.1690114 0.6611135 2.269165 0.2616897 0.6582106 2.269165 0.2616897 0.6582106 2.283251 0.3309296 0.8707299 2.283251 0.3309296 0.8707299 2.076165 0.7669231 2.184041 2.076165 0.7669231 2.184041 1.831323 1.071806 2.921283 1.831323 1.071806 2.921283 1.669729 1.203143 3.20305 1.669729 1.203143 3.20305 1.427988 1.436897 3.461866 1.427988 1.436897 3.461866 0.9856323 1.737496 3.706869 0.9856323 1.737496 3.706869 0.9856323 1.737496 3.706869 1.167868 0.688445 3.773723 1.167868 0.688445 3.773723 1.608933 0.7519922 3.427697 1.730417 0.7403715 3.229212 1.887805 0.6884877 2.946528 2.141141 0.5147969 2.206826 2.318938 0.1041656 0.9291266 2.318607 -0.03197836 0.6309455 0.9421537 4.168398 4.971548 2.018635 4.345232 5.161187 2.277817 5.886743 6.176281 2.240962 6.241555 7.217593 1.629884 5.838172 5.694701 0.7372281 5.697491 5.479372 1.742513 7.020232 6.171945 1.942679 7.161976 6.861998 1.942679 7.161976 6.861998 1.942679 7.161976 6.861998 1.942679 7.161976 6.861998 1.293136 6.936674 5.843943 0.5818352 6.834136 5.773248 1.649084 8.129453 6.135707 1.649084 8.129453 6.135707 1.480789 7.484997 6.093877 1.135265 7.551098 6.006735 0.5314552 7.572272 5.96458 0.5479776 8.482556 6.220123 0.5479776 8.482556 6.220123 1.183922 8.267364 6.187008 1.183922 8.267364 6.187008 1.307438 0.6084073 13.21998 1.307438 0.6084073 13.21998 1.212367 2.243758 11.72513 1.212367 2.243758 11.72513 1.191168 3.764355 10.17537 1.191168 3.764355 10.17537 1.365879 5.202652 8.998183 1.365879 5.202652 8.998183 1.512093 6.529374 7.741201 2.588545 3.543344 9.39571 2.153738 2.400657 11.53341 2.430706 0.752236 13.28273 1.197499 7.3217 7.180254 1.173096 8.360245 6.175406 1.173096 8.360245 6.175406 2.304564 8.013538 6.131238 2.304564 8.013538 6.131238 4.077182 10.65809 5.135051 4.077182 10.65809 5.135051 4.124343 11.51283 4.728601 4.124343 11.51283 4.728601 2.881098 12.52524 4.362194 2.881098 12.52524 4.362194 1.321204 12.98105 4.007578 1.321204 12.98105 4.007578 3.637845 0.1063436 14.14179 3.438298 1.154695 13.37668 5.494233 1.308615 14.73697 6.065267 1.406878 15.05342 6.670022 3.009627 14.03595 6.779945 1.622068 15.41873 5.955388 0.499389 15.46517 6.566405 0.5866537 15.86676 10.33645 -0.6790747 18.67076 10.16712 -1.22232 18.89003 11.03304 -0.8812695 19.2556 10.80618 -1.568366 19.56989 11.60099 -1.680259 20.18441 11.6902 -1.024505 19.85295 11.43372 0.7354087 18.49212 5.473349 0.3190781 15.195 3.759097 -1.072606 14.45908 3.242083 2.937488 10.89929 10.75867 -1.948455 19.52033 11.5114 -2.044678 20.21422 10.00789 -1.641863 18.89413 6.589493 -1.037343 16.08426 6.113765 -1.005999 15.77058 5.649384 -1.096731 15.46455 3.961833 -1.774634 14.37005 4.173571 -2.201034 13.95874 6.021411 -1.754021 15.10055 6.535007 -1.673844 15.43309 7.079809 -1.593532 15.79479 10.30535 -1.992764 18.72199 11.00027 -2.1603 19.30644 11.79622 -2.262537 20.06537 3.771625 6.153245 8.021946 3.771625 6.153245 8.021946 13.81042 -1.490487 21.48368 15.04323 0.5491068 20.62239 4.15513 -2.213904 13.51482 6.085525 -1.786665 14.57755 6.853191 -1.662244 15.06013 7.512819 -1.511908 15.51229 10.55123 -1.698623 18.44999 11.27226 -1.956333 19.16966 11.99829 -1.972991 19.95592 4.110905 -1.667221 12.65446 6.293532 -0.4768391 13.76229 7.165875 -0.04134029 14.1344 7.684122 2.239882 13.40551 8.043856 0.1232703 14.74005 10.72964 -1.011793 18.13871 11.44528 -1.210128 19.00929 12.1606 -1.210719 19.60304 12.01761 0.2599385 18.45296 8.336918 7.521165 10.70385 8.336918 7.521165 10.70385 13.26357 8.002933 14.20766 13.26357 8.002933 14.20766 15.05328 0.5410275 20.61326 13.84271 -1.533269 21.44349 13.5478 -2.05875 21.63751 19.64451 6.790257 19.79849 19.64451 6.790257 19.79849 2.531046 0.6367596 0.4925985 2.531046 0.6367596 0.4925985 2.39716 0.4291306 0.4629906 2.39716 0.4291306 0.4629906 2.301762 0.1704166 0.4607986 2.301762 0.1704166 0.4607986 2.306224 -0.1094813 0.4320864 2.389758 -0.3021764 0.5356434 2.643616 -0.3855054 0.543953 2.940929 -0.1713985 0.4959809 2.844952 0.3879376 0.4573042 2.844952 0.3879376 0.4573042 2.677006 0.6124846 0.5294033 2.677006 0.6124846 0.5294033 2.650256 0.7601285 0.4299594 2.78559 0.7411076 0.3674634 2.865503 0.7249427 0.1929582 2.770238 0.7110728 0.0131703 2.770238 0.7110728 0.0131703 2.511715 0.6990948 0.07734656 2.494431 0.7532836 0.3368476 2.620838 1.186503 0.4128286 2.853823 1.190118 0.3424685 2.881911 1.188873 0.1351754 2.797263 1.190775 0.02853149 2.797263 1.190775 0.02853149 2.579476 1.182511 0.02898168 2.495369 1.175508 0.2971728 2.622925 1.732924 0.5451658 2.891463 1.765184 0.4352006 2.978052 1.802469 0.1964635 2.886679 1.799114 -0.06563335 2.886679 1.799114 -0.06563335 2.553355 1.793426 0.0529679 2.468987 1.73633 0.344257 2.70195 1.950294 0.5027789 2.862543 1.980436 0.4468858 2.942375 2.024643 0.2984257 2.816205 2.044776 0.1614148 2.816205 2.044776 0.1614148 2.65308 2.014951 0.2149219 2.572939 1.969936 0.3665789 2.731961 2.174993 0.5601569 2.87729 2.185184 0.5115518 2.944969 2.198303 0.3740407 2.834264 2.201688 0.2580679 2.834264 2.201688 0.2580679 2.692522 2.192056 0.3012459 2.611637 2.178266 0.4396681 2.756903 2.424407 0.4898912 2.849649 2.41915 0.4821367 2.917309 2.398368 0.3838779 2.829361 2.382928 0.2796412 2.829361 2.382928 0.2796412 2.699468 2.394364 0.3127573 2.679861 2.416424 0.4288606 3.143997 -1.026442 0.1960186 3.143997 -1.026442 0.1960186 3.232629 -0.9659216 0.3855496 3.232629 -0.9659216 0.3855496 3.407922 -0.8467357 0.3871135 3.407922 -0.8467357 0.3871135 3.469731 -0.7631214 0.2037623 3.469731 -0.7631214 0.2037623 3.386476 -0.8130544 0.0203824 3.386476 -0.8130544 0.0203824 3.386476 -0.8130544 0.0203824 3.198647 -0.9225586 0.02786958 3.198647 -0.9225586 0.02786958 3.198647 -0.9225586 0.02786958 3.439932 -1.395329 0.2062394 3.54 -1.371561 0.3776273 3.700917 -1.268063 0.3538451 3.736823 -1.212462 0.1994501 3.66648 -1.221998 0.04607516 3.66648 -1.221998 0.04607516 3.498548 -1.320684 0.0281313 3.657564 -1.810716 0.1978901 3.761995 -1.782386 0.3968921 3.939322 -1.651092 0.3716969 3.985085 -1.578211 0.1949679 3.902511 -1.594287 0.01001292 3.902511 -1.594287 0.01001292 3.724561 -1.720513 0.01116204 3.883324 -2.275647 0.2410869 3.970302 -2.129482 0.4808179 4.211658 -2.004982 0.4262066 4.322661 -2.001411 0.2230875 4.257026 -2.164503 0.0242325 4.257026 -2.164503 0.0242325 4.059927 -2.330028 0.02648669 4.044143 -2.376783 0.3387477 4.057 -2.254047 0.4997097 4.252866 -2.158146 0.4360325 4.32702 -2.212826 0.2898045 4.302171 -2.329407 0.2512255 4.302171 -2.329407 0.2512255 4.179254 -2.447602 0.2374186 4.194275 -2.5829 0.4639915 4.267297 -2.485904 0.6057155 4.425299 -2.435381 0.5905043 4.463221 -2.464535 0.4702584 4.382406 -2.481433 0.3837674 4.382406 -2.481433 0.3837674 4.264436 -2.558275 0.3392945 2.467755 -0.9659252 0.2565001 2.467755 -0.9659252 0.2565001 2.636201 -1.028523 0.4117512 2.636201 -1.028523 0.4117512 2.838122 -1.076466 0.371586 2.838122 -1.076466 0.371586 2.90945 -1.120588 0.1523917 2.90945 -1.120588 0.1523917 2.759924 -1.012686 0.006104886 2.759924 -1.012686 0.006104886 2.759924 -1.012686 0.006104886 2.759924 -1.012686 0.006104886 2.496436 -0.9279591 0.07943314 2.496436 -0.9279591 0.07943314 2.496436 -0.9279591 0.07943314 2.512372 -1.35293 0.2444602 2.636538 -1.384882 0.3945061 2.830405 -1.402817 0.3558648 2.902439 -1.389289 0.1690409 2.774036 -1.355879 0.01074492 2.774036 -1.355879 0.01074492 2.564482 -1.335598 0.04486811 2.525385 -1.893295 0.2340301 2.653483 -1.9136 0.3981981 2.862802 -1.903177 0.3600328 2.919215 -1.874161 0.1655858 2.795662 -1.854807 0.008866846 2.795662 -1.854807 0.008866846 2.587621 -1.863625 0.03595501 2.493085 -2.530631 0.2679611 2.668165 -2.532635 0.4984439 2.920741 -2.528692 0.4572817 2.979621 -2.599247 0.1777176 2.832252 -2.698281 -5.77276e-4 2.832252 -2.698281 -5.77276e-4 2.603904 -2.680459 0.03580391 2.572589 -2.753235 0.310845 2.647588 -2.722233 0.4544339 2.885782 -2.712391 0.3920607 2.903169 -2.781143 0.2374036 2.811124 -2.843638 0.1660287 2.811124 -2.843638 0.1660287 2.64398 -2.828754 0.2065669 2.597067 -3.046195 0.4517419 2.68821 -3.047556 0.5402808 2.833524 -3.039938 0.5160697 2.875587 -3.019767 0.3887057 2.77487 -3.021401 0.2972987 2.77487 -3.021401 0.2972987 2.653225 -3.027286 0.3509379 2.035383 -0.4848942 0.2968387 2.035383 -0.4848942 0.2968387 2.13928 -0.6147484 0.4333115 2.13928 -0.6147484 0.4333115 2.262838 -0.8045864 0.3670824 2.262838 -0.8045864 0.3670824 2.300244 -0.8410693 0.1388683 2.300244 -0.8410693 0.1388683 2.300244 -0.8410693 0.1388683 2.158651 -0.6928943 0.009096443 2.158651 -0.6928943 0.009096443 2.158651 -0.6928943 0.009096443 2.027709 -0.4918241 0.07924962 2.027709 -0.4918241 0.07924962 2.027709 -0.4918241 0.07924962 1.66681 -1.030653 0.2682949 1.794939 -1.117911 0.4020218 1.952636 -1.21444 0.3226085 1.972694 -1.21884 0.1356186 1.860815 -1.141902 0.002091705 1.860815 -1.141902 0.002091705 1.701739 -1.044032 0.07102584 1.317867 -1.591044 0.2538402 1.441313 -1.667831 0.3871181 1.607798 -1.753683 0.3153369 1.644253 -1.75981 0.1196379 1.512598 -1.679333 -0.002368986 1.512598 -1.679333 -0.002368986 1.349301 -1.594733 0.06246209 0.943888 -2.070487 0.3115994 1.122057 -2.179931 0.5509911 1.339508 -2.3148 0.362324 1.318392 -2.375597 0.1379721 1.134155 -2.293597 -0.0528528 1.134155 -2.293597 -0.0528528 0.9354086 -2.14107 0.04335331 0.9152669 -2.231079 0.3565083 1.053441 -2.269356 0.5141453 1.231625 -2.388396 0.3838391 1.169874 -2.471659 0.2161402 1.025354 -2.44833 0.1309573 1.025354 -2.44833 0.1309573 0.9162939 -2.289868 0.1862724 0.771467 -2.499164 0.4428324 0.8498152 -2.5818 0.5055373 0.9623032 -2.630942 0.4366973 1.001855 -2.615957 0.3422562 0.9161208 -2.553949 0.2727723 0.9161208 -2.553949 0.2727723 0.8259909 -2.48213 0.3155063 3.03667 -0.05939435 0.2035228 2.871322 0.3765817 0.2383041 2.871322 0.3765817 0.2383041 2.48677 0.3922647 0.09738147 2.48677 0.3922647 0.09738147 2.48677 0.3922647 0.09738147 2.468866 0.1335407 0.04334133 2.468866 0.1335407 0.04334133 2.468866 0.1335407 0.04334133 2.294491 -0.1075562 0.08457148 2.294491 -0.1075562 0.08457148 3.103579 -0.4456824 0.4194588 3.232411 -0.3627914 0.2065047 2.282911 -0.4308944 0.4592574 2.195769 -0.3165833 0.3516715 2.184928 -0.3202772 0.02779448 2.184928 -0.3202772 0.02779448 3.171556 -0.4428684 0.003139615 2.997492 -0.1047583 0.03691381 2.780477 0.4011217 0.01984715 2.780477 0.4011217 0.01984715 2.780477 0.4011217 0.01984715 2.966581 -0.6026184 0.008208751 2.628692 -0.6094543 0.4659081 2.43426 -0.5576844 0.4730933 2.440142 -0.8237705 0.3679352 2.814015 -0.6371004 0.4565789 2.98504 -0.5860625 0.4538208 2.998749 -0.9294404 0.3444068 3.023727 -1.002621 0.1800247 2.958547 -0.8753605 0.06695777 2.958547 -0.8753605 0.06695777 2.412104 -0.8689841 0.1383182 2.412104 -0.8689841 0.1383182 2.403498 -0.705013 0.04383522 2.698049 -0.7501074 0.01184499 2.652765 -0.4372242 -0.01429992 2.786228 -0.1775513 -0.007498979 2.478806 -0.1322472 0.008286237 2.318039 -0.4454843 -0.0280286 2.865607 0.1361425 0.6778512 2.928826 0.1064805 0.48463 2.938962 0.1321505 0.2322129 2.809265 0.1321307 0.01101404 0.1641729 -10.48451 15.79003 0.503795 -10.38448 15.7641 0.5666877 -10.51861 15.59399 0.6207865 -10.57257 15.36678 0.3299787 -10.70486 15.61624 0.3508024 -10.79301 15.39345 0.3454793 -10.83738 15.19519 0.6086493 -10.58955 15.16743 0.7923113 -10.34607 15.13183 0.260073 -11.17861 14.93243 0.1594846 -11.5189 14.68315 0.1157323 -11.70189 14.40968 0.08070409 -11.68561 14.18966 0.08070409 -11.68561 14.18966 0.1430953 -11.56041 14.32122 0.1430953 -11.56041 14.32122 0.2167415 -11.47766 14.54544 0.3779097 -11.11612 14.73481 0.5642099 -10.79502 14.88692 0.7397332 -10.45214 14.99228 0.2138964 -11.39841 14.4485 0.2138964 -11.39841 14.4485 0.3881276 -11.05625 14.59184 0.3881276 -11.05625 14.59184 0.5965469 -10.72619 14.7291 0.5965469 -10.72619 14.7291 0.77632 -10.42114 14.81037 0.77632 -10.42114 14.81037 0.9264636 -9.958108 14.32602 0.9264636 -9.958108 14.32602 0.7653433 -10.18143 14.11423 0.7653433 -10.18143 14.11423 0.5875269 -10.17719 13.77475 0.6080801 -10.37862 13.91421 0.6080801 -10.37862 13.91421 0.4006898 -10.64002 13.67641 0.4006898 -10.64002 13.67641 0.4095978 -10.51262 13.61852 0.2503526 -10.90529 13.46505 0.2503526 -10.90529 13.46505 0.2544425 -10.82319 13.38931 0.1381053 -11.03705 13.32731 0.1381053 -11.03705 13.32731 0.1489703 -10.99664 13.24344 0.1774754 -10.80476 13.31058 0.2589147 -10.404 13.49887 0.3294998 -9.998348 13.53411 0.07855224 -11.51092 14.30652 0.1565814 -11.32979 14.46339 0.3014766 -10.98894 14.5829 0.5014817 -10.63768 14.70627 0.6013698 -10.30475 14.77044 0.7440119 -10.04601 14.74856 0.8087229 -9.906678 14.72122 0.8498629 -9.812965 14.66648 0.8345138 -9.785175 14.60603 0.7189927 -9.960543 14.43066 0.5841314 -10.19832 14.2063 0.4316512 -10.35154 13.99279 0.2426348 -10.62491 13.72566 0.1643936 -10.87744 13.52827 2.9303e-6 -10.50641 13.77269 0.115358 -10.43572 13.83885 0.1016952 -10.38744 14.02105 0.2030372 -10.29442 13.97731 0.4328616 -9.846684 14.36518 0.2280468 -9.917866 14.58656 0.1842421 -9.709825 14.79568 0.3580671 -9.644003 14.79448 0.4418282 -9.482033 14.9333 0.5449041 -9.54546 14.73715 0.3393664 -9.462244 15.14799 0.1559116 -9.454003 15.29535 0.1717669 -10.87201 14.82418 0.272176 -10.5352 14.95687 0.3193793 -10.18285 15.05001 0.2906685 -9.690457 15.26317 0.581755 -9.561643 14.84987 0.4223304 -9.670848 15.08318 0.5192081 -9.981106 14.89627 4.539119 -2.813651 0.2629543 3.791736 -2.073618 0.216665 3.89054 -1.979173 0.4390819 3.873488 -2.058654 -0.009355068 4.091689 -1.89654 -0.06492125 4.091689 -1.89654 -0.06492125 4.173415 -1.780784 0.1975847 4.08255 -1.850113 0.4047527 2.527946 -2.27334 0.23848 2.655977 -2.262497 0.457783 2.596743 -2.268712 0.04176896 2.816984 -2.254626 0.004111766 2.816984 -2.254626 0.004111766 2.948915 -2.235879 0.1690477 2.918174 -2.232912 0.4212737 1.319102 -2.007111 -0.0629689 1.319102 -2.007111 -0.0629689 1.489697 -2.092221 0.09150093 1.47634 -2.047688 0.3370329 1.287632 -1.927692 0.4443921 1.109364 -1.836079 0.2929943 1.099256 -1.865417 0.04365825 0.7274518 -2.834538 0.1958344 2.720241 -3.362412 0.2166467 2.240962 6.241555 7.217593 26.26178 -0.2503514 29.09913 2.788758 2.773593 0.1545056 5.15215e-6 -3.210888 14.60641 5.14032e-6 -2.202729 14.36361 3.9912e-6 -11.29509 15.00192 3.65972e-6 -11.60913 14.72583 2.22975e-6 -11.08457 13.17611 6.95607e-6 -7.804832 17.36558 6.0573e-6 -5.196833 15.97498 5.32517e-6 -4.17951 15.04824 -1.35596e-6 -6.567256 8.783092 5.05356e-6 -10.34364 15.89516 2.64086e-6 -9.363502 13.29218 2.72849e-6 -9.921088 13.48407 -2.73334e-6 8.584955 6.193501 -2.73334e-6 8.584955 6.193501 6.95859e-6 -7.176672 17.25317 7.68789e-7 -7.797846 11.16323 -4.45376e-6 5.656168 5.378124 -4.28588e-6 6.877252 5.707138 3.20666e-6 2.330459 11.68689 -3.63869e-6 13.13721 3.919684 -3.63869e-6 13.13721 3.919684 4.45898e-6 -10.9424 15.40537 3.3141e-6 -11.77167 14.41272 3.25499e-6 -11.50388 14.31393 3.17337e-6 -10.42662 13.99817 4.50168e-6 -9.2035 15.16513 3.55632e-6 -11.31673 14.57994 -1.662107 -8.801189 15.79396 -1.65383 -8.866141 15.88019 -1.65208 -8.986462 15.74931 -1.623029 -9.041074 15.8741 -1.660915 -8.841541 15.68859 -1.637224 -8.951395 15.61604 -1.571255 -9.160189 15.72779 -1.577986 -9.115193 15.62174 -1.413243 -9.322514 15.79546 -1.530714 -9.092199 16.04301 -1.562646 -8.756269 16.07439 -1.599946 -8.589062 15.89517 -1.624895 -8.668328 15.64508 -1.591952 -8.904569 15.48064 -1.421836 -9.257037 15.53254 -1.16213 -9.681395 15.44898 -1.15494 -9.720777 15.7602 -0.8907214 -10.02581 15.38248 -0.8081821 -10.04919 15.68448 -1.438854 -9.260757 15.08581 -1.220698 -9.657463 15.07396 -1.600985 -8.798733 15.14893 -1.675726 -8.323272 15.35157 -1.681474 -8.099765 15.7722 -1.236687 -9.489951 16.2332 -1.040453 -9.8197 16.04768 -1.372589 -9.157854 16.37395 -1.450393 -8.770681 16.44358 -1.552363 -8.355987 16.32929 -1.627611 -7.97815 16.25306 -1.328611 -8.286261 16.7912 -1.362083 -7.88935 16.7656 -1.229371 -8.75527 16.79758 -1.121949 -9.203695 16.72316 -1.007079 -9.597699 16.5311 -0.8945595 -9.909363 16.2469 -0.5868774 -10.02825 16.38067 -0.653155 -9.729175 16.70213 -0.3664969 -9.743407 16.78279 -0.2974744 -10.1208 16.36594 -0.7878326 -9.237125 16.99007 -0.8653755 -8.745262 17.12065 -0.9700314 -7.819139 17.09623 -0.9067114 -8.239294 17.15271 -0.5287442 -7.810894 17.28231 -0.5092092 -8.248969 17.3178 6.90317e-6 -8.234981 17.38111 -0.4616353 -8.722206 17.26873 6.76229e-6 -8.722023 17.3179 -0.4506956 -9.29118 17.08437 6.0197e-6 -9.807523 16.75789 5.54275e-6 -10.14211 16.34269 6.43983e-6 -9.333626 17.09619 -1.275592 -9.543588 14.73454 -1.457251 -9.168179 14.73299 -1.42901 -9.143715 14.36633 -1.216836 -9.52858 14.47323 -1.59633 -8.671268 14.74082 -1.555031 -8.67562 14.2906 -1.377346 -8.790582 13.79605 -1.287331 -9.255126 14.00202 -1.087819 -8.864581 13.40681 -1.026747 -9.304527 13.6763 -0.7250986 -8.91486 13.03478 -0.6652863 -9.251794 13.29018 2.27316e-6 -8.886288 12.84203 2.4648e-6 -9.142219 13.07535 -1.7464 -7.914445 14.86912 -1.648566 -8.150659 14.15953 -1.779658 -7.604686 15.59603 -1.695792 -7.412554 16.15422 -1.360819 -7.341599 16.70586 -0.9649894 -7.180011 16.98312 -0.5268942 -7.139291 17.15785 -1.407116 -8.385765 13.6591 -1.161369 -8.568816 13.1379 -0.7450808 -8.616246 12.72268 2.03978e-6 -8.673116 12.57267 -1.271893 -6.109404 16.33158 6.57798e-6 -6.083679 16.6916 -1.304575 -5.259973 15.65467 -1.842599 -6.556388 15.37467 -1.843304 -7.22721 14.03004 -1.61247 -7.604238 13.0904 -1.018287 -7.93446 12.14814 1.43247e-6 -8.23624 11.89841 -1.998018 -5.740983 14.65813 -2.086864 -6.342083 13.42898 -1.317718 -4.358984 14.86233 -1.098289 -7.526301 11.44025 -1.462026 -6.927094 10.60558 0 -7.302665 10.15817 -1.783566 -6.794958 12.39406 -2.068237 -6.140122 11.68874 -2.378132 -5.452921 12.92827 -2.106678 -4.867872 14.14164 -1.475669 -3.527633 14.41363 -1.475669 -3.527633 14.41363 -1.559017 -2.033613 14.37694 -1.559017 -2.033613 14.37694 -2.342981 -3.857326 13.6214 -2.342981 -3.857326 13.6214 -2.639675 -4.402281 12.22578 -2.639675 -4.402281 12.22578 -2.518451 -5.234077 10.69734 -1.713495 -6.2073 9.472836 -3.03497 -3.809723 9.300923 -3.030013 -2.835851 10.88286 -3.030013 -2.835851 10.88286 -2.029664 -5.074862 7.953013 -2.62853e-6 -5.648494 7.377944 -2.262129 -3.650636 6.522647 -3.87227e-6 -4.257979 5.868266 -4.016469 0.4392591 7.718249 -3.841544 1.28616 9.659413 -3.841544 1.28616 9.659413 -3.408814 -1.003116 10.33971 -3.408814 -1.003116 10.33971 -3.471798 -2.006459 8.259209 -2.355225 -2.015815 5.26774 -4.55191e-6 -2.532888 4.745488 -1.421105 -1.282928 4.408302 -4.77051e-6 -1.438171 4.276118 -3.667198 2.55856 7.238572 -2.624802 3.523643 9.363677 -2.624802 3.523643 9.363677 -2.823138 1.420583 3.515471 -3.085187 1.430564 4.105846 -3.085187 1.430564 4.105846 -3.039353 0.5013208 4.041585 -3.039353 0.5013208 4.041585 -2.86221 0.7526266 3.548087 -2.739632 1.383829 3.263122 -2.767076 0.7147268 3.304094 -3.487728 1.658053 5.255216 -3.725428 -0.06795793 5.622803 -2.980532 2.939072 5.019123 -2.632003 2.032308 4.101757 -2.632003 2.032308 4.101757 -2.500043 1.715023 3.514052 -2.510232 1.589556 3.251425 -2.537712 1.42299 2.923308 -2.69348 1.272428 2.994582 -2.514945 1.099631 2.181801 -2.675076 0.9300164 2.192387 -2.353523 1.101879 2.13712 -2.660003 0.5667389 0.8709533 -2.488457 0.596833 0.8543164 -2.290264 1.452069 2.869296 -2.21937 1.612901 3.204923 -2.164228 1.777397 3.491647 -2.103567 2.179877 3.911359 -2.103567 2.179877 3.911359 -2.606572 -0.9111402 4.572782 -2.058229 -0.8486317 4.253932 -2.615496 -0.1077871 3.984357 -2.615496 -0.1077871 3.984357 -1.835791 -0.1624692 3.887598 -1.835791 -0.1624692 3.887598 -2.513313 0.2794575 3.509557 -2.473459 0.3751257 3.298795 -2.169064 0.9925454 2.170981 -2.002832 1.326194 2.891276 -1.921611 1.482842 3.162275 -1.822167 1.713475 3.48235 -2.352863 0.5115488 0.8533002 -1.712768 2.060221 3.796998 -1.712768 2.060221 3.796998 -1.427998 1.436899 3.461867 -1.427998 1.436899 3.461867 -1.669739 1.203145 3.203051 -1.669739 1.203145 3.203051 -2.002582 0.1799613 3.519724 -3.468786 -1.370117 6.167111 -3.079977 4.159464 6.026967 -2.722505 5.340525 8.069039 -2.722505 5.340525 8.069039 -2.722505 5.340525 8.069039 -2.722505 5.340525 8.069039 -0.9856418 1.737497 3.70687 -0.9856418 1.737497 3.70687 -0.9856418 1.737497 3.70687 -0.9546675 3.146674 4.261286 -4.75348e-6 2.279657 3.891973 -1.167878 0.6884465 3.773724 -1.167878 0.6884465 3.773724 -1.173446 -0.1254068 4.019792 -1.608943 0.7519943 3.427698 -4.78945e-6 -0.3165408 4.079652 -4.81943e-6 0.8286067 3.887794 -0.9421624 4.168399 4.97155 -4.49274e-6 4.074664 4.873202 -2.061655 3.309753 4.575958 -2.018643 4.345233 5.161191 -1.629891 5.838172 5.694704 -2.277822 5.886744 6.176286 -0.7372363 5.69749 5.479374 -1.293143 6.936674 5.843945 -1.742518 7.020234 6.171949 -0.5818434 6.834136 5.773248 4.90356e-6 -0.8903385 13.90705 -1.4686 -0.7245002 14.08783 -1.4686 -0.7245002 14.08783 -1.365878 5.202654 8.998187 -1.365878 5.202654 8.998187 7.15025e-7 5.147921 9.153303 1.80852e-6 3.904414 10.16471 -1.191164 3.764356 10.17537 -1.191164 3.764356 10.17537 -1.212361 2.243759 11.72513 -1.212361 2.243759 11.72513 4.33343e-6 0.561675 13.06364 -1.307429 0.608408 13.21998 -1.307429 0.608408 13.21998 -6.17379e-7 6.746814 8.001367 -1.512094 6.529375 7.741205 -2.240964 6.241554 7.217596 -1.36237e-6 7.999529 7.075473 -1.197501 7.3217 7.180255 -1.321211 12.98105 4.007579 -1.321211 12.98105 4.007579 -2.28708e-6 8.828452 6.17411 -2.28708e-6 8.828452 6.17411 -1.173101 8.360247 6.175409 -1.173101 8.360247 6.175409 -4.124347 11.51283 4.728606 -4.124347 11.51283 4.728606 -2.881103 12.52525 4.362197 -2.881103 12.52525 4.362197 -4.077185 10.65809 5.135057 -4.077185 10.65809 5.135057 -1.942682 7.161977 6.862 -1.942682 7.161977 6.862 -1.942682 7.161977 6.862 -1.942682 7.161977 6.862 -2.304569 8.013538 6.131243 -2.304569 8.013538 6.131243 -2.240964 6.241554 7.217596 -1.480794 7.484997 6.093881 -1.135272 7.551098 6.006737 -0.5314632 7.572273 5.964581 -1.649089 8.129455 6.135712 -1.649089 8.129455 6.135712 -1.183927 8.267364 6.187011 -1.183927 8.267364 6.187011 -0.5479828 8.482558 6.220124 -0.5479828 8.482558 6.220124 -2.430698 0.7522373 13.28273 -2.51723 -0.463419 14.13689 -2.153732 2.400659 11.53342 -3.438288 1.154696 13.37669 -3.637835 0.1063451 14.1418 -5.494222 1.308618 14.73698 -6.065256 1.406881 15.05343 -6.566393 0.5866568 15.86677 -6.779932 1.622071 15.41874 -5.955376 0.4993917 15.46518 -5.473338 0.3190807 15.19501 -3.759087 -1.072604 14.45909 -2.664557 -1.725295 14.38176 -2.929457 -2.450966 14.05453 -3.04783 -2.934583 13.55643 -3.961823 -1.774632 14.37006 -5.649373 -1.096728 15.46456 -6.113752 -1.005996 15.77059 -6.589479 -1.03734 16.08427 -2.588543 3.543346 9.395717 -3.242079 2.93749 10.8993 -3.771626 6.153251 8.021954 -3.771626 6.153251 8.021954 -6.742256 3.176363 13.88683 -10.33643 -0.6790691 18.67078 -11.03302 -0.881263 19.25562 -10.1671 -1.222314 18.89005 -10.00787 -1.641857 18.89415 -10.80616 -1.568359 19.56991 -10.75865 -1.948448 19.52035 -8.336913 7.52117 10.70387 -8.336913 7.52117 10.70387 -11.69018 -1.024498 19.85297 -11.60097 -1.680252 20.18444 -11.54175 1.004875 18.35075 -13.26356 8.002937 14.20768 -13.26356 8.002937 14.20768 -11.51138 -2.04467 20.21424 -3.140495 -3.074643 12.88893 -4.173562 -2.201033 13.95875 -6.021401 -1.754018 15.10056 -6.534996 -1.673841 15.4331 -7.079796 -1.593529 15.7948 -10.30533 -1.992758 18.722 -11.00025 -2.160293 19.30646 -4.155123 -2.213902 13.51483 -6.085515 -1.786663 14.57756 -6.853181 -1.662241 15.06014 -3.226059 -2.298878 11.91559 -3.348746 2.945815 10.70728 -3.77984 -0.02650862 11.30332 -7.512808 -1.511904 15.5123 -4.110898 -1.667219 12.65447 -6.293524 -0.476836 13.76231 -7.165867 -0.04133677 14.13441 -8.043847 0.1232743 14.74007 -10.55122 -1.698617 18.45001 -11.27224 -1.956326 19.16968 -11.44526 -1.210121 19.00931 -10.72962 -1.011788 18.13873 -7.416194 2.605161 13.12829 -11.7962 -2.26253 20.06539 -11.99827 -1.972984 19.95594 -12.16058 -1.210713 19.60306 -11.88069 0.8398464 18.03725 -19.64449 6.790268 19.79853 -19.64449 6.790268 19.79853 -13.84269 -1.533261 21.44351 -15.05326 0.5410351 20.61329 -15.04321 0.5491144 20.62242 -13.8104 -1.490479 21.48371 -13.54778 -2.058743 21.63753 -26.26174 -0.2503383 29.09917 -2.081785 0.3233667 3.24497 -2.133842 0.4000279 3.016561 -2.456164 0.4628289 3.072252 -1.831335 1.071808 2.921284 -1.831335 1.071808 2.921284 -1.730427 0.7403737 3.229213 -1.887816 0.68849 2.94653 -2.318952 0.1041668 0.92913 -2.419985 -0.01159614 0.9278011 -2.266321 0.3980391 2.231629 -2.141154 0.5147992 2.206829 -2.076177 0.7669252 2.184044 -2.076177 0.7669252 2.184044 -2.283265 0.3309308 0.8707332 -2.283265 0.3309308 0.8707332 -2.525245 0.5854239 0.6506842 -2.358314 0.4416288 0.6545321 -2.26918 0.2616908 0.658214 -2.26918 0.2616908 0.658214 -2.318622 -0.03197717 0.630949 -2.426795 -0.1690101 0.6611171 -2.796558 0.384249 0.8838096 -2.667818 0.5644949 0.6632725 -2.891478 1.765185 0.4352046 -2.622941 1.732926 0.5451695 -2.620854 1.186504 0.4128323 -2.853839 1.190119 0.3424725 -2.978068 1.80247 0.1964677 -2.881927 1.188874 0.1351795 -2.862558 1.980437 0.4468896 -2.701966 1.950295 0.5027825 -2.942391 2.024644 0.2984297 -2.877305 2.185186 0.5115558 -2.731976 2.174994 0.5601605 -2.849664 2.419151 0.4821405 -2.756919 2.424408 0.4898948 -2.944984 2.198304 0.3740448 -2.917324 2.398369 0.3838818 -2.834279 2.201689 0.2580717 -2.834279 2.201689 0.2580717 -2.816221 2.044777 0.1614186 -2.816221 2.044777 0.1614186 -2.829377 2.382929 0.2796451 -2.829377 2.382929 0.2796451 -2.692538 2.192057 0.3012496 -2.653096 2.014952 0.2149255 -2.699483 2.394365 0.3127608 -2.611653 2.178268 0.4396715 -2.572954 1.969938 0.3665824 -2.679876 2.416425 0.4288642 -2.785605 0.741109 0.3674674 -2.865519 0.7249439 0.1929624 -2.650272 0.7601299 0.4299632 -2.531062 0.636761 0.4926022 -2.531062 0.636761 0.4926022 -2.677021 0.6124858 0.5294073 -2.677021 0.6124858 0.5294073 -2.469003 1.736331 0.3442603 -2.553373 1.793427 0.0529713 -2.579492 1.182512 0.0289852 -2.495385 1.17551 0.2971761 -2.397175 0.4291317 0.462994 -2.397175 0.4291317 0.462994 -2.494447 0.7532847 0.336851 -2.301778 0.1704177 0.460802 -2.301778 0.1704177 0.460802 -2.478884 0.3833512 2.252758 -2.618661 -0.03511208 0.9477762 -2.632067 -0.2113411 0.6835221 -2.674084 0.689054 3.029189 -2.675769 0.5609012 2.232926 -2.789761 0.1095149 0.9193496 -3.469747 -0.76312 0.2037677 -3.469747 -0.76312 0.2037677 -3.407938 -0.8467338 0.3871186 -3.407938 -0.8467338 0.3871186 -3.700934 -1.268062 0.3538507 -3.73684 -1.212461 0.1994557 -1.666826 -1.030653 0.2682971 -1.794955 -1.117911 0.4020243 -2.139296 -0.6147472 0.4333146 -2.139296 -0.6147472 0.4333146 -2.035399 -0.4848932 0.2968416 -2.035399 -0.4848932 0.2968416 -2.30624 -0.1094802 0.4320899 -1.701755 -1.044031 0.07102817 -2.027725 -0.4918232 0.07925254 -2.027725 -0.4918232 0.07925254 -2.027725 -0.4918232 0.07925254 -2.511731 0.6990957 0.07735002 -2.486787 0.3922657 0.09738498 -2.486787 0.3922657 0.09738498 -2.486787 0.3922657 0.09738498 -3.386493 -0.813053 0.02038753 -3.386493 -0.813053 0.02038753 -3.386493 -0.813053 0.02038753 -3.666496 -1.221997 0.04608064 -3.666496 -1.221997 0.04608064 -2.797279 1.190776 0.02853542 -2.797279 1.190776 0.02853542 -2.770254 0.7110739 0.01317429 -2.770254 0.7110739 0.01317429 -2.886696 1.799115 -0.06562936 -2.886696 1.799115 -0.06562936 -3.232427 -0.3627899 0.2065095 -3.171573 -0.4428669 0.003144443 -2.389774 -0.3021752 0.5356469 -2.282927 -0.4308932 0.4592608 -2.195785 -0.3165822 0.3516746 -2.434276 -0.5576832 0.4730969 -2.262854 -0.8045853 0.3670856 -2.262854 -0.8045853 0.3670856 -1.952652 -1.214439 0.3226113 -2.643632 -0.3855041 0.5439572 -2.628708 -0.6094532 0.4659121 -3.103594 -0.4456809 0.4194635 -3.540016 -1.37156 0.3776326 -3.232645 -0.96592 0.3855544 -3.232645 -0.96592 0.3855544 -2.985056 -0.586061 0.4538253 -2.814031 -0.6370992 0.4565832 -2.636217 -1.028522 0.4117549 -2.636217 -1.028522 0.4117549 -2.838138 -1.076465 0.3715901 -2.838138 -1.076465 0.3715901 -2.636553 -1.384881 0.3945098 -2.830421 -1.402816 0.3558689 -2.909467 -1.120587 0.1523961 -2.909467 -1.120587 0.1523961 -2.902455 -1.389288 0.169045 -2.998765 -0.929439 0.3444113 -3.439948 -1.395328 0.2062444 -3.144013 -1.02644 0.1960233 -3.144013 -1.02644 0.1960233 -3.023744 -1.00262 0.1800292 -3.198662 -0.9225569 0.02787435 -3.198662 -0.9225569 0.02787435 -3.198662 -0.9225569 0.02787435 -3.498564 -1.320683 0.02813649 -2.440158 -0.8237692 0.3679388 -2.512388 -1.352929 0.2444638 -2.467771 -0.9659243 0.2565038 -2.467771 -0.9659243 0.2565038 -2.412122 -0.8689833 0.1383218 -2.412122 -0.8689833 0.1383218 -2.30026 -0.8410683 0.1388717 -2.30026 -0.8410683 0.1388717 -2.30026 -0.8410683 0.1388717 -1.97271 -1.218839 0.1356213 -2.75994 -1.012685 0.006108999 -2.75994 -1.012685 0.006108999 -2.75994 -1.012685 0.006108999 -2.75994 -1.012685 0.006108999 -2.774052 -1.355878 0.01074892 -2.774052 -1.355878 0.01074892 -2.496452 -0.9279582 0.07943683 -2.496452 -0.9279582 0.07943683 -2.496452 -0.9279582 0.07943683 -2.564499 -1.335597 0.04487174 -2.958562 -0.875359 0.06696218 -2.958562 -0.875359 0.06696218 -2.698065 -0.7501061 0.01184904 -2.966598 -0.6026172 0.008213281 -2.403515 -0.7050122 0.04383879 -2.158667 -0.6928933 0.009099602 -2.158667 -0.6928933 0.009099602 -2.158667 -0.6928933 0.009099602 -1.860831 -1.141901 0.002094268 -1.860831 -1.141901 0.002094268 -2.184945 -0.3202763 0.02779769 -2.184945 -0.3202763 0.02779769 -2.652781 -0.4372231 -0.01429587 -2.318055 -0.4454832 -0.02802515 -2.294507 -0.1075552 0.08457481 -2.294507 -0.1075552 0.08457481 -2.811372 0.3742819 0.6579765 -2.839162 -0.04028707 0.6741883 -2.865622 0.1361439 0.6778554 -2.844968 0.3879389 0.4573084 -2.844968 0.3879389 0.4573084 -2.940945 -0.171397 0.4959854 -2.928842 0.1064819 0.4846345 -3.036687 -0.05939298 0.2035275 -2.871338 0.3765829 0.2383083 -2.871338 0.3765829 0.2383083 -2.938979 0.1321519 0.2322174 -2.780493 0.401123 0.01985126 -2.780493 0.401123 0.01985126 -2.780493 0.401123 0.01985126 -2.997508 -0.104757 0.0369184 -2.468883 0.1335418 0.04334497 -2.468883 0.1335418 0.04334497 -2.468883 0.1335418 0.04334497 -2.478823 -0.1322461 0.008289992 -2.786245 -0.17755 -0.007494747 -2.809282 0.1321319 0.01101827 -0.4951189 -10.20927 15.97901 -0.2815979 -10.27826 16.00362 -0.6482819 -10.14107 15.91303 -0.754354 -10.07962 15.80193 -0.7185072 -10.27838 15.59862 -0.1641631 -10.48451 15.79003 -0.5037851 -10.38448 15.7641 -0.7999455 -10.32199 15.36145 4.87956e-6 -10.53112 15.7537 4.70137e-6 -10.81547 15.62297 -0.5666783 -10.51861 15.59399 -0.3299693 -10.70486 15.61624 -0.6207776 -10.57257 15.36678 -0.3507936 -10.79301 15.39345 -0.2600651 -11.17861 14.93243 -0.1594774 -11.5189 14.68315 -0.3454707 -10.83738 15.19519 4.23464e-6 -11.05825 15.20372 -0.6086408 -10.58955 15.16743 -0.7923027 -10.34607 15.13184 -0.8995407 -10.13406 15.07363 -0.1157256 -11.70189 14.40968 -0.2167345 -11.47766 14.54544 -0.3779022 -11.11612 14.73481 -0.5642021 -10.79502 14.88692 -0.7397248 -10.45214 14.99228 -1.01209 -9.727673 14.15292 -0.78188 -9.84868 13.83568 -0.1489657 -10.99664 13.24344 2.24537e-6 -10.967 13.17339 2.38236e-6 -10.76008 13.27568 -0.1774705 -10.80476 13.31058 -0.2544375 -10.82319 13.38931 -0.4095922 -10.51262 13.61852 -0.2589094 -10.404 13.49887 2.59694e-6 -10.37723 13.42691 -0.5077702 -9.577961 13.49327 -0.3294942 -9.998348 13.53411 -0.5875211 -10.17719 13.77475 -0.08069789 -11.68561 14.18966 -0.08069789 -11.68561 14.18966 3.04908e-6 -11.80931 14.15932 3.04908e-6 -11.80931 14.15932 -0.1430887 -11.56041 14.32122 -0.1430887 -11.56041 14.32122 -0.2138895 -11.39841 14.4485 -0.2138895 -11.39841 14.4485 -0.07854574 -11.51092 14.30652 3.06587e-6 -11.66723 14.15398 -0.3881204 -11.05625 14.59184 -0.3881204 -11.05625 14.59184 -0.5965392 -10.72619 14.7291 -0.5965392 -10.72619 14.7291 -0.7763121 -10.42114 14.81037 -0.7763121 -10.42114 14.81037 -0.896762 -10.10652 14.83795 -0.896762 -10.10652 14.83795 -1.020581 -9.843466 14.79558 -1.020581 -9.843466 14.79558 -1.018898 -9.776689 14.71064 -1.018898 -9.776689 14.71064 -1.024329 -9.764388 14.59113 -1.024329 -9.764388 14.59113 -0.9264565 -9.958108 14.32602 -0.9264565 -9.958108 14.32602 -0.7653367 -10.18143 14.11423 -0.7653367 -10.18143 14.11423 -0.6080739 -10.37862 13.91421 -0.6080739 -10.37862 13.91421 -0.4006842 -10.64002 13.67641 -0.4006842 -10.64002 13.67641 -0.2503474 -10.90529 13.46505 -0.2503474 -10.90529 13.46505 -0.1381006 -11.03705 13.32731 -0.1381006 -11.03705 13.32731 2.28828e-6 -11.112 13.23756 2.28828e-6 -11.112 13.23756 2.54079e-6 -10.95717 13.46078 -0.1643883 -10.87744 13.52827 2.63499e-6 -10.76802 13.52395 -0.2426291 -10.62491 13.72566 -0.115352 -10.43572 13.83885 -0.4316448 -10.35154 13.99279 -0.5841246 -10.19832 14.2063 -0.2030308 -10.29442 13.97731 -0.1016888 -10.38744 14.02105 3.8751e-6 -9.939746 14.60597 -0.2280391 -9.917866 14.58656 -0.1842339 -9.709824 14.79568 4.11349e-6 -9.683762 14.82486 -0.4328544 -9.846684 14.36518 -0.3580589 -9.644001 14.79448 -0.1565746 -11.32979 14.46339 -0.3014694 -10.98894 14.5829 -0.5014743 -10.63768 14.70628 -0.1717591 -10.87201 14.82418 3.96463e-6 -10.86579 14.91021 -0.2721679 -10.5352 14.95687 4.19035e-6 -10.56304 15.0846 -0.1559023 -9.454003 15.29535 4.63466e-6 -9.44306 15.33531 -0.7189853 -9.960544 14.43066 -0.8345061 -9.785174 14.60603 -0.544896 -9.545462 14.73715 -0.8498553 -9.812967 14.66648 -0.4418197 -9.482033 14.93331 -0.3393576 -9.462242 15.14798 4.69991e-6 -9.717212 15.43686 -0.2906595 -9.690457 15.26317 -0.4223217 -9.670849 15.08319 -0.3193708 -10.18285 15.05001 4.60409e-6 -10.0734 15.40245 -0.6013621 -10.30475 14.77045 -0.744004 -10.04601 14.74857 -0.8087149 -9.906673 14.72122 -0.5817468 -9.561645 14.84988 -0.5191999 -9.981109 14.89627 -4.327036 -2.212824 0.289811 -4.252882 -2.158143 0.436039 -4.425314 -2.435379 0.590511 -4.463237 -2.464533 0.4702652 -4.267313 -2.485902 0.6057219 -4.057015 -2.254045 0.4997158 -4.194291 -2.582898 0.4639979 -4.044158 -2.37678 0.3387537 -4.539135 -2.813648 0.262961 -4.264451 -2.558272 0.3393009 -4.179271 -2.447599 0.2374248 -4.302186 -2.329405 0.251232 -4.302186 -2.329405 0.251232 -4.382423 -2.48143 0.383774 -4.382423 -2.48143 0.383774 -3.657581 -1.810714 0.1978955 -3.762011 -1.782384 0.3968976 -3.970317 -2.12948 0.4808238 -3.88334 -2.275646 0.2410926 -4.059946 -2.330026 0.02649271 -3.724578 -1.720511 0.01116758 -3.791754 -2.073617 0.2166706 -3.873504 -2.058653 -0.009349346 -4.257043 -2.164501 0.02423888 -4.257043 -2.164501 0.02423888 -3.902529 -1.594286 0.01001876 -3.902529 -1.594286 0.01001876 -4.091707 -1.896539 -0.06491512 -4.091707 -1.896539 -0.06491512 -3.985102 -1.57821 0.1949738 -4.322678 -2.001409 0.223094 -4.173431 -1.780781 0.197591 -4.211674 -2.00498 0.426213 -3.939338 -1.651091 0.3717028 -3.890556 -1.979171 0.4390878 -4.082566 -1.850111 0.4047589 -2.525401 -1.893294 0.2340337 -2.653499 -1.913599 0.3982018 -2.668181 -2.532634 0.4984476 -2.493101 -2.530629 0.2679644 -2.572605 -2.753233 0.3108484 -2.647604 -2.722231 0.4544376 -2.643997 -2.828753 0.2065705 -2.603922 -2.680459 0.03580749 -2.587638 -1.863624 0.03595864 -2.527962 -2.273339 0.2384836 -2.59676 -2.268711 0.04177254 -2.81114 -2.843637 0.1660326 -2.81114 -2.843637 0.1660326 -2.83227 -2.69828 -5.73321e-4 -2.83227 -2.69828 -5.73321e-4 -2.795679 -1.854806 0.00887078 -2.795679 -1.854806 0.00887078 -2.817001 -2.254625 0.00411576 -2.817001 -2.254625 0.00411576 -2.903186 -2.781141 0.2374078 -2.979638 -2.599246 0.1777218 -2.919232 -1.87416 0.1655899 -2.948931 -2.235877 0.1690518 -2.885798 -2.71239 0.3920648 -2.920757 -2.52869 0.4572858 -2.862819 -1.903175 0.360037 -2.91819 -2.232911 0.4212779 -2.655993 -2.262495 0.4577867 -1.16989 -2.471658 0.2161415 -1.02537 -2.44833 0.1309584 -1.02537 -2.44833 0.1309584 -1.134172 -2.293596 -0.05285149 -1.134172 -2.293596 -0.05285149 -1.318409 -2.375597 0.1379736 -1.64427 -1.759809 0.1196399 -1.512614 -1.679332 -0.002367079 -1.512614 -1.679332 -0.002367079 -1.231641 -2.388396 0.3838407 -1.339524 -2.314799 0.3623257 -1.607814 -1.753682 0.315339 -1.489713 -2.09222 0.09150278 -1.476356 -2.047688 0.3370348 -1.053457 -2.269356 0.5141466 -1.122073 -2.179931 0.5509926 -1.441329 -1.66783 0.3871198 -1.287648 -1.927692 0.4443938 -1.317883 -1.591043 0.2538417 -0.9152832 -2.231079 0.3565094 -0.9439042 -2.070487 0.3116005 -1.10938 -1.836079 0.2929956 -0.9163102 -2.289867 0.1862733 -0.9354254 -2.14107 0.04335439 -1.349317 -1.594733 0.06246376 -1.319119 -2.007111 -0.0629673 -1.319119 -2.007111 -0.0629673 -1.099273 -1.865416 0.04365956 -0.8260071 -2.48213 0.3155072 -0.7714831 -2.499163 0.4428333 -0.9161373 -2.553948 0.2727733 -0.9161373 -2.553948 0.2727733 -1.001871 -2.615957 0.3422574 -0.7274684 -2.834538 0.1958352 -0.9623191 -2.630941 0.4366984 -0.849831 -2.581799 0.5055384 -2.653242 -3.027284 0.3509415 -2.597083 -3.046194 0.4517455 -2.688226 -3.047555 0.5402845 -2.83354 -3.039936 0.5160737 -2.875603 -3.019766 0.3887097 -2.720257 -3.36241 0.2166504 -2.774887 -3.021399 0.2973026 -2.774887 -3.021399 0.2973026 -2.788774 2.773594 0.1545092 -4.01672e-6 7.613961 5.895092</float_array>
          <technique_common>
            <accessor source="#Mesh-mesh-positions-array" count="1466" stride="3">
              <param name="X" type="float"/>
              <param name="Y" type="float"/>
              <param name="Z" type="float"/>
            </accessor>
          </technique_common>
        </source>
        <source id="Mesh-mesh-normals">
          <float_array id="Mesh-mesh-normals-array" count="4398">0.9911366 0.1180217 0.06098544 0.9602973 -0.03031349 0.2773272 0.9682786 -0.2484431 -0.02669531 0.8939188 -0.3751662 0.2452743 0.9860844 0.03829777 -0.1617741 0.9395645 -0.192006 -0.2834649 0.7879887 -0.6143868 -0.04003429 0.808115 -0.4918183 -0.3241376 0.8080602 -0.5880782 0.03468066 0.8718741 -0.3652792 0.3262007 0.9458083 -0.07779258 0.3152698 0.9858208 -7.06533e-4 0.1678002 0.9995806 3.87653e-4 -0.02895539 0.957853 -0.2242102 -0.1795759 0.838168 -0.5365151 -0.09811204 0.773051 -0.6341342 0.01631569 0.8057631 -0.5916945 0.02536553 0.7916579 -0.5876063 0.1673225 0.8489332 -0.4938004 0.1883445 0.9057279 -0.4237725 -0.008609414 0.8330545 -0.5531179 0.008986234 0.9737011 -0.22148 -0.05341142 0.9886037 -0.1500786 0.01180058 0.9828488 -0.1430342 0.116403 0.7964075 -0.5381034 0.2760071 0.72331 -0.6763579 0.1391499 0.8382592 -0.3514629 0.4168877 0.8896636 -0.1996222 0.4106697 0.941169 -0.1140711 0.318102 0.9461002 -0.09401857 0.3099275 0.7777559 0.01434504 0.6284029 0.7756699 -0.08103799 0.6259145 0.7370684 -0.2085008 0.6428512 0.6939224 -0.3765537 0.6137419 0.6396903 -0.5659217 0.5201242 0.5959911 -0.7339444 0.3257609 0.361157 -0.80254 0.4748636 0.3771317 -0.6417846 0.6677457 0.149571 -0.6545493 0.7410762 0.1426219 -0.8480694 0.5103306 0.4515618 -0.4088802 0.7930378 0.4976949 -0.198741 0.844276 0.5172214 -0.03146433 0.8552731 0.523545 0.08795166 0.8474464 0.2736054 0.1198286 0.9543486 0.254462 -0.02828049 0.9666693 0 0.1145273 0.9934202 -1.66385e-7 -0.04138529 0.9991434 0.2126252 -0.2126501 0.9537141 -5.78716e-7 -0.2253994 0.9742665 0.190324 -0.4398069 0.877694 0 -0.6839382 0.7295399 2.79292e-7 -0.85892 0.5121099 0 -0.4648275 0.8854013 0.8210744 -0.5521109 -0.1449497 0.9256613 -0.3671478 -0.09140008 0.8068028 -0.5681704 -0.1620239 0.9099318 -0.381726 -0.1622018 0.9732856 -0.21771 -0.07292222 0.952137 -0.2418223 -0.1869684 0.8289494 -0.4336732 -0.3532289 0.86628 -0.2811986 -0.4129 0.6650401 -0.4685984 -0.5814957 0.7289495 -0.4712318 -0.4965617 0.3873344 -0.5974881 -0.7021254 0.4101496 -0.6427398 -0.6470417 -4.27364e-7 -0.6747352 -0.7380599 0 -0.7283105 -0.6852474 0.9886422 -0.1493733 -0.01656156 0.9554199 -0.2458297 -0.1635258 0.9925643 -0.0898025 0.08216929 0.9345821 0.05551463 0.3513892 0.7486748 0.1603881 0.6432433 0.4875356 0.2605019 0.8333353 0.2580263 0.3216035 0.9110398 -4.21035e-6 0.3112192 0.9503383 0.8874879 -0.3395516 -0.3115608 0.755405 -0.5205883 -0.3979337 0.3971378 -0.7045714 -0.5880993 -1.32913e-6 -0.8146591 -0.5799402 0.6014869 0.4292342 0.6737741 1.6033e-7 0.5552406 0.8316898 0.581017 0.5064752 0.6371046 1.37384e-6 0.6463323 0.7630562 0.9641462 0.0815041 0.2525454 0.9789669 -0.2029363 -0.02099406 0.8944205 -0.3749136 -0.2438274 0.6276382 -0.6453208 -0.4354668 -7.80772e-7 -0.8296751 -0.5582466 0.9684045 -0.24746 0.03092479 0.9498891 0.08175241 0.3017071 0.5072229 0.4322088 0.7456008 8.01617e-7 0.5534809 0.8328619 0.5927651 -0.734623 -0.3300889 -2.66719e-7 -0.8755232 -0.4831761 0.6367059 -0.7210084 -0.2734091 -6.01619e-7 -0.8883213 -0.4592226 0.8835945 -0.4405441 -0.1586874 0.8909842 -0.4517319 -0.04566687 0.9683021 -0.2277742 0.1025174 0.8909739 0.06616264 0.4492081 0.4072042 0.1072505 0.9070183 1.39075e-6 0.2601633 0.9655647 0.03719192 0.1041059 0.9938706 4.17118e-7 0.2786433 0.9603947 0.8140531 -0.2311211 0.5328233 0.9588519 -0.2671504 0.09609258 0.9193318 -0.3924906 -0.02793473 0.6375777 -0.6916387 -0.3393092 -5.85935e-7 -0.8577293 -0.5141017 0.9754989 -0.2173968 0.03377205 0.9420751 -0.328512 -0.06763571 0.6510062 -0.6284807 -0.4256797 -7.0937e-7 -0.7884529 -0.6150952 0.6338089 -0.5612364 -0.5322593 -7.71866e-7 -0.6465189 -0.762898 0.9783104 -0.207044 0.00645703 0.9991894 -0.03709721 -0.01563161 0.9866256 0.1458915 0.07270252 0.9572696 -0.2862631 -0.04109233 -7.60971e-7 -0.5283482 -0.8490278 0.5025889 -0.5430166 -0.672709 0.1544419 -0.4431807 -0.8830281 -5.5072e-7 -0.2905986 -0.9568451 0.9661112 0.2578961 -0.0109055 0.9811813 0.03376805 -0.1901131 0.8792772 0.2813355 -0.3843463 0.8901897 -0.2283703 -0.3942201 0.837584 0.4133766 -0.3571736 0.8579217 -0.2524374 -0.4474883 0.8547602 0.4117402 -0.3159989 0.8912705 -0.3580205 -0.2783132 0.9346957 -0.163304 -0.3157147 0.8574122 -0.2535282 -0.447848 0.9308713 0.1950124 -0.3089482 0.8782971 0.2826387 -0.3856289 0.6099866 0.5622953 -0.5583371 0.7565367 0.375072 -0.5356988 0.4524353 0.7645952 -0.4590171 0.6101481 0.5617778 -0.5586816 0.4044533 0.829904 -0.3842878 0.4763617 0.7953276 -0.374878 0.9129227 0.3223825 -0.2502833 0.435728 0.8321198 -0.3431004 0.9277694 0.3570011 -0.108601 0.5492807 0.824273 -0.1373497 -0.2142654 0.8879877 -0.4069007 -0.2075762 0.941156 -0.2667164 -0.09951275 0.889611 -0.4457463 -0.07249432 0.8705615 -0.4866902 0.02530544 0.7792544 -0.6261966 0.2328264 0.6311888 -0.7398599 0.1804224 -0.5046758 -0.8442453 0.5878459 -0.4911389 -0.6428218 0.5177174 -0.5476745 -0.6572834 -0.1279379 -0.5315248 -0.8373251 0.4836848 -0.6938078 -0.5335539 0.5180478 -0.5472124 -0.6574079 0.4783881 -0.790354 -0.3827344 -0.714177 0.5858565 -0.3830451 -0.5637673 0.658484 -0.4985634 -0.4177667 0.6803381 -0.602172 -0.2594232 0.6693567 -0.6961762 -0.7454811 0.6034197 -0.2830945 -0.03928244 0.542237 -0.8393068 -0.5124734 0.2168077 -0.8308824 -0.7660881 0.1147923 -0.6324017 -0.1278906 -0.5314218 -0.8373978 -0.2453035 -0.7225136 -0.6463748 0.873588 -0.3807681 -0.3030837 0.860996 0.3546676 -0.3645502 0.7742335 0.515257 0.3675225 -0.1640038 0.189291 -0.968128 0.04319852 0.4882941 -0.8716095 -0.03952896 0.5425021 -0.8391239 -0.1641171 0.1893638 -0.9680945 -1.49591e-7 0.2789627 -0.9603019 -0.3252623 -0.2556788 -0.9104027 -0.09566581 -0.3102444 -0.9458312 -0.5124086 0.2169274 -0.8308911 -0.683011 -0.3438833 -0.6443914 -0.325017 -0.2556342 -0.9105027 -0.1640171 0.1893639 -0.9681115 -1.26933e-7 -0.2062504 -0.9784992 -3.92955e-7 -0.1227753 -0.9924346 -6.6634e-7 0.4321804 -0.9017872 0.08835214 0.4451982 -0.8910626 0.2327656 0.6313543 -0.7397378 0.3516476 0.4984763 -0.7923797 0.3859032 0.4204481 -0.8211591 0.7950084 0.4058372 -0.4508413 0.3729975 0.3109087 -0.8741903 0.1379559 0.2866879 -0.9480392 -1.41169e-6 0.2939785 -0.955812 0.7728433 0.2164018 -0.5965598 0.295856 0.2570573 -0.919995 0.09478348 0.2593326 -0.9611257 -5.59492e-7 0.2572615 -0.9663419 -0.1325156 0.3557052 0.925156 1.39288e-6 0.3870001 0.9220797 1.15479e-6 0.6087429 0.7933676 0.2234086 0.6818139 0.6965762 0.2774628 0.5926204 0.7561848 0 0.6617835 0.7496951 1.1213e-6 0.6646733 0.7471342 -5.40204e-4 0.6935579 0.7204008 9.3939e-7 0.5903647 0.8071367 -0.1247672 0.6028808 0.7880153 0.3944628 0.6257263 0.6729531 1.02213e-6 0.6252632 0.7804139 0.9179979 0.3721532 -0.1370475 0.332481 0.6292747 0.702474 7.22819e-7 0.6744544 0.7383166 0.5086009 0.7684369 -0.3883681 5.22286e-5 0.888986 -0.4579344 -7.59214e-6 0.560914 0.8278741 0.2068036 0.5278208 0.8237946 0.6455776 0.6919533 -0.3231567 0.5302714 0.7933088 -0.299121 0.2066348 0.5275985 0.8239793 -7.89389e-6 0.5606057 0.8280829 0.9810432 -0.1488193 0.1241252 0.848604 0.4596891 0.2618348 0.9178058 -0.3900352 -0.07419764 0.6086287 0.6029301 0.5157969 0.8485869 0.4597253 0.2618262 0.8485427 0.4597515 0.2619236 0.31816 0.09277027 -0.9434872 0.1314603 0.2248224 -0.9654912 0.1057444 0.255654 -0.9609678 0.9178394 -0.3899633 -0.07415914 0.8485694 0.4596847 0.2619543 0.03731179 -0.2125025 -0.9764479 0.03717666 -0.2126131 -0.976429 0.9810513 -0.1487617 0.12413 0.6455313 0.6919806 -0.3231909 -0.06399959 -0.04980206 -0.9967065 -0.06405931 -0.04995721 -0.9966949 0.5303025 0.7933166 -0.2990455 -0.02105063 -0.09216815 -0.995521 0.5086401 0.768401 -0.388388 -0.02103638 -0.09209322 -0.9955282 1.60709e-5 -0.1213778 -0.9926065 -5.19604e-5 0.8889777 -0.4579507 -0.1240856 0.6023671 0.7885155 -0.1645746 0.3625961 0.9173 -0.2079093 0.612662 0.7625084 -0.134183 0.3562464 0.9247072 -4.57437e-4 0.6928174 0.721113 -0.006494224 0.7818222 0.6234677 -0.3821282 0.3730542 0.8454636 -0.3944919 0.6116666 0.6857406 -0.4938169 0.4935023 0.7159612 -0.4342931 0.6335293 0.6403359 -0.4987332 0.5022957 0.7063741 -0.5289245 0.2927941 0.7965618 -0.4338942 0.5482808 0.7149294 -0.5440997 0.2620146 0.7970596 -0.5179244 0.2376956 0.8217391 -0.2905986 0.03004813 0.9563732 0.0371502 0.10417 0.9938655 0.2373191 -0.4772396 0.8461217 -0.02769482 -0.1083788 0.9937239 0.4071803 0.1075092 0.9069985 0.572859 -0.6713186 0.4702808 0.8140615 -0.2310748 0.5328304 -0.1112574 -0.4831181 0.8684577 -0.4523496 -0.2750256 0.8483754 -0.5182315 -0.2482194 0.8184273 -0.5695485 -0.3009232 0.7648919 0.2230836 0.6818026 0.6966914 -0.1487411 0.698858 0.699624 0.7743192 0.5151811 0.3674482 0.2768933 0.592823 0.7562348 0.7742794 0.5152239 0.3674721 -0.3812679 0.7442951 0.5483244 -0.3944295 0.4924345 -0.7758439 -0.4574222 0.451341 0.7661959 -0.4335791 0.5177931 0.7374955 -0.509419 0.4707082 0.7203652 -0.5482417 0.3488683 0.7600803 -0.6717833 -0.2531655 0.6961426 -0.5968905 0.2551285 0.7606782 -0.6303719 -0.4950012 0.598001 -0.5385453 0.3327746 0.7740996 -0.49059 0.4767501 0.7294045 0.580033 0.805934 -0.1184577 0.3059614 0.8556998 -0.4173314 -0.5890409 -0.38345 0.7113347 0.8311928 -0.5558769 0.01092922 0.9589278 -0.2668878 0.09606504 0.2009691 -0.8931875 0.402278 -0.1140444 -0.8843281 0.4527224 -0.1512159 -0.8968713 0.4156388 -0.1757169 -0.9443463 0.2780897 -0.1512329 -0.9867839 -0.05819201 -0.06823605 -0.9889792 -0.1313934 0.531333 -0.8158017 -0.2283697 0.4010243 -0.8529035 -0.3342682 0.38749 -0.8508328 -0.3548732 0.9755149 -0.2172721 0.03411042 0.9008985 -0.3560306 -0.248242 0.755693 -0.1837 -0.6286354 0.9865822 0.1457111 0.07364726 0.9811901 0.0338124 -0.19006 0.8572823 -0.2421681 -0.4543367 0.9783239 -0.206973 0.006688237 0.4086909 -0.7939044 -0.4502084 0.6537963 -0.5096787 -0.5592657 0.5684718 -0.4489389 -0.6894155 0.5589954 -0.4021352 -0.7251287 0.5448235 -0.4238921 -0.7235211 0.6029587 -0.4113332 -0.6835538 0.5113804 -0.6080941 -0.6072165 0.5224491 -0.5726711 -0.6317395 0.6172206 -0.41516 -0.6683419 0.6220323 -0.4593628 -0.6340834 0.572488 -0.465143 -0.6752035 0.7743145 0.5151883 0.3674478 -0.3944842 0.4923965 -0.7758403 0.3059778 0.8556988 -0.4173216 0.6063992 -0.5201032 -0.6014754 0.1077173 -0.992139 -0.0636959 0.5722013 -0.472993 -0.6699727 0.5800256 0.8059359 -0.1184811 0.5181462 -0.5080699 -0.6880331 0.5715827 0.8121397 -0.1171424 0.5311911 -0.5448827 -0.6487981 0.5716041 0.8121205 -0.1171711 -0.4662172 0.5263577 0.7110479 -0.4726847 0.4941005 0.7296807 0.1636322 -0.7264915 0.667409 0.8024384 -0.05485999 0.594208 -0.2889496 -0.8465071 -0.4471396 0.4955483 -0.8589504 -0.1289823 -0.3185067 -0.9275503 -0.1954584 -0.8755397 0.1474331 -0.460102 -0.8120011 -0.3887042 -0.4353888 -0.7660353 0.1148967 -0.6324465 -0.8754848 0.1476408 -0.4601398 -0.8522003 -0.4387931 -0.284983 -0.4829101 -0.8088065 0.3356037 -0.422636 -0.9020373 0.08779233 -0.9013486 -0.4207482 0.1026725 -0.8547867 -0.5149459 -0.06457859 -0.9629701 0.04648739 -0.2655703 -0.9629871 0.04631602 -0.2655384 -0.9901861 0.1088349 -0.08767277 -0.9901775 0.1088889 -0.08770215 -0.7913173 0.5842545 -0.1801767 -0.3360453 0.9404083 0.05201727 -0.9866911 0.1366737 -0.08809679 -0.986671 0.1367878 -0.08814555 -0.9183724 -0.3578932 0.1688329 -0.5660179 -0.6383645 0.5216459 0.9491814 0.3109611 0.04855889 0.5262054 0.8357038 0.1571854 -0.2955131 0.03726452 0.9546116 0.7703654 -0.1115418 0.6277704 0.7159081 -0.06205075 0.6954319 -0.2550224 -0.08828908 0.9628961 0.9926053 0.08768969 -0.08393681 0.956197 -0.07626146 -0.2826157 -0.2034687 -9.28012e-4 0.9790811 0.6595314 -0.1082206 0.7438458 0.9790295 0.1612971 -0.124436 -0.2051798 -0.004627704 0.9787134 0.6419364 -0.06121027 0.7643109 -0.2452852 0.486063 0.8387956 0.4843538 0.4298186 0.7620088 0.9950184 0.0641998 -0.07626831 0.9704925 0.2410437 -0.00651133 0.2886617 0.3075391 -0.9066942 0.2084795 0.5707233 -0.7942363 0.3247601 -0.05990666 -0.9438973 0.2084832 0.5706904 -0.7942589 -0.6390635 0.5222995 -0.5646249 -0.6380159 0.2766999 -0.7185909 0.2887669 0.3075385 -0.9066608 0.3247969 -0.05993109 -0.9438831 -0.7541574 0.05124872 -0.6546911 -0.9411647 0.2954765 0.1640205 -0.9613816 0.157559 0.2256562 -0.855333 0.3885994 0.3426308 0.9987463 -0.03116965 -0.03917264 0.7588911 0.1226688 0.6395598 -0.01770097 0.3808979 0.9244477 0.4472146 0.6722723 0.589957 -0.5113262 0.6858596 0.5178245 -0.6909088 0.2981085 -0.6586171 -0.5756419 0.03455907 -0.8169713 -0.9673517 0.15556 0.2000797 -0.9641474 -0.007162034 0.2652706 -0.8952549 0.4202178 -0.1481074 -0.910929 0.2403071 0.3353518 -0.5113112 0.6859754 0.5176858 0.4472572 0.6724078 0.5897702 -0.9672945 0.1012228 -0.2325845 0.3370963 -0.9212909 0.1938799 0.2823269 -0.8520617 0.4407748 0.1763805 -0.7099669 0.6817895 0.9083686 -0.4045192 -0.1059755 0.9173152 -0.3746054 0.1349215 0.8729529 -0.3672403 0.3210734 0.8344863 0.5509696 -0.008095204 0.4759483 0.2565169 0.8412327 0.5242209 0.3389731 0.7812105 0.8544144 0.5193365 0.01629853 -0.3046391 0.0660845 0.9501726 -0.8045673 0.490365 0.3349835 -0.1657706 0.0539757 0.9846861 -0.745064 0.5384237 0.3936746 -0.9672504 0.1014566 -0.2326662 -0.9795374 0.08979129 0.1801223 -0.6994384 0.4702657 -0.5381785 -0.6434425 0.4061635 -0.6488552 -0.758899 0.006792366 -0.6511731 -0.8950468 0.4205564 -0.1484033 -0.7126845 0.1595394 -0.6831018 0.4441628 0.2363894 -0.8641988 0.4999074 0.3446593 -0.7945455 0.3984882 -0.03773391 -0.9163969 0.4262718 -0.02671605 -0.9042006 0.4178268 0.2418845 -0.8757356 0.3985456 -0.03769558 -0.9163736 0.4263312 -0.02672135 -0.9041724 0.4178739 0.2419086 -0.8757063 0.8544564 0.5192793 0.01591801 0.4648652 0.2550938 -0.847837 0.8652345 0.4943358 0.08367472 0.4438591 0.2366719 -0.8642776 -0.5276166 -0.2546679 0.8104104 -0.8039324 0.4139537 0.4270072 -0.4572258 0.04653686 0.8881322 -0.7457429 0.5372936 0.3939328 -0.304584 0.06635606 0.9501713 -0.1073648 -0.2882831 0.951507 0.2211421 -0.604863 0.7650079 0.6345354 -0.4937153 0.5946513 0.2212632 -0.6048044 0.7650191 0.07070249 -0.3852633 0.9200943 -0.06595474 -0.2932919 0.9537453 0.5462979 0.1910127 0.8155201 0.4767833 0.2597958 0.8397522 -0.3700839 -0.2336988 0.8991234 -0.2395868 -0.3980754 0.8855135 0.1456002 -0.139455 0.9794657 -0.2399818 -0.3979231 0.885475 0.09292387 -0.2398627 0.9663494 -0.3155805 -0.1167454 0.9416898 0.5162453 -0.2443395 0.8208464 -0.3150158 -0.1170888 0.9418362 -0.3474425 -0.02960801 0.9372338 0.5161316 -0.2445942 0.8208422 0.6462343 -0.003197908 0.7631323 0.901361 -0.3109846 -0.3013918 0.9892705 0.003844141 -0.1460449 0.1465628 -0.5664312 0.8109718 -0.5006438 -0.8638744 -0.05546796 -0.8360778 -0.5480932 0.02382993 0.9014118 -0.31084 -0.3013888 0.2509369 -0.9414042 -0.2253638 -0.5008314 -0.8637657 -0.05546861 0.4441612 0.2364037 -0.8641957 -0.3993058 -0.2602898 -0.8790928 -0.2266144 -0.3324654 -0.915485 0.5000116 0.3447034 -0.7944608 -0.08570212 -0.6684859 0.7387705 -0.9734947 -0.06333357 0.2197657 -0.8924565 -0.3063188 0.3311951 -0.8925807 -0.30611 0.3310537 -0.6077148 -0.711154 -0.3534723 0.2920678 -0.8249173 -0.4839503 0.7526389 -0.5595372 -0.3470633 0.292078 -0.8248849 -0.4839994 0.3463625 -0.002623915 -0.9380971 0.15367 -0.05601084 -0.9865335 -0.6070675 -0.2713704 -0.7468783 -0.6645049 -0.04010373 -0.7462071 -0.6069842 -0.2714653 -0.7469115 0.153727 -0.05604296 -0.9865229 0.3464941 -0.002607345 -0.9380486 0.09741544 -0.3191227 -0.9426934 0.1536533 -0.05599862 -0.9865368 -0.2266702 -0.3324359 -0.9154819 0.09748423 -0.3192276 -0.9426509 0.1537995 -0.05608433 -0.9865092 -0.03703087 -0.09519779 -0.9947695 -0.6071332 -0.2714175 -0.7468078 0.01028054 -0.09021091 -0.9958697 -0.226731 -0.3324678 -0.9154552 -0.06375056 -0.3293254 -0.942062 -0.6077388 -0.7111654 -0.3534082 0.2921438 -0.8249043 -0.4839265 0.1563768 -0.1147159 -0.9810131 -0.01727545 -0.1196399 -0.992667 -0.0172463 -0.1197059 -0.9926596 0.1564249 -0.1147298 -0.9810038 -0.01719152 -0.1195225 -0.9926826 -0.6009677 0.4452639 -0.6637606 -0.6996263 0.4703195 -0.5378872 0.009671509 -0.03700441 -0.9992683 -0.6996484 0.470353 -0.5378292 -0.6010171 0.4452876 -0.6636999 -0.1112721 0.01189178 -0.9937189 -0.7383664 0.4699062 -0.4837388 0.8947054 0.4294783 0.1226813 0.7720346 -0.3696895 0.5170031 0.9626113 0.02575814 0.2696595 0.9212706 0.3316926 0.2030779 0.7230742 -0.02420049 0.6903463 0.9212853 0.3315394 0.2032613 0.9525558 0.1765754 0.2479088 0.8782348 0.4768711 -0.03602504 0.9795372 0.1569066 -0.1260447 0.9047373 0.3774938 -0.1973549 0.9796047 0.1566387 -0.1258527 0.4528087 0.05012351 -0.8901977 0.5642559 0.3854544 -0.7300961 0.4527567 0.05006468 -0.8902274 -0.5666108 0.2071896 -0.7975115 -0.71271 0.1593753 -0.6831135 -0.5665718 0.2072111 -0.7975337 -0.7383878 0.4699231 -0.4836897 -0.1709322 0.1314063 -0.9764808 -0.5666468 0.2072273 -0.7974762 0.04831832 0.05457615 -0.9973399 0.4067383 0.2000321 -0.8913761 0.452812 0.04985457 -0.8902112 -0.7127842 0.1593353 -0.6830453 0.4093524 -0.7951777 0.447351 0.1735459 -0.8426614 0.5097093 0.5909842 -0.747945 0.3021854 0.7006955 -0.6784518 0.2207465 0.7874084 -0.4755488 0.3922262 6.44575e-7 -0.7663497 0.6424238 0.08350241 -0.6004968 0.7952554 0.4870329 -0.6173648 0.6177862 0.8710585 -0.4476119 0.2022395 2.15726e-6 -0.492811 0.8701364 1.45922e-6 -0.7253828 0.6883457 0.6554113 -0.5871085 0.4751207 0.3945403 -0.6916377 0.604959 0.7317996 -0.6584979 0.1756417 0.5303639 -0.799201 0.2828286 -5.35828e-7 -0.8755151 0.483191 1.6799e-7 -0.6642976 0.7474682 0.6763703 -0.6040112 0.4215373 0.6275194 -0.5802323 0.5191821 -4.44e-7 -0.7951248 0.6064459 -1.21187e-6 -0.7804841 0.6251758 0.6197899 -0.7129758 0.3279117 0.7654463 -0.6280074 0.1403532 0.8612707 -0.5069674 0.03459769 0.8879752 -0.4594792 0.01946729 -4.47685e-7 -0.9801099 0.1984558 0.7419454 -0.6672203 0.06583482 0.9179885 -0.3964682 -0.01050448 0.8615639 -0.4999053 0.08833152 0.8259872 -0.5359296 0.1747137 0.8648517 -0.491982 0.09992706 0.8238297 -0.5129823 -0.2411513 0.702287 -0.4082444 -0.5832062 0.7344162 -0.2885083 -0.6143255 2.29732e-7 -0.5960782 -0.8029264 0 0.1804091 -0.9835917 0.5281546 0.2638979 -0.8071002 1.55856e-6 0.4061436 -0.9138092 0.856815 -0.0982294 -0.506181 0.4993273 0.1274111 -0.8569941 0.7996268 -0.08440506 -0.5945358 0 0.220254 -0.9754427 -8.64926e-7 -0.5551728 -0.8317351 0.3679042 -0.4439508 -0.8170399 0.3999887 -0.1065026 -0.9103111 -1.7915e-7 -0.089015 -0.9960303 0.7550229 -0.2156479 -0.6192226 0.7925103 -0.1074714 -0.6003143 4.21107e-5 -0.8376685 -0.546179 0.8457033 0.07482796 -0.5283812 0.7715407 0.07695692 -0.6315083 -8.12629e-7 0.3118632 -0.9501271 0.2508299 0.5848794 -0.7713627 0.7925212 -0.1074849 -0.6002976 0.8457389 0.07476592 -0.528333 6.29425e-5 -0.8376907 -0.546145 1.91908e-7 0.7102376 -0.703962 0.7187747 -0.137516 -0.6815074 0.7669531 -0.2418287 -0.5943921 0.7926867 -0.2786135 -0.5422382 0.7514234 -0.4024025 -0.5229104 0.6597875 -0.6051281 -0.4455339 0.4952785 -0.796654 -0.3464703 0.5681405 -0.8227217 0.01859176 0.6959497 -0.6805495 0.2291428 0.7129693 -0.6946096 0.09587705 0.7168189 -0.6928377 0.07840114 0.7206705 -0.6567639 0.2220255 0.7029837 -0.6775057 0.2163329 0.5466069 -0.816033 0.1879121 -9.95398e-6 -0.9989582 -0.04563516 4.16636e-5 -0.9989541 -0.04572546 0.5466604 -0.8160055 0.1878761 -5.22468e-7 -0.6704722 0.7419347 0.04086679 -0.6571891 0.7526171 0.7030064 -0.677491 0.2163054 0 -0.5675248 0.8233563 -0.006291568 -0.6509186 0.7591216 0.7207048 -0.656744 0.2219731 -2.35898e-7 -0.7214299 0.6924876 0.103173 -0.7735804 0.625243 -0.0445016 -0.7443103 0.6663497 0.7168602 -0.692795 0.07839983 -0.003163218 -0.7154868 0.6986191 0.7130223 -0.6945682 0.09578287 0.273693 -0.7421239 0.6118369 0.4450939 -0.7932021 0.4155983 0 -0.9009293 0.4339659 0.3989136 -0.7146648 0.5745625 7.03578e-7 -0.7333993 0.6797981 6.72119e-6 -0.6099345 0.7924518 0.1486915 -0.6179153 0.7720567 0.1249328 -0.7270007 0.6751754 0.3691841 -0.6763733 0.6373558 -2.25609e-6 -0.9963145 -0.08577668 -0.09932821 0.5669702 -0.8177278 0.771577 0.07687407 -0.6314741 -0.223301 0.4211778 -0.8790597 0.7188423 -0.1375719 -0.6814248 2.63783e-7 0.6973882 -0.7166936 -0.1393559 0.2917467 -0.9462895 0.7670022 -0.2418358 -0.5943257 -0.4870178 0.5071658 -0.7110531 -8.92238e-7 0.5379152 -0.8429991 -0.5179037 0.3575491 -0.7771322 -2.66669e-6 0.4589326 -0.8884711 -0.4459848 -0.4257651 -0.7872877 -4.63244e-6 -0.4632716 -0.8862164 -0.02321887 -0.719219 0.6943954 0.6959812 -0.6805205 0.2291336 -0.1737428 -0.9415476 0.2886201 0.5681991 -0.8226812 0.01859158 -0.1151521 -0.9026569 0.4146691 -0.1937824 -0.7860153 -0.5870506 0.4955903 -0.7964867 -0.3464091 -0.474134 -0.8764317 0.08405101 -0.7186524 -0.4860641 -0.4972729 -0.6717545 -0.002392947 -0.7407701 -5.12358e-6 -0.06869882 -0.9976375 -0.8240334 -0.06321978 -0.5630029 -0.6390571 0.2766358 -0.7176899 -2.8567e-6 0.3510403 -0.9363604 -0.2213983 0.1369364 -0.9655212 0.792717 -0.2786311 -0.5421848 -0.0707696 -0.2702223 -0.9601936 0.7514566 -0.4024112 -0.522856 -0.0594443 -0.1323369 -0.9894207 0.6598255 -0.6051425 -0.4454581 -0.7351782 -0.5740655 -0.3605023 -0.6671858 0.1149849 -0.7359631 0.5737465 0.4115496 0.7081257 0.9515116 0.2959993 -0.08372646 0.9843932 0.1646982 -0.06200516 0.5931459 0.1556984 0.7898962 -0.2376428 -0.2442303 0.9401476 -0.4192691 -0.1110947 0.9010391 -0.6878781 -0.7106056 0.1478634 -0.6568086 -0.7135298 0.2438806 0.5084704 -0.728247 -0.4594718 -0.2596901 -0.4827674 -0.8363593 -0.04335802 -0.8149436 -0.5779162 0.7551677 -0.2925719 -0.5866205 0.5750457 0.06754356 -0.8153284 0.755208 -0.2925355 -0.5865868 0.5753237 0.06763285 -0.8151248 -0.4617471 -0.1715151 0.8702713 -0.8958308 -0.4442975 0.009324073 -0.7992209 -0.6009536 0.0100485 -0.4219515 -0.08952087 0.9021879 -0.162398 -0.6573731 -0.7358584 -0.5107017 -0.1770115 -0.8413387 -0.5202159 -0.369309 -0.7700562 -0.8903728 -0.4505712 0.0649755 0.6521422 -0.1615236 -0.7406893 0.4049332 0.4004659 -0.8219832 0.3690313 0.1835929 -0.9111036 0.4048715 0.400423 -0.8220345 0.7839825 0.6204964 0.01886111 0.6520815 -0.1615524 -0.7407365 0.9428194 0.3333042 -1.5923e-4 0.7932304 0.6088835 0.006830394 0.3689653 0.1835625 -0.9111364 0.5517012 0.3540167 0.7551808 0.4319502 0.3912062 0.8126357 -0.4704456 -0.05137944 0.880932 0.3977486 0.4355888 0.8075015 -0.985068 -0.01747751 0.1712762 -0.377126 0.05976879 0.9242314 -0.9918912 -0.06506687 0.109171 -0.4441732 0.01408886 0.8958302 -0.3171682 -0.04726415 0.9471908 -0.9649559 -0.2534443 0.06801605 -0.5876053 -0.3630605 -0.7231231 -0.6052154 -0.5801957 -0.5450571 -0.6427772 -0.01429313 -0.7659199 -0.6393826 0.005598127 -0.7688684 -0.9920966 0.08554756 0.09179407 0.3053583 -0.6862418 -0.6601732 0.3416138 -0.3888925 -0.8556066 0.3771374 0.02405041 -0.9258451 0.3581006 0.0281611 -0.9332583 0.3415602 -0.3889287 -0.8556115 0.9662398 -0.1500167 -0.2094653 0.9029808 -0.3896478 -0.1811086 0.3052443 -0.6862577 -0.6602093 0.3771049 0.02402549 -0.925859 0.9808648 0.06215554 -0.1845023 0.9629685 0.08572 -0.2556244 0.3580576 0.02817004 -0.9332745 0.6653769 -0.1008607 0.7396627 0.7531048 -0.1464536 0.6413927 0.6748156 0.1182422 0.7284523 0.7085621 0.1636425 0.6864117 -0.4241566 0.151909 0.8927569 -0.07144439 -0.4082819 -0.9100558 0.4627956 -0.8486809 -0.2560489 -0.2749692 -0.6182047 -0.7363525 0.6263881 -0.7072479 -0.3277781 0.1851285 -0.008707404 -0.9826758 0.8361755 -0.4170893 -0.3561564 0.7041178 -0.5276193 0.4752222 0.5616325 -0.6207465 0.5470308 0.6988587 -0.3389532 0.6298469 0.7749499 -0.302468 0.5549467 0.8067476 -0.4346171 -0.4003329 -0.08557605 0.04155385 0.9954648 -0.2138312 -0.03667581 0.976182 -0.1268042 0.1793786 0.9755737 0.04233509 0.2826376 0.9582921 -0.7534326 0.5682339 0.3308318 -0.8813294 0.3632313 0.302195 -0.864786 0.4097242 0.2902954 -0.6827702 0.6218986 0.3834933 -0.8177911 0.09024149 -0.5683961 -0.9151383 -0.03823232 -0.4013233 0.1851739 -0.00869131 -0.9826674 -0.6042559 0.4880903 -0.6297958 -0.07142359 -0.4082967 -0.9100509 -0.2749042 -0.6182468 -0.7363414 -0.6453437 0.5074371 -0.5709985 0.1619691 -0.04595285 -0.9857254 0.1619454 -0.04592764 -0.9857305 -0.7931827 0.2378405 -0.5606186 -0.8943149 0.2312018 0.3830754 -0.104694 -0.2966743 -0.9492226 0.5906891 -0.7741613 -0.2275101 -0.1047335 -0.2966426 -0.9492282 -0.4362397 -0.7469261 -0.5017933 0.4467936 -0.6840475 0.5765887 -0.2401517 -0.3331119 0.9117915 -0.7182029 -0.1757732 -0.673267 -0.9278235 -0.26282 0.2647059 -0.244239 -0.2604256 0.934091 0.5874873 -0.2469936 0.7706186 0.9545951 -0.2761309 -0.1118036 -0.04888492 -0.8588192 -0.5099411 0.2178545 -0.2627078 -0.9399597 0.2179016 -0.2627134 -0.9399471 -0.00392127 0.8548016 -0.5189402 -1.23596e-7 0.2622845 -0.9649906 1.71363e-5 -0.121451 -0.9925975 -0.9911363 0.118024 0.06098729 -0.9682782 -0.248445 -0.02669262 -0.9602972 -0.03031325 0.2773274 -0.8939157 -0.375172 0.245277 -0.986085 0.03829801 -0.1617704 -0.9395663 -0.1920031 -0.2834609 -0.78799 -0.614385 -0.0400362 -0.8081126 -0.4918211 -0.3241392 -0.8080607 -0.5880776 0.03468179 -0.8718716 -0.3652818 0.326204 -0.945808 -0.07779294 0.3152706 -0.9858205 -7.06203e-4 0.1678017 -0.9995808 3.88147e-4 -0.02895212 -0.9578536 -0.2242102 -0.1795728 -0.8381677 -0.5365158 -0.09811109 -0.8057631 -0.5916945 0.02536815 -0.7730513 -0.6341337 0.01631778 -0.7916596 -0.5876033 0.1673244 -0.8489328 -0.4938 0.1883474 -0.9057279 -0.4237723 -0.008607745 -0.8330553 -0.5531169 0.008987545 -0.9737014 -0.2214793 -0.05340868 -0.9886038 -0.1500782 0.01180231 -0.9828486 -0.1430337 0.1164049 -0.7233115 -0.6763564 0.1391492 -0.7964075 -0.538103 0.2760076 -0.8382583 -0.351464 0.416889 -0.889662 -0.1996234 0.4106727 -0.9411683 -0.114071 0.318104 -0.9460994 -0.09401667 0.3099305 -0.775667 -0.08103853 0.6259182 -0.7777498 0.01434898 0.6284103 -0.737066 -0.2085011 0.6428539 -0.6939225 -0.3765524 0.6137425 -0.6396912 -0.5659206 0.520124 -0.5959937 -0.7339421 0.3257615 -0.3611552 -0.8025403 0.4748646 -0.3771282 -0.6417853 0.6677471 -0.1495673 -0.6545493 0.741077 -0.1426203 -0.84807 0.51033 -0.45156 -0.4088789 0.7930395 -0.4976938 -0.1987395 0.8442768 -0.5172174 -0.03145855 0.8552758 -0.5235421 0.08795702 0.8474475 -0.27361 0.1198328 0.9543468 -0.2544614 -0.02827721 0.9666694 -0.2126247 -0.2126494 0.9537143 -0.1903206 -0.4398072 0.8776946 -0.8210771 -0.5521078 -0.1449471 -0.9256612 -0.3671482 -0.09139835 -0.8068047 -0.5681681 -0.1620231 -0.9099314 -0.3817265 -0.1622029 -0.973286 -0.2177087 -0.07292079 -0.9521372 -0.2418217 -0.1869684 -0.8289496 -0.4336731 -0.3532282 -0.866281 -0.2811981 -0.4128981 -0.6650412 -0.4685987 -0.5814942 -0.7289505 -0.4712332 -0.4965587 -0.3873364 -0.5974876 -0.7021247 -0.4101494 -0.6427418 -0.6470398 -0.9886423 -0.1493728 -0.01655948 -0.9554205 -0.2458289 -0.1635234 -0.9925642 -0.08980196 0.08217179 -0.9345816 0.05551522 0.3513906 -0.7486714 0.1603883 0.6432471 -0.4875316 0.2605001 0.8333383 -0.2580287 0.3216036 0.9110391 -0.8874894 -0.3395494 -0.3115588 -0.7554057 -0.5205883 -0.3979321 -0.3971382 -0.7045713 -0.588099 -0.6014852 0.4292334 0.6737761 -0.5810154 0.5064764 0.6371051 -0.9641457 0.0815041 0.2525477 -0.978967 -0.2029361 -0.02099227 -0.8944212 -0.3749133 -0.2438252 -0.62764 -0.6453201 -0.4354653 -0.9684045 -0.2474596 0.03092676 -0.9498887 0.08175331 0.3017085 -0.5072221 0.4322081 0.7456017 -0.5927657 -0.7346229 -0.330088 -0.6367068 -0.7210082 -0.2734076 -0.8835947 -0.4405442 -0.1586858 -0.8909844 -0.4517316 -0.04566556 -0.9683021 -0.2277737 0.1025196 -0.8909729 0.06616318 0.4492105 -0.407202 0.1072492 0.9070195 -0.03716415 0.1040894 0.9938733 -0.8139984 -0.2312099 0.5328685 -0.9588519 -0.2671499 0.09609425 -0.9193319 -0.3924903 -0.02793288 -0.6375786 -0.6916385 -0.3393079 -0.9754989 -0.2173968 0.03377401 -0.9420753 -0.3285118 -0.06763362 -0.6510072 -0.6284804 -0.4256784 -0.6338101 -0.5612363 -0.5322582 -0.9866265 0.1458858 0.07270306 -0.9991896 -0.03709679 -0.0156297 -0.9783102 -0.2070447 0.006459116 -0.9572698 -0.2862626 -0.04109048 -0.50259 -0.5430166 -0.6727083 -0.1544438 -0.4431806 -0.8830278 -0.9811934 0.03375917 -0.1900519 -0.966111 0.2578965 -0.01090329 -0.8792774 0.2813329 -0.3843478 -0.89019 -0.2283703 -0.3942193 -0.8579218 -0.2524362 -0.4474886 -0.8375847 0.4133769 -0.3571713 -0.8547601 0.4117408 -0.3159978 -0.8912714 -0.3580206 -0.2783102 -0.9346967 -0.1633035 -0.3157123 -0.9308719 0.1950128 -0.308946 -0.8574122 -0.2535267 -0.4478489 -0.8782975 0.2826374 -0.3856292 -0.610062 0.5621249 -0.5584264 -0.7565378 0.3750725 -0.5356972 -0.4524355 0.7645954 -0.4590165 -0.6101327 0.5618973 -0.5585781 -0.4044528 0.8299039 -0.3842881 -0.476361 0.7953279 -0.3748784 -0.9129225 0.3223834 -0.2502829 -0.9277687 0.3570031 -0.1086008 -0.4357287 0.8321194 -0.3431006 -0.5492811 0.8242728 -0.1373484 0.2142639 0.8879876 -0.4069017 0.2075759 0.9411557 -0.2667174 0.09951251 0.889611 -0.4457462 0.07249331 0.8705613 -0.4866908 -0.02530604 0.7792542 -0.6261969 -0.232828 0.6311891 -0.7398591 -0.180424 -0.504676 -0.8442448 -0.5878466 -0.4911388 -0.6428211 -0.5177118 -0.5476722 -0.6572897 0.127936 -0.5315251 -0.8373252 -0.4836853 -0.6938071 -0.5335544 -0.5180485 -0.547212 -0.6574077 -0.4783888 -0.7903538 -0.3827337 0.5637664 0.6584836 -0.4985648 0.7141775 0.5858549 -0.3830464 0.4177653 0.680338 -0.6021731 0.2594227 0.6693563 -0.6961768 0.7454803 0.6034204 -0.2830954 0.03928017 0.5422381 -0.8393063 0.5124728 0.2168077 -0.8308828 0.7660872 0.1147916 -0.6324028 0.2453021 -0.7225136 -0.6463753 0.1278892 -0.5314213 -0.8373984 -0.8735887 -0.3807677 -0.3030824 -0.8609968 0.3546678 -0.3645483 -0.7742326 0.5152567 0.3675248 0.1640035 0.1892917 -0.9681279 -0.04319906 0.4882944 -0.8716092 0.1641158 0.1893637 -0.9680947 0.03952741 0.5425024 -0.8391239 0.3252609 -0.255678 -0.9104033 0.09566414 -0.3102443 -0.9458313 0.5124105 0.216928 -0.8308897 0.3250163 -0.2556346 -0.9105029 0.6830106 -0.3438837 -0.6443917 0.1640169 0.1893635 -0.9681115 -0.08835351 0.4451987 -0.8910622 -0.2327535 0.6313532 -0.7397425 -0.3516485 0.498477 -0.7923787 -0.3859046 0.4204487 -0.8211581 -0.7950097 0.4058374 -0.450839 -0.3729987 0.310909 -0.8741897 -0.1379578 0.2866877 -0.948039 -0.772845 0.2164021 -0.5965576 -0.2958589 0.2570574 -0.9199941 -0.09478574 0.2593324 -0.9611257 0.132517 0.3557062 0.9251554 -0.2234076 0.6818138 0.6965767 -0.2774607 0.5926204 0.7561856 5.68394e-4 0.6935573 0.7204012 0.1247674 0.6028811 0.788015 -0.3944614 0.6257268 0.6729533 -0.917998 0.372154 -0.1370446 -0.3324797 0.6292746 0.7024748 -0.5086 0.7684378 -0.3883679 -0.2068412 0.5278418 0.8237718 -0.6455743 0.6918952 -0.3232874 -0.53036 0.7932764 -0.2990501 -0.2066326 0.5275979 0.8239803 -0.981064 -0.1487175 0.1240835 -0.8486035 0.4596889 0.2618362 -0.9178054 -0.3900358 -0.074198 -0.6086291 0.6029298 0.5157969 -0.8485869 0.4597249 0.2618272 -0.8485425 0.4597506 0.2619255 -0.3181648 0.09277111 -0.9434854 -0.1314633 0.2248231 -0.9654906 -0.1057462 0.2556541 -0.9609677 -0.9178268 -0.389984 -0.07420581 -0.03731274 -0.2125025 -0.9764479 -0.84857 0.4596828 0.2619558 -0.03717857 -0.2126122 -0.9764292 -0.9810512 -0.1487602 0.1241328 -0.6455312 0.6919607 -0.3232337 0.06399786 -0.0498026 -0.9967066 0.06405669 -0.04995661 -0.9966951 -0.5303937 0.7932651 -0.2990202 0.02108114 -0.09215921 -0.9955211 -0.5085511 0.7684694 -0.3883692 0.02103406 -0.0920937 -0.9955282 0.124086 0.6023678 0.788515 0.164575 0.3625955 0.9173002 0.1341845 0.3562469 0.9247068 0.2079101 0.6126618 0.7625083 5.28407e-4 0.6928154 0.7211148 0.006496012 0.7818222 0.6234677 0.3821284 0.3730548 0.8454633 0.3937194 0.6119839 0.6859015 0.492469 0.4993848 0.7128037 0.4365859 0.6355095 0.6368049 0.4981026 0.5082984 0.7025145 0.4366021 0.5508644 0.7112855 0.5289281 0.292793 0.7965599 0.5441031 0.262013 0.7970578 0.5179253 0.2376946 0.8217388 0.2905996 0.03004854 0.9563729 -0.03712463 0.1041568 0.9938678 -0.2373182 -0.4772383 0.8461228 -0.4071782 0.1075081 0.9069995 0.02769714 -0.1083778 0.9937239 -0.5728589 -0.6713193 0.4702798 -0.814101 -0.2309816 0.5328106 0.1112585 -0.483118 0.8684577 0.4523494 -0.2750254 0.8483756 0.5182347 -0.2482189 0.8184254 0.5695517 -0.3009229 0.7648898 -0.2230802 0.6818029 0.6966922 0.1487435 0.6988582 0.6996233 -0.77432 0.5151802 0.367448 -0.2768912 0.5928232 0.7562354 -0.7742779 0.5152226 0.3674773 0.3793261 0.7451304 0.5485367 0.3818352 0.4978883 -0.7786586 0.4296623 0.5245288 0.7350238 0.4535956 0.4581661 0.764418 0.5060294 0.4771532 0.7185117 0.548244 0.3488691 0.7600783 0.6717852 -0.2531657 0.6961408 0.5968909 0.2551292 0.7606776 0.6303718 -0.495002 0.5980005 -0.3654775 0.8484937 -0.3827332 0.5385458 0.3327768 0.7740983 0.4909122 0.4790332 0.7276898 -0.5312801 0.8262522 -0.1872133 0.5890415 -0.3834504 0.711334 -0.8311934 -0.555876 0.01092988 -0.9589283 -0.2668877 0.09606009 -0.2009704 -0.8931878 0.4022764 0.114044 -0.8843281 0.4527226 0.1512164 -0.8968713 0.4156388 0.1757156 -0.9443466 0.2780893 0.1512311 -0.9867841 -0.05819284 0.06823509 -0.9889792 -0.1313931 -0.5313335 -0.8158015 -0.2283697 -0.4010259 -0.8529028 -0.334268 -0.3874919 -0.8508325 -0.3548721 -0.975515 -0.2172721 0.03411191 -0.9008991 -0.3560301 -0.2482403 -0.7602652 -0.1750729 -0.6255769 -0.9812022 0.03379976 -0.1899996 -0.9865821 0.1457113 0.07364797 -0.8573731 -0.2437724 -0.4533061 -0.978324 -0.2069721 0.006690144 -0.408693 -0.793904 -0.4502074 -0.6537975 -0.5096783 -0.5592646 -0.5695593 -0.4381514 -0.6954319 -0.5635064 -0.3930335 -0.726626 -0.5460361 -0.4122517 -0.7293101 -0.6063614 -0.3959941 -0.6895757 -0.5113814 -0.6080944 -0.6072152 -0.5224483 -0.5726731 -0.6317384 -0.6216705 -0.399233 -0.6738982 -0.6326626 -0.4416229 -0.6361662 -0.5726652 -0.4484907 -0.6862294 -0.7743124 0.5151899 0.3674505 0.3818283 0.4978674 -0.7786753 -0.3654838 0.8484941 -0.3827264 -0.1077169 -0.9921391 -0.06369709 -0.6063985 -0.5201054 -0.6014743 -0.5724847 -0.4639133 -0.6760516 -0.5312758 0.8262442 -0.1872604 -0.5153225 -0.5075856 -0.6905068 -0.5715823 0.8121402 -0.1171411 -0.5311914 -0.5448864 -0.6487947 -0.5715785 0.8121437 -0.1171356 0.4665233 0.5263738 0.7108352 0.4726866 0.4941005 0.7296795 -0.1636153 -0.7264992 0.6674046 -0.8010796 -0.05353915 0.5961585 0.2889482 -0.8465074 -0.4471399 -0.4955482 -0.8589506 -0.1289801 0.3185056 -0.9275504 -0.1954597 0.8755514 0.1473879 -0.4600942 0.8120007 -0.3887037 -0.4353898 0.7660488 0.1149078 -0.6324284 0.8754833 0.1476405 -0.4601428 0.8521999 -0.4387927 -0.2849853 0.4226363 -0.9020372 0.08779221 0.9013477 -0.4207506 0.1026716 0.8547866 -0.5149459 -0.06458032 0.4829081 -0.8088079 0.3356036 0.9629696 0.04648685 -0.2655722 0.9629889 0.04631584 -0.2655324 0.9901856 0.1088377 -0.08767509 0.9901774 0.1088886 -0.08770382 0.791317 0.5842549 -0.1801773 0.3360462 0.9404081 0.0520159 0.9866899 0.1366626 -0.08812814 0.9866707 0.1367877 -0.08814811 0.9183725 -0.3578943 0.1688303 0.5660189 -0.6383645 0.5216451 -0.9491807 0.3109627 0.04856115 -0.5262046 0.8357042 0.1571856 0.2955142 0.03726601 0.9546113 -0.7703649 -0.1115416 0.6277711 0.2550245 -0.08828926 0.9628954 -0.7159069 -0.06205081 0.695433 -0.9926056 0.08768922 -0.08393442 -0.9561975 -0.07626098 -0.2826142 0.2034694 -9.27354e-4 0.9790809 -0.6595295 -0.1082206 0.7438476 -0.97903 0.161297 -0.1244335 0.2051818 -0.004629194 0.9787129 -0.641936 -0.06121033 0.7643111 0.2452862 0.4860624 0.8387957 -0.4843524 0.4298191 0.7620094 -0.9950186 0.06419956 -0.0762661 -0.9704923 0.2410444 -0.006509244 -0.2886635 0.3075401 -0.9066932 -0.2084801 0.5707226 -0.7942367 -0.3248084 -0.05989944 -0.9438811 -0.208483 0.57069 -0.7942593 0.6380141 0.276699 -0.7185928 0.6390635 0.5222993 -0.564625 -0.2887678 0.3075407 -0.9066599 -0.3248003 -0.05993258 -0.9438819 0.7541557 0.05124896 -0.654693 0.9411647 0.2954769 0.1640197 0.9613822 0.1575583 0.225654 0.855333 0.3886 0.3426304 -0.9987463 -0.03116905 -0.03917074 -0.758889 0.1226695 0.6395623 0.01770317 0.3808987 0.9244474 -0.4472117 0.6722753 0.5899557 0.5113247 0.6858621 0.5178226 0.5756404 0.03455895 -0.8169724 0.9673524 0.1555595 0.2000769 0.9641481 -0.007162034 0.2652683 0.6909066 0.2981079 -0.6586196 0.8952759 0.4201832 -0.1480789 0.5113098 0.6859754 0.5176872 0.9109299 0.2403071 0.3353495 -0.4472545 0.6724076 0.5897724 0.9672939 0.101222 -0.232587 -0.3370969 -0.9212903 0.1938812 -0.2823255 -0.8520622 0.4407749 -0.1763786 -0.7099668 0.6817901 -0.908369 -0.4045191 -0.1059729 -0.9173159 -0.3746032 0.1349232 -0.8729529 -0.3672394 0.3210741 -0.4759482 0.2565152 0.8412332 -0.8344858 0.5509701 -0.008094072 -0.5242189 0.3389729 0.7812119 -0.8544135 0.5193379 0.01630181 0.304634 0.06608265 0.9501743 0.165771 0.05397474 0.9846861 0.8045672 0.4903646 0.334984 0.7450366 0.5384703 0.3936625 0.9672498 0.101454 -0.2326691 0.9795379 0.0897907 0.1801201 0.699435 0.4702702 -0.538179 0.6434419 0.4061637 -0.6488556 0.7588979 0.006791293 -0.6511743 0.8950461 0.4205573 -0.1484052 0.712683 0.1595382 -0.6831036 -0.4441626 0.2363895 -0.8641989 -0.499907 0.3446586 -0.794546 -0.3984882 -0.03773272 -0.9163971 -0.426275 -0.0267173 -0.904199 -0.4178302 0.2418848 -0.8757338 -0.3985025 -0.03769624 -0.9163922 -0.4263328 -0.02672195 -0.9041716 -0.4178743 0.2419089 -0.8757061 -0.464867 0.2550941 -0.847836 -0.8544565 0.5192791 0.01592022 -0.8652341 0.494336 0.08367741 -0.4438596 0.2366702 -0.8642776 0.5276181 -0.2546674 0.8104097 0.8039327 0.4139557 0.4270046 0.4572271 0.04653829 0.8881315 0.7457438 0.5372939 0.3939308 0.3045856 0.06635451 0.9501709 0.1073665 -0.2882833 0.9515069 -0.2211411 -0.6048619 0.7650089 -0.6345347 -0.4937149 0.5946524 -0.2212623 -0.6048048 0.7650192 -0.07070124 -0.3852633 0.9200944 0.06595629 -0.2932922 0.9537451 -0.4767843 0.2597939 0.8397523 -0.5462959 0.1910122 0.8155215 0.3700858 -0.2336989 0.8991226 0.2395868 -0.3980739 0.8855142 -0.1455989 -0.139455 0.9794659 0.2399823 -0.3979228 0.885475 -0.09292232 -0.239863 0.9663495 0.3155815 -0.1167458 0.9416893 -0.5162426 -0.2443396 0.8208483 0.3150166 -0.1170892 0.9418358 -0.516129 -0.2445926 0.8208444 0.3474463 -0.02960759 0.9372324 -0.646234 -0.003197371 0.7631327 -0.9013615 -0.3109846 -0.3013905 -0.9892703 0.00384283 -0.1460462 -0.1465614 -0.5664308 0.8109723 0.5006457 -0.8638759 -0.05543082 0.8360773 -0.548094 0.02382773 -0.9014124 -0.3108405 -0.3013868 -0.2509344 -0.9414052 -0.2253626 0.5008302 -0.8637665 -0.05546808 -0.4441631 0.2364034 -0.8641948 0.3993038 -0.2602902 -0.8790937 -0.5000128 0.3447037 -0.7944599 0.2266134 -0.3324673 -0.9154846 0.08570468 -0.6684863 0.7387698 0.9734956 -0.06333309 0.2197624 0.892457 -0.3063197 0.3311935 0.8925818 -0.3061102 0.3310505 0.6077314 -0.7110997 -0.3535532 -0.2920691 -0.8249173 -0.4839495 -0.7526395 -0.5595366 -0.3470627 -0.2920792 -0.8248856 -0.4839975 -0.3463646 -0.0026232 -0.9380964 -0.1536687 -0.05600911 -0.9865339 0.6070688 -0.2713629 -0.7468799 0.6645033 -0.04010361 -0.7462086 0.60699 -0.2714819 -0.7469008 -0.1537279 -0.05604273 -0.9865227 -0.3464505 -0.002618074 -0.9380646 -0.09741777 -0.3191211 -0.9426938 -0.1536539 -0.05599683 -0.9865368 0.2266691 -0.3324346 -0.9154826 -0.09747272 -0.3192334 -0.94265 0.03702914 -0.09519785 -0.9947695 -0.153801 -0.05608385 -0.9865089 0.6071332 -0.2714172 -0.7468078 -0.01028203 -0.09021073 -0.9958697 0.2267299 -0.3324674 -0.9154557 0.06374943 -0.3293251 -0.9420621 -0.2921454 -0.8249043 -0.4839257 0.6077447 -0.7111798 -0.3533692 -0.1563786 -0.1147125 -0.9810132 0.01727426 -0.1196401 -0.9926671 0.01724457 -0.1197061 -0.9926596 -0.1564233 -0.1147348 -0.9810034 0.01719051 -0.1195214 -0.9926828 0.6009659 0.445263 -0.6637628 0.699624 0.4703204 -0.5378894 -0.009673118 -0.03700447 -0.9992683 0.6996464 0.4703553 -0.5378298 0.1112704 0.01189225 -0.9937191 0.6010157 0.4452891 -0.6637001 0.7383418 0.4699444 -0.4837393 -0.8947051 0.4294778 0.1226854 -0.7720339 -0.3696891 0.5170045 -0.9626105 0.02575916 0.269662 -0.9212695 0.331695 0.2030789 -0.7230726 -0.02420151 0.690348 -0.9212848 0.3315401 0.2032628 -0.9525552 0.1765742 0.2479119 -0.8782351 0.4768707 -0.0360229 -0.9795373 0.1569072 -0.1260435 -0.9047378 0.3774938 -0.1973528 -0.9796046 0.1566406 -0.1258519 -0.4528102 0.05012375 -0.890197 -0.5642573 0.3854542 -0.7300952 -0.452757 0.0500642 -0.8902274 0.5666095 0.2071896 -0.7975125 0.7127079 0.159375 -0.6831157 0.5666091 0.2072088 -0.7975079 0.7383527 0.4699788 -0.4836891 0.1709302 0.131406 -0.9764811 0.5666453 0.207227 -0.7974774 -0.04831993 0.05457621 -0.9973398 -0.40674 0.2000328 -0.891375 -0.4528124 0.04985576 -0.8902108 0.7127834 0.1593347 -0.6830464 -0.4093534 -0.7951776 0.4473504 -0.1735427 -0.8426606 0.509712 -0.5909817 -0.7479464 0.3021867 -0.7006928 -0.6784542 0.2207478 -0.7874076 -0.4755493 0.3922273 -0.08350038 -0.600497 0.7952554 -0.4870321 -0.6173639 0.6177877 -0.8710585 -0.4476111 0.2022413 -0.6554102 -0.5871085 0.4751222 -0.3945406 -0.6916378 0.6049587 -0.7317982 -0.6584987 0.1756442 -0.5303643 -0.7992008 0.2828283 -0.6763706 -0.6040108 0.4215375 -0.6275198 -0.5802313 0.5191826 -0.6197891 -0.7129764 0.327912 -0.7654466 -0.6280065 0.1403546 -0.8612694 -0.5069697 0.03459852 -0.8879748 -0.4594799 0.01946926 -0.7419462 -0.6672192 0.06583732 -0.9179887 -0.3964675 -0.01050376 -0.8615637 -0.4999054 0.08833324 -0.8259878 -0.5359292 0.1747118 -0.864852 -0.4919811 0.09992831 -0.8238304 -0.5129815 -0.24115 -0.702288 -0.4082445 -0.5832049 -0.7344141 -0.2885081 -0.614328 -0.5281513 0.2638981 -0.8071022 -0.8568164 -0.09822976 -0.5061785 -0.4993263 0.1274114 -0.8569945 -0.7996259 -0.08440405 -0.5945373 -0.3679059 -0.4439481 -0.8170406 -0.3999899 -0.1065031 -0.9103106 -0.7550242 -0.2156477 -0.6192209 -0.792509 -0.1074699 -0.6003164 -0.8457038 0.0748282 -0.5283805 -0.7715666 0.07692795 -0.6314802 -0.7925217 -0.1074857 -0.6002967 -0.2508266 0.5848767 -0.771366 -0.8457136 0.0747978 -0.5283691 -0.7187792 -0.1375145 -0.681503 -0.7669514 -0.2418299 -0.5943937 -0.7926864 -0.2786843 -0.5422025 -0.7514237 -0.4024008 -0.5229112 -0.659789 -0.605128 -0.4455318 -0.4953988 -0.796596 -0.3464318 -0.5681446 -0.8227193 0.01856988 -0.6959508 -0.6805478 0.2291444 -0.7129697 -0.6946091 0.09587848 -0.7168188 -0.6928376 0.07840257 -0.7206705 -0.6567637 0.2220258 -0.7029814 -0.6775049 0.216343 -0.5466073 -0.8160328 0.187912 -0.5466614 -0.8160057 0.1878722 -0.0408675 -0.6571897 0.7526166 -0.7030072 -0.6774915 0.2163009 0.006291627 -0.6509193 0.759121 -0.7207053 -0.6567432 0.2219737 -0.103173 -0.7735816 0.6252414 0.04450094 -0.7443113 0.6663485 -0.7168593 -0.6927959 0.07840037 0.003167033 -0.7154875 0.6986184 -0.7130159 -0.6945742 0.09578621 -0.2736939 -0.7421225 0.6118382 -0.4450941 -0.7932009 0.4156004 -0.3989131 -0.7146657 0.5745618 -0.1486861 -0.617914 0.7720587 -0.1249313 -0.7270003 0.6751762 -0.3691792 -0.6763753 0.6373565 -0.7715793 0.07687765 -0.6314707 0.09932756 0.5669742 -0.8177251 -0.7188451 -0.137571 -0.681422 0.2232976 0.4211784 -0.8790603 -0.7670025 -0.2418336 -0.5943264 0.1393567 0.291749 -0.9462888 0.4870145 0.5071662 -0.7110552 0.5179005 0.3575514 -0.7771334 0.4459815 -0.4257653 -0.7872894 0.02321749 -0.7192164 0.6943981 -0.6959795 -0.6805201 0.2291397 0.1737444 -0.9415508 0.288609 -0.5681801 -0.8226953 0.01854187 0.1151585 -0.902657 0.414667 0.1937788 -0.7860149 -0.5870524 -0.4955559 -0.7965121 -0.3463999 0.4741435 -0.8764274 0.08404201 0.7186531 -0.4860672 -0.4972691 0.6717533 -0.002395153 -0.7407711 0.8240329 -0.06322133 -0.5630035 0.6390525 0.2766366 -0.7176938 0.2214003 0.1369358 -0.9655209 -0.7926843 -0.2786943 -0.5422004 -0.7514576 -0.4024065 -0.522858 0.07078194 -0.2702246 -0.960192 0.05944353 -0.1323335 -0.9894212 -0.6598228 -0.6051467 -0.4454563 0.7351804 -0.5740603 -0.3605059 0.6671824 0.1149861 -0.735966 -0.5737444 0.4115488 0.7081277 -0.9515133 0.2959959 -0.08371913 -0.5931413 0.155696 0.7899001 -0.9843935 0.1646966 -0.06200397 0.2376437 -0.2442291 0.9401477 0.4192708 -0.111095 0.9010382 0.6878762 -0.7106075 0.1478619 0.6568081 -0.7135297 0.2438824 -0.508467 -0.7282491 -0.4594722 0.25969 -0.4827718 -0.8363568 0.04335153 -0.8149418 -0.5779191 -0.755153 -0.2926242 -0.5866133 -0.5750463 0.06755101 -0.8153274 -0.7552604 -0.2924613 -0.5865564 -0.5753237 0.06763392 -0.8151248 0.4617495 -0.1715167 0.8702698 0.8958303 -0.4442988 0.009321331 0.7992221 -0.6009519 0.01004326 0.4219539 -0.08951693 0.9021872 0.1623939 -0.6573725 -0.7358598 0.5106995 -0.1770115 -0.8413401 0.5202158 -0.3693105 -0.7700555 0.8903729 -0.4505711 0.06497418 -0.6521071 -0.161553 -0.7407138 -0.4049301 0.400472 -0.8219816 -0.3690331 0.183593 -0.9111028 -0.7839822 0.6204969 0.01886242 -0.4048729 0.4004229 -0.8220338 -0.6520834 -0.1615541 -0.7407344 -0.9428195 0.3333037 -1.56861e-4 -0.7932305 0.6088833 0.006831943 -0.3689678 0.183562 -0.9111354 -0.5517005 0.3540164 0.7551815 -0.4319481 0.3912063 0.8126369 0.4704488 -0.05137819 0.8809303 -0.3977471 0.4355892 0.807502 0.3771287 0.05976843 0.9242303 0.9850685 -0.01747769 0.1712738 0.444175 0.01408672 0.8958294 0.9918915 -0.06506729 0.1091679 0.3171718 -0.04726505 0.9471896 0.9649556 -0.2534461 0.06801438 0.5876033 -0.3630619 -0.7231242 0.6052151 -0.580197 -0.5450563 0.642776 -0.01429307 -0.7659209 0.6393809 0.00559771 -0.7688698 0.9920968 0.08554816 0.09179121 -0.305365 -0.6862107 -0.6602023 -0.3416163 -0.3888924 -0.8556056 -0.3771368 0.02409386 -0.9258442 -0.358102 0.02816456 -0.9332576 -0.3415638 -0.3889282 -0.8556103 -0.9029819 -0.3896467 -0.181105 -0.9662406 -0.1500153 -0.2094628 -0.3052462 -0.6862579 -0.6602082 -0.3771032 0.02406245 -0.9258587 -0.9808647 0.06215673 -0.1845023 -0.3580601 0.02817195 -0.9332734 -0.962969 0.08571892 -0.2556226 -0.6653757 -0.1008614 0.7396636 -0.7531035 -0.1464521 0.6413946 -0.6748149 0.1182422 0.728453 -0.7085611 0.1636419 0.6864128 0.4241581 0.1519098 0.892756 0.07144391 -0.4082819 -0.9100559 -0.462796 -0.8486806 -0.256049 -0.6263878 -0.7072489 -0.3277763 0.274966 -0.6182047 -0.7363537 -0.1851286 -0.008706212 -0.9826759 -0.836176 -0.4170889 -0.3561555 -0.7041172 -0.5276188 0.4752234 -0.5616323 -0.6207463 0.5470314 -0.6988577 -0.3389526 0.6298484 -0.7749494 -0.3024678 0.5549476 -0.8067488 -0.4346163 -0.4003313 0.08557754 0.04155308 0.9954646 0.2138376 -0.03667247 0.9761807 0.1268061 0.1793789 0.9755735 -0.04233509 0.2826375 0.9582921 0.753434 0.568233 0.3308302 0.8813297 0.3632317 0.3021934 0.8647865 0.4097239 0.2902941 0.6827715 0.6218979 0.383492 0.9151379 -0.0382322 -0.4013241 0.81779 0.09024149 -0.5683977 0.6042557 0.4880893 -0.6297968 -0.1851748 -0.008691191 -0.9826672 0.07142198 -0.4082967 -0.910051 0.2748625 -0.6182721 -0.7363358 -0.1619701 -0.04595208 -0.9857252 0.6453431 0.5074363 -0.5709999 -0.1619469 -0.04592752 -0.9857302 0.7931813 0.2378404 -0.5606206 0.894316 0.2312021 0.3830726 0.1046949 -0.2966773 -0.9492217 0.1047057 -0.2966659 -0.949224 -0.5906904 -0.7741607 -0.2275086 0.4362386 -0.7469262 -0.501794 -0.4467918 -0.6840468 0.576591 0.2401538 -0.3331108 0.9117914 0.718202 -0.175772 -0.6732683 0.9278237 -0.262821 0.2647046 0.2442404 -0.2604266 0.9340903 -0.5874862 -0.2469949 0.7706189 -0.9545948 -0.2761319 -0.111803 0.04888308 -0.8588178 -0.5099437 -0.2178559 -0.2627104 -0.9399585 -0.2179029 -0.2627162 -0.9399461 0.003919184 0.854802 -0.5189397</float_array>
          <technique_common>
            <accessor source="#Mesh-mesh-normals-array" count="1466" stride="3">
              <param name="X" type="float"/>
              <param name="Y" type="float"/>
              <param name="Z" type="float"/>
            </accessor>
          </technique_common>
        </source>
        <source id="Mesh-mesh-map-0">
          <float_array id="Mesh-mesh-map-0-array" count="14364">0.7798555 0.2634518 0.778731 0.260986 0.7831804 0.2597278 0.778731 0.260986 0.7810881 0.2569797 0.7831804 0.2597278 0.7827316 0.2637982 0.7798555 0.2634518 0.7831804 0.2597278 0.7857972 0.2620772 0.7827316 0.2637982 0.7831804 0.2597278 0.7831804 0.2597278 0.7810881 0.2569797 0.786108 0.2556789 0.7879769 0.2579416 0.7857972 0.2620772 0.7831804 0.2597278 0.7879769 0.2579416 0.7831804 0.2597278 0.786108 0.2556789 0.7810881 0.2569797 0.7869933 0.2496058 0.786108 0.2556789 0.7869933 0.2496058 0.7810881 0.2569797 0.7778866 0.2530743 0.7723882 0.2604362 0.7778866 0.2530743 0.778731 0.260986 0.7778866 0.2530743 0.7810881 0.2569797 0.778731 0.260986 0.774423 0.2667274 0.778731 0.260986 0.7798555 0.2634518 0.778731 0.260986 0.774423 0.2667274 0.7723882 0.2604362 0.7798555 0.2634518 0.7814211 0.2684026 0.774423 0.2667274 0.7814211 0.2684026 0.7798555 0.2634518 0.7827316 0.2637982 0.7886323 0.2647251 0.7827316 0.2637982 0.7857972 0.2620772 0.7827316 0.2637982 0.7886323 0.2647251 0.7814211 0.2684026 0.7879769 0.2579416 0.7886323 0.2647251 0.7857972 0.2620772 0.7928174 0.2543902 0.7886323 0.2647251 0.7879769 0.2579416 0.7869933 0.2496058 0.7879769 0.2579416 0.786108 0.2556789 0.7879769 0.2579416 0.7869933 0.2496058 0.7928174 0.2543902 0.7869933 0.2496058 0.7926846 0.2381159 0.8004467 0.2426695 0.8004467 0.2426695 0.7928174 0.2543902 0.7869933 0.2496058 0.7988224 0.2263399 0.8004467 0.2426695 0.7926846 0.2381159 0.8004467 0.2426695 0.7988224 0.2263399 0.8063 0.2317806 0.8004467 0.2426695 0.8033015 0.2603871 0.7928174 0.2543902 0.8033015 0.2603871 0.8004467 0.2426695 0.8096073 0.2488731 0.8033015 0.2603871 0.7886323 0.2647251 0.7928174 0.2543902 0.7886323 0.2647251 0.8033015 0.2603871 0.7949603 0.2717142 0.7949603 0.2717142 0.7814211 0.2684026 0.7886323 0.2647251 0.7814211 0.2684026 0.7949603 0.2717142 0.7833698 0.2806276 0.7833698 0.2806276 0.770332 0.2797001 0.7814211 0.2684026 0.770332 0.2797001 0.774423 0.2667274 0.7814211 0.2684026 0.7926846 0.2381159 0.7781292 0.2391067 0.7864543 0.2313357 0.7781292 0.2391067 0.7926846 0.2381159 0.7869933 0.2496058 0.7781292 0.2391067 0.7778866 0.2530743 0.7708563 0.246173 0.7778866 0.2530743 0.7781292 0.2391067 0.7869933 0.2496058 0.7708563 0.246173 0.7723882 0.2604362 0.7640665 0.2542432 0.7723882 0.2604362 0.7708563 0.246173 0.7778866 0.2530743 0.7640665 0.2542432 0.7723882 0.2604362 0.7610512 0.265493 0.774423 0.2667274 0.7610512 0.265493 0.7723882 0.2604362 0.770332 0.2797001 0.7575532 0.2749807 0.7610512 0.265493 0.7610512 0.265493 0.774423 0.2667274 0.770332 0.2797001 0.7575532 0.2749807 0.7434691 0.2673647 0.7486853 0.2586653 0.7486853 0.2586653 0.7610512 0.265493 0.7575532 0.2749807 0.7486853 0.2586653 0.7640665 0.2542432 0.7610512 0.265493 0.7640665 0.2542432 0.7486853 0.2586653 0.7548791 0.2478101 0.7548791 0.2478101 0.7624787 0.2381594 0.7640665 0.2542432 0.7624787 0.2381594 0.7708563 0.246173 0.7640665 0.2542432 0.7781292 0.2391067 0.7708563 0.246173 0.7717936 0.230611 0.7624787 0.2381594 0.7717936 0.230611 0.7708563 0.246173 0.7864543 0.2313357 0.7781292 0.2391067 0.7822613 0.225373 0.7822613 0.225373 0.7781292 0.2391067 0.7717936 0.230611 0.7717936 0.230611 0.7795355 0.2160646 0.7822613 0.225373 0.7795355 0.2160646 0.7717936 0.230611 0.7678422 0.2201689 0.7795355 0.2160646 0.7678422 0.2201689 0.7640181 0.2131131 0.7640181 0.2131131 0.7796826 0.2079409 0.7795355 0.2160646 0.7547898 0.2296569 0.7717936 0.230611 0.7624787 0.2381594 0.7717936 0.230611 0.7547898 0.2296569 0.7678422 0.2201689 0.7447414 0.239432 0.7624787 0.2381594 0.7548791 0.2478101 0.7624787 0.2381594 0.7447414 0.239432 0.7547898 0.2296569 0.7434691 0.2673647 0.7360275 0.2501213 0.7486853 0.2586653 0.7360275 0.2501213 0.7434691 0.2673647 0.7310607 0.2605609 0.7360275 0.2501213 0.7548791 0.2478101 0.7486853 0.2586653 0.7548791 0.2478101 0.7360275 0.2501213 0.7447414 0.239432 0.7201651 0.2532156 0.7360275 0.2501213 0.7310607 0.2605609 0.7360275 0.2501213 0.7201651 0.2532156 0.7272064 0.2423747 0.7073479 0.2451837 0.7272064 0.2423747 0.7201651 0.2532156 0.7272064 0.2423747 0.7073479 0.2451837 0.7152447 0.2326558 0.7272064 0.2423747 0.7447414 0.239432 0.7360275 0.2501213 0.7447414 0.239432 0.7272064 0.2423747 0.7361727 0.2315915 0.7152447 0.2326558 0.7361727 0.2315915 0.7272064 0.2423747 0.7361727 0.2315915 0.7152447 0.2326558 0.7270722 0.2211055 0.7361727 0.2315915 0.7547898 0.2296569 0.7447414 0.239432 0.7547898 0.2296569 0.7361727 0.2315915 0.7503179 0.2214466 0.7678422 0.2201689 0.7547898 0.2296569 0.7503179 0.2214466 0.7503179 0.2214466 0.7640181 0.2131131 0.7678422 0.2201689 0.7640181 0.2131131 0.7625243 0.2033259 0.7796826 0.2079409 0.7625243 0.2033259 0.7789613 0.199558 0.7796826 0.2079409 0.7449539 0.2101168 0.7640181 0.2131131 0.7503179 0.2214466 0.7640181 0.2131131 0.7449539 0.2101168 0.7625243 0.2033259 0.7270722 0.2211055 0.7503179 0.2214466 0.7361727 0.2315915 0.7503179 0.2214466 0.7270722 0.2211055 0.7449539 0.2101168 0.8096073 0.2488731 0.8161471 0.2572948 0.8033015 0.2603871 0.8033015 0.2603871 0.8161471 0.2572948 0.8102046 0.2677354 0.8102046 0.2677354 0.8226997 0.2614597 0.8184362 0.2736968 0.8226997 0.2614597 0.8102046 0.2677354 0.8161471 0.2572948 0.8102046 0.2677354 0.7949603 0.2717142 0.8033015 0.2603871 0.7949603 0.2717142 0.8102046 0.2677354 0.8026863 0.2804697 0.8184362 0.2736968 0.8026863 0.2804697 0.8102046 0.2677354 0.8026863 0.2804697 0.8184362 0.2736968 0.8132851 0.2867944 0.8132851 0.2867944 0.8293038 0.2760033 0.8275723 0.2906442 0.8293038 0.2760033 0.8132851 0.2867944 0.8184362 0.2736968 0.8275723 0.2906442 0.8406293 0.2783431 0.8408715 0.2933646 0.8406293 0.2783431 0.8275723 0.2906442 0.8293038 0.2760033 0.8408715 0.2933646 0.8544245 0.283428 0.855246 0.295705 0.8544245 0.283428 0.8408715 0.2933646 0.8406293 0.2783431 0.8741977 0.2859053 0.855246 0.295705 0.8544245 0.283428 0.855246 0.295705 0.8741977 0.2859053 0.876609 0.2944995 0.8026863 0.2804697 0.7833698 0.2806276 0.7949603 0.2717142 0.7833698 0.2806276 0.8026863 0.2804697 0.7883597 0.2973322 0.8026863 0.2804697 0.8086098 0.3018778 0.7883597 0.2973322 0.8086098 0.3018778 0.8026863 0.2804697 0.8132851 0.2867944 0.76683 0.2936294 0.7833698 0.2806276 0.7883597 0.2973322 0.7833698 0.2806276 0.76683 0.2936294 0.770332 0.2797001 0.7513209 0.2888388 0.7575532 0.2749807 0.76683 0.2936294 0.7575532 0.2749807 0.770332 0.2797001 0.76683 0.2936294 0.7360779 0.2797537 0.7434691 0.2673647 0.7513209 0.2888388 0.7434691 0.2673647 0.7575532 0.2749807 0.7513209 0.2888388 0.7360779 0.2797537 0.7227642 0.2762718 0.7310607 0.2605609 0.7360779 0.2797537 0.7310607 0.2605609 0.7434691 0.2673647 0.7227642 0.2762718 0.711252 0.2707855 0.7201651 0.2532156 0.7227642 0.2762718 0.7201651 0.2532156 0.7310607 0.2605609 0.6980421 0.2633441 0.7201651 0.2532156 0.711252 0.2707855 0.7201651 0.2532156 0.6980421 0.2633441 0.7073479 0.2451837 0.8132851 0.2867944 0.8253689 0.3028379 0.8086098 0.3018778 0.8253689 0.3028379 0.8132851 0.2867944 0.8275723 0.2906442 0.8253689 0.3028379 0.8408715 0.2933646 0.8420767 0.3050714 0.8408715 0.2933646 0.8253689 0.3028379 0.8275723 0.2906442 0.8420767 0.3050714 0.855246 0.295705 0.8582383 0.3077207 0.855246 0.295705 0.8420767 0.3050714 0.8408715 0.2933646 0.876609 0.2944995 0.8582383 0.3077207 0.855246 0.295705 0.8582383 0.3077207 0.876609 0.2944995 0.878742 0.3029714 0.7227642 0.2762718 0.7360779 0.2797537 0.7227717 0.3120516 0.7227717 0.3120516 0.690191 0.2993935 0.711252 0.2707855 0.7227717 0.3120516 0.711252 0.2707855 0.7227642 0.2762718 0.690191 0.2993935 0.6980421 0.2633441 0.711252 0.2707855 0.7212473 0.3415101 0.690191 0.2993935 0.7227717 0.3120516 0.690191 0.2993935 0.7212473 0.3415101 0.6867917 0.3329562 0.7513209 0.2888388 0.76683 0.2936294 0.7550227 0.320727 0.7550227 0.320727 0.7227717 0.3120516 0.7513209 0.2888388 0.7227717 0.3120516 0.7360779 0.2797537 0.7513209 0.2888388 0.7968982 0.3264735 0.7883597 0.2973322 0.8086098 0.3018778 0.7968982 0.3264735 0.7550227 0.320727 0.7883597 0.2973322 0.7550227 0.320727 0.76683 0.2936294 0.7883597 0.2973322 0.8086098 0.3018778 0.8258101 0.3309904 0.7968982 0.3264735 0.8258101 0.3309904 0.8086098 0.3018778 0.8253689 0.3028379 0.8258101 0.3309904 0.8420767 0.3050714 0.8585456 0.3342865 0.8420767 0.3050714 0.8258101 0.3309904 0.8253689 0.3028379 0.8585456 0.3342865 0.8420767 0.3050714 0.8582383 0.3077207 0.8582383 0.3077207 0.878742 0.3029714 0.8869246 0.3225584 0.8869246 0.3225584 0.8585456 0.3342865 0.8582383 0.3077207 0.7956952 0.357441 0.7571544 0.3509313 0.7968982 0.3264735 0.7571544 0.3509313 0.7550227 0.320727 0.7968982 0.3264735 0.7212473 0.3415101 0.7550227 0.320727 0.7571544 0.3509313 0.7550227 0.320727 0.7212473 0.3415101 0.7227717 0.3120516 0.7196066 0.3750635 0.6867917 0.3329562 0.7212473 0.3415101 0.6867917 0.3329562 0.7196066 0.3750635 0.6837679 0.3714345 0.8869246 0.3225584 0.8678244 0.3558769 0.8585456 0.3342865 0.8678244 0.3558769 0.8869246 0.3225584 0.8979768 0.3424873 0.8741344 0.385827 0.8979768 0.3424873 0.9151176 0.3683213 0.8979768 0.3424873 0.8741344 0.385827 0.8678244 0.3558769 0.8678244 0.3558769 0.8288711 0.3615481 0.8585456 0.3342865 0.8288711 0.3615481 0.8258101 0.3309904 0.8585456 0.3342865 0.7956952 0.357441 0.8258101 0.3309904 0.8288711 0.3615481 0.8258101 0.3309904 0.7956952 0.357441 0.7968982 0.3264735 0.8328863 0.3896917 0.8678244 0.3558769 0.8741344 0.385827 0.8678244 0.3558769 0.8328863 0.3896917 0.8288711 0.3615481 0.7920273 0.3870573 0.8288711 0.3615481 0.8328863 0.3896917 0.8288711 0.3615481 0.7920273 0.3870573 0.7956952 0.357441 0.7536699 0.3791771 0.7956952 0.357441 0.7920273 0.3870573 0.7956952 0.357441 0.7536699 0.3791771 0.7571544 0.3509313 0.7536699 0.3791771 0.7196066 0.3750635 0.7571544 0.3509313 0.7196066 0.3750635 0.7212473 0.3415101 0.7571544 0.3509313 0.7181568 0.4021134 0.6837679 0.3714345 0.7196066 0.3750635 0.6837679 0.3714345 0.7181568 0.4021134 0.676775 0.4001112 0.7098366 0.4431183 0.676775 0.4001112 0.7181568 0.4021134 0.676775 0.4001112 0.7098366 0.4431183 0.6697868 0.4281236 0.7500136 0.4115699 0.7196066 0.3750635 0.7536699 0.3791771 0.7196066 0.3750635 0.7500136 0.4115699 0.7181568 0.4021134 0.7904087 0.4234442 0.7500136 0.4115699 0.7920273 0.3870573 0.7500136 0.4115699 0.7536699 0.3791771 0.7920273 0.3870573 0.8387573 0.4290216 0.7904087 0.4234442 0.8328863 0.3896917 0.7904087 0.4234442 0.7920273 0.3870573 0.8328863 0.3896917 0.887522 0.4212648 0.8387573 0.4290216 0.8741344 0.385827 0.8387573 0.4290216 0.8328863 0.3896917 0.8741344 0.385827 0.887522 0.4212648 0.9151176 0.3683213 0.9385886 0.4060245 0.9151176 0.3683213 0.887522 0.4212648 0.8741344 0.385827 0.7931082 0.4855548 0.8387573 0.4290216 0.8465186 0.4858872 0.8387573 0.4290216 0.7931082 0.4855548 0.7904087 0.4234442 0.8465186 0.4858872 0.887522 0.4212648 0.903927 0.4715525 0.887522 0.4212648 0.8465186 0.4858872 0.8387573 0.4290216 0.9385886 0.4060245 0.903927 0.4715525 0.887522 0.4212648 0.903927 0.4715525 0.9385886 0.4060245 0.9590657 0.4505529 0.9590657 0.4505529 0.9170992 0.525455 0.903927 0.4715525 0.9170992 0.525455 0.9590657 0.4505529 0.9791373 0.5077768 0.77802 0.5404543 0.8223618 0.6128495 0.763885 0.6116625 0.8223618 0.6128495 0.77802 0.5404543 0.8434532 0.5443226 0.7931082 0.4855548 0.8434532 0.5443226 0.77802 0.5404543 0.8434532 0.5443226 0.7931082 0.4855548 0.8465186 0.4858872 0.9170992 0.525455 0.8465186 0.4858872 0.903927 0.4715525 0.8465186 0.4858872 0.9170992 0.525455 0.8434532 0.5443226 0.9170992 0.525455 0.9946723 0.5681083 0.9275878 0.5806319 0.9946723 0.5681083 0.9170992 0.525455 0.9791373 0.5077768 0.9275878 0.5806319 0.9946723 0.5681083 0.958422 0.6091018 0.958422 0.6091018 0.9946723 0.5681083 0.9960047 0.6070696 0.763885 0.6116625 0.8135567 0.6738819 0.7643106 0.6771801 0.8135567 0.6738819 0.763885 0.6116625 0.8223618 0.6128495 0.6869522 0.1591317 0.7070291 0.1430596 0.7049256 0.162167 0.7070291 0.1430596 0.6869522 0.1591317 0.6921047 0.1361299 0.7070291 0.1430596 0.7128638 0.1621074 0.7049256 0.162167 0.7128638 0.1621074 0.7070291 0.1430596 0.7151839 0.1423944 0.8798087 0.6234819 0.917062 0.6558726 0.8733996 0.668645 0.8733996 0.668645 0.917062 0.6558726 0.9067602 0.6745637 0.8733996 0.668645 0.9056478 0.6900601 0.8719577 0.7046297 0.9056478 0.6900601 0.8733996 0.668645 0.9067602 0.6745637 0.6869522 0.1591317 0.7051395 0.1748427 0.6862569 0.1785305 0.7051395 0.1748427 0.6869522 0.1591317 0.7049256 0.162167 0.7051395 0.1748427 0.7128638 0.1621074 0.7130391 0.1715291 0.7128638 0.1621074 0.7051395 0.1748427 0.7049256 0.162167 0.7128638 0.1621074 0.7229564 0.1674083 0.7130391 0.1715291 0.7229564 0.1674083 0.7128638 0.1621074 0.7215029 0.1602607 0.7215029 0.1602607 0.7456727 0.1627121 0.7229564 0.1674083 0.7456727 0.1627121 0.7215029 0.1602607 0.7465098 0.1562764 0.7456727 0.1627121 0.7845711 0.1614693 0.7472661 0.1668924 0.7472661 0.1668924 0.7845711 0.1614693 0.7846186 0.1674927 0.7229564 0.1674083 0.7456727 0.1627121 0.7254426 0.1745988 0.7254426 0.1745988 0.7456727 0.1627121 0.7472661 0.1668924 0.7130391 0.1715291 0.7229564 0.1674083 0.7159668 0.1798041 0.7159668 0.1798041 0.7229564 0.1674083 0.7254426 0.1745988 0.7051395 0.1748427 0.7159668 0.1798041 0.707612 0.1845548 0.7159668 0.1798041 0.7051395 0.1748427 0.7130391 0.1715291 0.6862569 0.1785305 0.7051395 0.1748427 0.6929484 0.1919312 0.6929484 0.1919312 0.7051395 0.1748427 0.707612 0.1845548 0.9275878 0.5806319 0.9410798 0.6213851 0.9255884 0.61602 0.9410798 0.6213851 0.9275878 0.5806319 0.958422 0.6091018 0.9410798 0.6213851 0.9282117 0.6429903 0.9255884 0.61602 0.9282117 0.6429903 0.9410798 0.6213851 0.9456841 0.6422778 0.71117 0.1264266 0.6921047 0.1361299 0.6950557 0.1190451 0.6921047 0.1361299 0.71117 0.1264266 0.7070291 0.1430596 0.7070291 0.1430596 0.71117 0.1264266 0.7182337 0.1289805 0.7070291 0.1430596 0.7182337 0.1289805 0.7151839 0.1423944 0.7481345 0.1723419 0.7284214 0.1830642 0.7254426 0.1745988 0.7254426 0.1745988 0.7472661 0.1668924 0.7481345 0.1723419 0.7210305 0.1877979 0.7159668 0.1798041 0.7284214 0.1830642 0.7159668 0.1798041 0.7254426 0.1745988 0.7284214 0.1830642 0.7115775 0.1939021 0.707612 0.1845548 0.7210305 0.1877979 0.707612 0.1845548 0.7159668 0.1798041 0.7210305 0.1877979 0.7472661 0.1668924 0.7858095 0.1726365 0.7481345 0.1723419 0.7858095 0.1726365 0.7472661 0.1668924 0.7846186 0.1674927 0.707612 0.1845548 0.6999471 0.2004787 0.6929484 0.1919312 0.6999471 0.2004787 0.707612 0.1845548 0.7115775 0.1939021 0.7210305 0.1877979 0.7203861 0.2042623 0.7115775 0.1939021 0.7203861 0.2042623 0.7210305 0.1877979 0.7277755 0.1960643 0.6950557 0.1190451 0.7035553 0.1027296 0.7156958 0.1117576 0.6950557 0.1190451 0.7156958 0.1117576 0.71117 0.1264266 0.8223618 0.6128495 0.8847882 0.5872399 0.8798087 0.6234819 0.8847882 0.5872399 0.8223618 0.6128495 0.8434532 0.5443226 0.9170992 0.525455 0.9275878 0.5806319 0.8847882 0.5872399 0.8847882 0.5872399 0.8434532 0.5443226 0.9170992 0.525455 0.9255884 0.61602 0.8847882 0.5872399 0.9275878 0.5806319 0.8847882 0.5872399 0.9255884 0.61602 0.8798087 0.6234819 0.8223618 0.6128495 0.8733996 0.668645 0.8135567 0.6738819 0.8733996 0.668645 0.8223618 0.6128495 0.8798087 0.6234819 0.8798087 0.6234819 0.9282117 0.6429903 0.917062 0.6558726 0.9282117 0.6429903 0.8798087 0.6234819 0.9255884 0.61602 0.8135567 0.6738819 0.8719577 0.7046297 0.836457 0.7281798 0.8719577 0.7046297 0.8135567 0.6738819 0.8733996 0.668645 0.836457 0.7281798 0.7790234 0.7502266 0.8135567 0.6738819 0.7790234 0.7502266 0.7643106 0.6771801 0.8135567 0.6738819 0.7203861 0.2042623 0.6999471 0.2004787 0.7115775 0.1939021 0.712717 0.2186325 0.6999471 0.2004787 0.7203861 0.2042623 0.9282823 0.7366691 0.9260469 0.6983796 0.9478936 0.699077 0.9478936 0.699077 0.9687055 0.7276257 0.9282823 0.7366691 0.9555038 0.6687919 0.9456841 0.6422778 0.9624174 0.6448987 0.7467264 0.0861389 0.7309036 0.09856683 0.724382 0.08395183 0.724382 0.08395183 0.7500487 0.07005268 0.7467264 0.0861389 0.7035553 0.1027296 0.7309036 0.09856683 0.7156958 0.1117576 0.7309036 0.09856683 0.7035553 0.1027296 0.724382 0.08395183 0.9410798 0.6213851 0.9624174 0.6448987 0.9456841 0.6422778 0.9624174 0.6448987 0.9410798 0.6213851 0.958422 0.6091018 0.958422 0.6091018 0.9960047 0.6070696 0.995147 0.6454046 0.958422 0.6091018 0.995147 0.6454046 0.9624174 0.6448987 0.9624174 0.6448987 0.995147 0.6454046 0.9869166 0.6834545 0.9624174 0.6448987 0.9869166 0.6834545 0.9555038 0.6687919 0.9555038 0.6687919 0.9869166 0.6834545 0.9478936 0.699077 0.9869166 0.6834545 0.9687055 0.7276257 0.9478936 0.699077 0.9282823 0.7366691 0.9354856 0.7758424 0.9101978 0.763172 0.9354856 0.7758424 0.9282823 0.7366691 0.9687055 0.7276257 0.9156827 0.6977174 0.8719577 0.7046297 0.9056478 0.6900601 0.8719577 0.7046297 0.9156827 0.6977174 0.8965494 0.7263814 0.9260469 0.6983796 0.8965494 0.7263814 0.9156827 0.6977174 0.8965494 0.7263814 0.9260469 0.6983796 0.9282823 0.7366691 0.9282823 0.7366691 0.9101978 0.763172 0.8965494 0.7263814 0.8965494 0.7263814 0.9101978 0.763172 0.8782596 0.7513015 0.8965494 0.7263814 0.836457 0.7281798 0.8719577 0.7046297 0.836457 0.7281798 0.8965494 0.7263814 0.8782596 0.7513015 0.8782596 0.7513015 0.8284592 0.7801866 0.836457 0.7281798 0.8284592 0.7801866 0.8782596 0.7513015 0.8578197 0.7910375 0.9101978 0.763172 0.8578197 0.7910375 0.8782596 0.7513015 0.8578197 0.7910375 0.9101978 0.763172 0.8875405 0.8017835 0.9101978 0.763172 0.9354856 0.7758424 0.9080039 0.8132435 0.9101978 0.763172 0.9080039 0.8132435 0.8875405 0.8017835 0.8578197 0.7910375 0.82764 0.8155465 0.8284592 0.7801866 0.82764 0.8155465 0.8578197 0.7910375 0.8501409 0.8229764 0.8875405 0.8017835 0.8501409 0.8229764 0.8578197 0.7910375 0.8501409 0.8229764 0.8875405 0.8017835 0.8725096 0.8323052 0.9080039 0.8132435 0.8725096 0.8323052 0.8875405 0.8017835 0.8725096 0.8323052 0.9080039 0.8132435 0.8886798 0.8434071 0.6980608 0.4788666 0.6625772 0.4664755 0.7098366 0.4431183 0.6625772 0.4664755 0.6697868 0.4281236 0.7098366 0.4431183 0.5917297 0.6710503 0.6396386 0.6362112 0.6272644 0.6870575 0.6396386 0.6362112 0.5917297 0.6710503 0.6052057 0.6281037 0.6052057 0.6281037 0.628084 0.5709248 0.6396386 0.6362112 0.6396386 0.6362112 0.628084 0.5709248 0.6585614 0.5783061 0.628084 0.5709248 0.6484471 0.5114372 0.6585614 0.5783061 0.6585614 0.5783061 0.6484471 0.5114372 0.6802933 0.520064 0.6802933 0.520064 0.6484471 0.5114372 0.6980608 0.4788666 0.6484471 0.5114372 0.6625772 0.4664755 0.6980608 0.4788666 0.6151345 0.7366853 0.5743813 0.723793 0.6272644 0.6870575 0.5743813 0.723793 0.5917297 0.6710503 0.6272644 0.6870575 0.7790234 0.7502266 0.8284592 0.7801866 0.7938121 0.7853195 0.8284592 0.7801866 0.7790234 0.7502266 0.836457 0.7281798 0.5743813 0.723793 0.5974007 0.7606155 0.5591384 0.7667573 0.5974007 0.7606155 0.5743813 0.723793 0.6151345 0.7366853 0.1117237 0.8375622 0.07017165 0.8468665 0.05843007 0.7177029 0.1117237 0.8375622 0.05843007 0.7177029 0.09239053 0.6977162 0.1883257 0.7832587 0.155355 0.8183381 0.09239053 0.6977162 0.5591384 0.7667573 0.5878748 0.7888579 0.5504391 0.7901993 0.5878748 0.7888579 0.5591384 0.7667573 0.5974007 0.7606155 0.09239053 0.6977162 0.155355 0.8183381 0.1117237 0.8375622 0.1836225 0.7578032 0.1883257 0.7832587 0.09239053 0.6977162 0.5878748 0.7888579 0.5974007 0.7606155 0.6201043 0.7689979 0.1232648 0.6811522 0.1836225 0.7578032 0.09239053 0.6977162 0.6201043 0.7689979 0.5974007 0.7606155 0.6151345 0.7366853 0.6201043 0.7689979 0.6151345 0.7366853 0.642883 0.7476537 0.1232648 0.6811522 0.09239053 0.6977162 0.1098009 0.6610743 0.7938121 0.7853195 0.82764 0.8155465 0.8024296 0.8133617 0.82764 0.8155465 0.7938121 0.7853195 0.8284592 0.7801866 0.8326808 0.8321988 0.8501409 0.8229764 0.8449599 0.8414547 0.8725096 0.8323052 0.8449599 0.8414547 0.8501409 0.8229764 0.8449599 0.8414547 0.8725096 0.8323052 0.8619157 0.8524274 0.9283558 0.2653777 0.9402841 0.2865446 0.9471474 0.2587102 0.822633 0.8458341 0.8024296 0.8133617 0.82764 0.8155465 0.8695657 0.1889444 0.9283558 0.2653777 0.9471474 0.2587102 0.8660764 0.1626975 0.8695657 0.1889444 0.9471474 0.2587102 0.8660764 0.1626975 0.9471474 0.2587102 0.9597859 0.2519956 0.822633 0.8458341 0.8449599 0.8414547 0.8347088 0.8557092 0.8449599 0.8414547 0.822633 0.8458341 0.8326808 0.8321988 0.8981217 0.1286612 0.8660764 0.1626975 0.9597859 0.2519956 0.8619157 0.8524274 0.8347088 0.8557092 0.8449599 0.8414547 0.8347088 0.8557092 0.8619157 0.8524274 0.8499708 0.8703325 0.9412641 0.1107138 0.9597859 0.2519956 0.9770705 0.2428729 0.9412641 0.1107138 0.8981217 0.1286612 0.9597859 0.2519956 0.9412641 0.1107138 0.9770705 0.2428729 0.9960842 0.2372804 0.9811269 0.101853 0.9412641 0.1107138 0.9960842 0.2372804 0.2283 0.05140113 0.2608875 0.08589339 0.2223492 0.07818883 0.2608875 0.08589339 0.2283 0.05140113 0.2642297 0.0604102 0.1732609 0.03331828 0.2223492 0.07818883 0.1596655 0.05674993 0.2223492 0.07818883 0.1732609 0.03331828 0.2283 0.05140113 0.2223492 0.07818883 0.2499636 0.1120408 0.2135844 0.1014165 0.2499636 0.1120408 0.2223492 0.07818883 0.2608875 0.08589339 0.2135844 0.1014165 0.2294723 0.1788347 0.1715461 0.2022171 0.2294723 0.1788347 0.2135844 0.1014165 0.2499636 0.1120408 0.2295147 0.1968352 0.1715461 0.2022171 0.2294723 0.1788347 0.2295147 0.1968352 0.261137 0.2173454 0.22579 0.2191967 0.261137 0.2173454 0.2295147 0.1968352 0.2612212 0.1965478 0.2294723 0.1788347 0.2612212 0.1965478 0.2295147 0.1968352 0.2612212 0.1965478 0.2294723 0.1788347 0.263578 0.1801149 0.2499636 0.1120408 0.263578 0.1801149 0.2294723 0.1788347 0.263578 0.1801149 0.2499636 0.1120408 0.2866299 0.1141799 0.289743 0.05637258 0.315531 0.08298814 0.2939711 0.08386009 0.315531 0.08298814 0.289743 0.05637258 0.3063948 0.03334599 0.2642297 0.0604102 0.2939711 0.08386009 0.2608875 0.08589339 0.2939711 0.08386009 0.2642297 0.0604102 0.289743 0.05637258 0.2608875 0.08589339 0.2866299 0.1141799 0.2499636 0.1120408 0.2608875 0.08589339 0.2939711 0.08386009 0.2866299 0.1141799 0.3321852 0.07704168 0.315531 0.08298814 0.3063948 0.03334599 0.3321852 0.07704168 0.3063948 0.03334599 0.3238345 0.04380625 0.2939711 0.08386009 0.315531 0.08298814 0.3116083 0.1178641 0.2939711 0.08386009 0.3116083 0.1178641 0.2866299 0.1141799 0.307752 0.1807525 0.263578 0.1801149 0.2866299 0.1141799 0.307752 0.1807525 0.2866299 0.1141799 0.3116083 0.1178641 0.3079943 0.1998122 0.263578 0.1801149 0.307752 0.1807525 0.263578 0.1801149 0.3079943 0.1998122 0.2612212 0.1965478 0.261137 0.2173454 0.3079943 0.1998122 0.3105673 0.2186806 0.3079943 0.1998122 0.261137 0.2173454 0.2612212 0.1965478 0.1596655 0.05674993 0.1168181 0.01618856 0.1732609 0.03331828 0.1168181 0.01618856 0.1596655 0.05674993 0.100306 0.04462909 0.642883 0.7476537 0.6151345 0.7366853 0.6588376 0.7123566 0.6272644 0.6870575 0.6588376 0.7123566 0.6151345 0.7366853 0.06694632 0.003935098 0.100306 0.04462909 0.03989297 0.03381949 0.100306 0.04462909 0.06694632 0.003935098 0.1168181 0.01618856 0.100306 0.04462909 0.1596655 0.05674993 0.1426203 0.08762419 0.2135844 0.1014165 0.1426203 0.08762419 0.1596655 0.05674993 0.2135844 0.1014165 0.1596655 0.05674993 0.2223492 0.07818883 0.03989297 0.03381949 0.1426203 0.08762419 0.0151757 0.05977475 0.1426203 0.08762419 0.03989297 0.03381949 0.100306 0.04462909 0.1715461 0.2022171 0.2295147 0.1968352 0.22579 0.2191967 0.1426203 0.08762419 0.2135844 0.1014165 0.1715461 0.2022171 0.22579 0.2191967 0.2885201 0.3516268 0.2462957 0.3754633 0.2462957 0.3754633 0.1715461 0.2022171 0.22579 0.2191967 0.2935524 0.3731999 0.2462957 0.3754633 0.2885201 0.3516268 0.261137 0.2173454 0.3054022 0.3492047 0.2885201 0.3516268 0.2885201 0.3516268 0.22579 0.2191967 0.261137 0.2173454 0.3105673 0.2186806 0.3210516 0.3444982 0.3054022 0.3492047 0.3054022 0.3492047 0.261137 0.2173454 0.3105673 0.2186806 0.2935524 0.3731999 0.3054022 0.3492047 0.3163731 0.3741654 0.3054022 0.3492047 0.2935524 0.3731999 0.2885201 0.3516268 0.3210516 0.3444982 0.3163731 0.3741654 0.3054022 0.3492047 0.3163731 0.3741654 0.3210516 0.3444982 0.3273241 0.3723958 0.0151757 0.05977475 0.1426203 0.08762419 0.1715461 0.2022171 0.2935524 0.3731999 0.3188406 0.4005433 0.3017148 0.3963512 0.3188406 0.4005433 0.2935524 0.3731999 0.3163731 0.3741654 0.2462957 0.3754633 0.006980478 0.3749755 0.004069566 0.2081487 0.2462957 0.3754633 0.004069566 0.2081487 0.1715461 0.2022171 0.3163731 0.3741654 0.328588 0.4004278 0.3188406 0.4005433 0.328588 0.4004278 0.3163731 0.3741654 0.3273241 0.3723958 0.3238345 0.04380625 0.3485206 0.07141512 0.3321852 0.07704168 0.3238345 0.04380625 0.3453304 0.02387219 0.3485206 0.07141512 0.315531 0.08298814 0.3359323 0.1195901 0.3116083 0.1178641 0.3359323 0.1195901 0.315531 0.08298814 0.3321852 0.07704168 0.3359323 0.1195901 0.307752 0.1807525 0.3116083 0.1178641 0.307752 0.1807525 0.3359323 0.1195901 0.3352283 0.1809552 0.3352283 0.1809552 0.3079943 0.1998122 0.307752 0.1807525 0.3079943 0.1998122 0.3352283 0.1809552 0.3356142 0.2014011 0.3079943 0.1998122 0.3356142 0.2014011 0.3105673 0.2186806 0.3105673 0.2186806 0.3356142 0.2014011 0.336513 0.223419 0.336513 0.223419 0.3350381 0.3477355 0.3210516 0.3444982 0.336513 0.223419 0.3210516 0.3444982 0.3105673 0.2186806 0.3350381 0.3477355 0.3273241 0.3723958 0.3210516 0.3444982 0.3273241 0.3723958 0.3350381 0.3477355 0.3361682 0.3738939 0.3321852 0.07704168 0.3523009 0.1156188 0.3359323 0.1195901 0.3523009 0.1156188 0.3321852 0.07704168 0.3485206 0.07141512 0.3359323 0.1195901 0.3526871 0.1747679 0.3352283 0.1809552 0.3526871 0.1747679 0.3359323 0.1195901 0.3523009 0.1156188 0.3352283 0.1809552 0.352833 0.202609 0.3356142 0.2014011 0.352833 0.202609 0.3352283 0.1809552 0.3526871 0.1747679 0.3453304 0.02387219 0.3889811 0.03783273 0.3833486 0.0748794 0.3453304 0.02387219 0.3833486 0.0748794 0.3485206 0.07141512 0.5342064 0.0893799 0.4906823 0.05649167 0.5465573 0.04883688 0.5342064 0.0893799 0.44509 0.09413385 0.4906823 0.05649167 0.44509 0.09413385 0.4300306 0.04952603 0.4906823 0.05649167 0.3833486 0.0748794 0.4300306 0.04952603 0.44509 0.09413385 0.4300306 0.04952603 0.3833486 0.0748794 0.3889811 0.03783273 0.352833 0.202609 0.336513 0.223419 0.3356142 0.2014011 0.352833 0.202609 0.3547651 0.2289274 0.336513 0.223419 0.3836138 0.1081458 0.3833486 0.0748794 0.44509 0.09413385 0.3485206 0.07141512 0.3836138 0.1081458 0.3523009 0.1156188 0.3836138 0.1081458 0.3485206 0.07141512 0.3833486 0.0748794 0.3526871 0.1747679 0.3836138 0.1081458 0.4032686 0.1729114 0.3836138 0.1081458 0.3526871 0.1747679 0.3523009 0.1156188 0.44509 0.09413385 0.4846332 0.2091407 0.4032686 0.1729114 0.44509 0.09413385 0.4032686 0.1729114 0.3836138 0.1081458 0.4032686 0.1729114 0.352833 0.202609 0.3526871 0.1747679 0.352833 0.202609 0.4032686 0.1729114 0.4129009 0.2011873 0.4846332 0.2091407 0.4129009 0.2011873 0.4032686 0.1729114 0.352833 0.202609 0.4129009 0.2011873 0.3547651 0.2289274 0.3547651 0.2289274 0.4129009 0.2011873 0.4151027 0.2319132 0.3350381 0.3477355 0.3547651 0.2289274 0.3508474 0.3490664 0.3547651 0.2289274 0.3350381 0.3477355 0.336513 0.223419 0.3508474 0.3490664 0.3457898 0.3781873 0.3361682 0.3738939 0.3508474 0.3490664 0.3361682 0.3738939 0.3350381 0.3477355 0.3647864 0.3833308 0.3508474 0.3490664 0.3736969 0.3501015 0.3508474 0.3490664 0.3647864 0.3833308 0.3457898 0.3781873 0.4151027 0.2319132 0.3508474 0.3490664 0.3547651 0.2289274 0.3508474 0.3490664 0.4151027 0.2319132 0.3736969 0.3501015 0.4151027 0.2319132 0.4129009 0.2011873 0.4846332 0.2091407 0.4123758 0.3908516 0.4151027 0.2319132 0.4846332 0.2091407 0.4151027 0.2319132 0.4123758 0.3908516 0.3736969 0.3501015 0.3647864 0.3833308 0.3736969 0.3501015 0.4123758 0.3908516 0.4846332 0.2091407 0.44509 0.09413385 0.5342064 0.0893799 0.6081398 0.02045238 0.5342064 0.0893799 0.5465573 0.04883688 0.5342064 0.0893799 0.6081398 0.02045238 0.6311573 0.0469827 0.6521182 0.19471 0.4846332 0.2091407 0.6311573 0.0469827 0.3457898 0.3781873 0.3435828 0.4085921 0.3355439 0.4040727 0.3457898 0.3781873 0.3355439 0.4040727 0.3361682 0.3738939 0.3361682 0.3738939 0.3355439 0.4040727 0.328588 0.4004278 0.3361682 0.3738939 0.328588 0.4004278 0.3273241 0.3723958 0.3457898 0.3781873 0.3647864 0.3833308 0.3435828 0.4085921 0.3435828 0.4085921 0.3647864 0.3833308 0.3664991 0.4103197 0.4123758 0.3908516 0.3664991 0.4103197 0.3647864 0.3833308 0.4846332 0.2091407 0.6582905 0.3607298 0.4123758 0.3908516 0.6582905 0.3607298 0.4846332 0.2091407 0.6521182 0.19471 0.4139297 0.4947532 0.4123758 0.3908516 0.6582905 0.3607298 0.4139297 0.4947532 0.6582905 0.3607298 0.6065438 0.5955926 0.4139297 0.4947532 0.3495096 0.473238 0.3664991 0.4103197 0.3495096 0.473238 0.3435828 0.4085921 0.3664991 0.4103197 0.3664991 0.4103197 0.4123758 0.3908516 0.4139297 0.4947532 0.07061129 0.6037887 0.006980478 0.3749755 0.2550675 0.4913102 0.2550675 0.4913102 0.006980478 0.3749755 0.2462957 0.3754633 0.2935524 0.3731999 0.3017148 0.3963512 0.2462957 0.3754633 0.2462957 0.3754633 0.3017148 0.3963512 0.2550675 0.4913102 0.3017148 0.3963512 0.3170741 0.4727848 0.2550675 0.4913102 0.3170741 0.4727848 0.3017148 0.3963512 0.3188406 0.4005433 0.3350572 0.468371 0.328588 0.4004278 0.3355439 0.4040727 0.3495096 0.473238 0.4139297 0.4947532 0.3398444 0.8835183 0.3398444 0.8835183 0.07061129 0.6037887 0.2550675 0.4913102 0.3398444 0.8835183 0.2550675 0.4913102 0.3170741 0.4727848 0.3398444 0.8835183 0.3170741 0.4727848 0.3350572 0.468371 0.3398444 0.8835183 0.4139297 0.4947532 0.6065438 0.5955926 0.3350572 0.468371 0.3495096 0.473238 0.3398444 0.8835183 0.3170741 0.4727848 0.3188406 0.4005433 0.3350572 0.468371 0.3350572 0.468371 0.3188406 0.4005433 0.328588 0.4004278 0.3350572 0.468371 0.3355439 0.4040727 0.3495096 0.473238 0.3495096 0.473238 0.3355439 0.4040727 0.3435828 0.4085921 0.7156958 0.1117576 0.7182337 0.1289805 0.71117 0.1264266 0.7182337 0.1289805 0.7156958 0.1117576 0.7234557 0.117732 0.7234557 0.117732 0.7254493 0.1320266 0.7182337 0.1289805 0.7254493 0.1320266 0.7234557 0.117732 0.7296963 0.1220294 0.7284214 0.1830642 0.7277755 0.1960643 0.7210305 0.1877979 0.7277755 0.1960643 0.7284214 0.1830642 0.7336676 0.1898394 0.7309036 0.09856683 0.7234557 0.117732 0.7156958 0.1117576 0.7234557 0.117732 0.7309036 0.09856683 0.7332698 0.1048149 0.7309036 0.09856683 0.744405 0.09731805 0.7332698 0.1048149 0.744405 0.09731805 0.7309036 0.09856683 0.7467264 0.0861389 0.7457591 0.1058971 0.7332698 0.1048149 0.744405 0.09731805 0.7332698 0.1048149 0.7457591 0.1058971 0.7370151 0.112841 0.7332698 0.1048149 0.7296963 0.1220294 0.7234557 0.117732 0.7296963 0.1220294 0.7332698 0.1048149 0.7370151 0.112841 0.7881932 0.1320454 0.7488974 0.1345613 0.786456 0.1291922 0.7485024 0.131793 0.786456 0.1291922 0.7488974 0.1345613 0.7494041 0.1268307 0.7370151 0.112841 0.7457591 0.1058971 0.7370151 0.112841 0.7494041 0.1268307 0.7485024 0.131793 0.7370151 0.112841 0.7488974 0.1345613 0.7296963 0.1220294 0.7488974 0.1345613 0.7370151 0.112841 0.7485024 0.131793 0.7481345 0.1723419 0.7858095 0.1726365 0.7511347 0.1779295 0.7511347 0.1779295 0.7858095 0.1726365 0.786561 0.1779911 0.786456 0.1291922 0.7485024 0.131793 0.7840179 0.1239395 0.7494041 0.1268307 0.7840179 0.1239395 0.7485024 0.131793 0.7481345 0.1723419 0.7336676 0.1898394 0.7284214 0.1830642 0.7336676 0.1898394 0.7481345 0.1723419 0.7511347 0.1779295 0.7846186 0.1674927 0.7911459 0.1731892 0.7858095 0.1726365 0.7911459 0.1731892 0.7846186 0.1674927 0.7909834 0.1671361 0.7911459 0.1731892 0.786561 0.1779911 0.7858095 0.1726365 0.786561 0.1779911 0.7911459 0.1731892 0.7925001 0.1793749 0.7860986 0.1214902 0.786456 0.1291922 0.7840179 0.1239395 0.786456 0.1291922 0.7860986 0.1214902 0.7936961 0.1239477 0.7936961 0.1239477 0.7881932 0.1320454 0.786456 0.1291922 0.7881932 0.1320454 0.7936961 0.1239477 0.7967358 0.1278308 0.7465098 0.1562764 0.7845711 0.1614693 0.7456727 0.1627121 0.7845711 0.1614693 0.7465098 0.1562764 0.7860384 0.1537021 0.7845711 0.1614693 0.7909834 0.1671361 0.7846186 0.1674927 0.7909834 0.1671361 0.7845711 0.1614693 0.7908525 0.1619787 0.6947597 0.659692 0.7024586 0.6448799 0.7019027 0.6614379 0.7024586 0.6448799 0.6947597 0.659692 0.6951422 0.6440476 0.7024586 0.6448799 0.7084847 0.6628999 0.7019027 0.6614379 0.7084847 0.6628999 0.7024586 0.6448799 0.7085638 0.6452172 0.6952906 0.6656811 0.7019027 0.6614379 0.7004473 0.6672147 0.7019027 0.6614379 0.6952906 0.6656811 0.6947597 0.659692 0.7019027 0.6614379 0.7084847 0.6628999 0.7052676 0.669222 0.7019027 0.6614379 0.7052676 0.669222 0.7004473 0.6672147 0.6952135 0.6715235 0.7004473 0.6672147 0.6988198 0.6725338 0.7004473 0.6672147 0.6952135 0.6715235 0.6952906 0.6656811 0.6946383 0.6780264 0.6952135 0.6715235 0.6967825 0.6782334 0.6967825 0.6782334 0.6952135 0.6715235 0.6988198 0.6725338 0.7004473 0.6672147 0.7024241 0.6740009 0.6988198 0.6725338 0.7004473 0.6672147 0.7052676 0.669222 0.7024241 0.6740009 0.6988198 0.6725338 0.6995668 0.6791452 0.6967825 0.6782334 0.6995668 0.6791452 0.6988198 0.6725338 0.7024241 0.6740009 0.7052676 0.669222 0.7062663 0.6760268 0.7024241 0.6740009 0.7052676 0.669222 0.710226 0.6712796 0.7062663 0.6760268 0.7024241 0.6740009 0.7023922 0.681337 0.6995668 0.6791452 0.7023922 0.681337 0.7024241 0.6740009 0.7062663 0.6760268 0.6799126 0.6705186 0.6842496 0.6678217 0.6867159 0.673394 0.6799126 0.6705186 0.6867159 0.673394 0.683074 0.675646 0.6867159 0.673394 0.6861149 0.6807626 0.683074 0.675646 0.6861149 0.6807626 0.6867159 0.673394 0.6894325 0.6791305 0.6893585 0.6658099 0.6867159 0.673394 0.6842496 0.6678217 0.6867159 0.673394 0.6893585 0.6658099 0.6908395 0.6716 0.6908395 0.6716 0.6894325 0.6791305 0.6867159 0.673394 0.6894325 0.6791305 0.6908395 0.6716 0.6922823 0.6781563 0.6952906 0.6656811 0.6908395 0.6716 0.6893585 0.6658099 0.6908395 0.6716 0.6952906 0.6656811 0.6952135 0.6715235 0.6922823 0.6781563 0.6952135 0.6715235 0.6946383 0.6780264 0.6952135 0.6715235 0.6922823 0.6781563 0.6908395 0.6716 0.7075236 0.6320899 0.7024586 0.6448799 0.7017149 0.6318494 0.7024586 0.6448799 0.7075236 0.6320899 0.7085638 0.6452172 0.6951422 0.6440476 0.6967948 0.6318305 0.7024586 0.6448799 0.7024586 0.6448799 0.6967948 0.6318305 0.7017149 0.6318494 0.7909834 0.1671361 0.7954195 0.1626759 0.7958412 0.1669037 0.7954195 0.1626759 0.7909834 0.1671361 0.7908525 0.1619787 0.6814609 0.6603696 0.6814513 0.6435188 0.6888785 0.6589885 0.6898229 0.6433122 0.6888785 0.6589885 0.6814513 0.6435188 0.6951422 0.6440476 0.6888785 0.6589885 0.6898229 0.6433122 0.6888785 0.6589885 0.6951422 0.6440476 0.6947597 0.659692 0.6888785 0.6589885 0.6842496 0.6678217 0.6814609 0.6603696 0.6842496 0.6678217 0.6888785 0.6589885 0.6893585 0.6658099 0.6952906 0.6656811 0.6888785 0.6589885 0.6947597 0.659692 0.6888785 0.6589885 0.6952906 0.6656811 0.6893585 0.6658099 0.7909834 0.1671361 0.7973824 0.1744281 0.7911459 0.1731892 0.7973824 0.1744281 0.7909834 0.1671361 0.7958412 0.1669037 0.6967948 0.6318305 0.6910142 0.6313201 0.6945165 0.6272631 0.6945165 0.6272631 0.6977483 0.6269048 0.6967948 0.6318305 0.6898229 0.6433122 0.6967948 0.6318305 0.6951422 0.6440476 0.6967948 0.6318305 0.6898229 0.6433122 0.6910142 0.6313201 0.7911459 0.1731892 0.7973824 0.1744281 0.7925001 0.1793749 0.7925001 0.1793749 0.7973824 0.1744281 0.7968681 0.1815686 0.7296963 0.1220294 0.7487562 0.1391416 0.7254493 0.1320266 0.7487562 0.1391416 0.7296963 0.1220294 0.7488974 0.1345613 0.7487562 0.1391416 0.7881932 0.1320454 0.7889698 0.1376127 0.7881932 0.1320454 0.7487562 0.1391416 0.7488974 0.1345613 0.7889698 0.1376127 0.7881932 0.1320454 0.7988438 0.1342036 0.7881932 0.1320454 0.7967358 0.1278308 0.7988438 0.1342036 0.7151839 0.1423944 0.7254493 0.1320266 0.7243599 0.1426361 0.7254493 0.1320266 0.7151839 0.1423944 0.7182337 0.1289805 0.7151839 0.1423944 0.7215029 0.1602607 0.7128638 0.1621074 0.7215029 0.1602607 0.7151839 0.1423944 0.7243599 0.1426361 0.7243599 0.1426361 0.7487562 0.1391416 0.7482263 0.1460513 0.7487562 0.1391416 0.7243599 0.1426361 0.7254493 0.1320266 0.7243599 0.1426361 0.7465098 0.1562764 0.7215029 0.1602607 0.7465098 0.1562764 0.7243599 0.1426361 0.7482263 0.1460513 0.7482263 0.1460513 0.7860384 0.1537021 0.7465098 0.1562764 0.7860384 0.1537021 0.7482263 0.1460513 0.7890055 0.1447591 0.01472556 0.6156527 0.02001261 0.6020607 0.01955968 0.6165781 0.02001261 0.6020607 0.01472556 0.6156527 0.01436728 0.6009271 0.6968645 0.6118763 0.6918354 0.5944947 0.6977611 0.5946941 0.6918354 0.5944947 0.6968645 0.6118763 0.6911975 0.6130011 0.7860986 0.1214902 0.7888974 0.1184037 0.7936961 0.1239477 0.7936961 0.1239477 0.7888974 0.1184037 0.7964525 0.118527 0.6918354 0.5944947 0.6853247 0.612523 0.6861082 0.5945251 0.6853247 0.612523 0.6918354 0.5944947 0.6911975 0.6130011 0.6833242 0.6299484 0.6898229 0.6433122 0.6814513 0.6435188 0.6898229 0.6433122 0.6833242 0.6299484 0.6910142 0.6313201 0.6936113 0.6209864 0.6910142 0.6313201 0.6834168 0.621388 0.6910142 0.6313201 0.6936113 0.6209864 0.6945165 0.6272631 0.01472556 0.6156527 0.008593201 0.6009545 0.01436728 0.6009271 0.008593201 0.6009545 0.01472556 0.6156527 0.01002371 0.6146386 0.7085638 0.6452172 0.7133936 0.6322085 0.7124167 0.6452229 0.7133936 0.6322085 0.7085638 0.6452172 0.7075236 0.6320899 0.7084847 0.6628999 0.710226 0.6712796 0.7052676 0.669222 0.7084847 0.6628999 0.7160352 0.6627244 0.710226 0.6712796 0.7084847 0.6628999 0.7124167 0.6452229 0.7160352 0.6627244 0.7124167 0.6452229 0.7084847 0.6628999 0.7085638 0.6452172 0.6833242 0.6299484 0.6814513 0.6435188 0.6757321 0.6306 0.6757321 0.6306 0.6814513 0.6435188 0.6752054 0.6440476 0.6814513 0.6435188 0.6814609 0.6603696 0.6752054 0.6440476 0.6752054 0.6440476 0.6814609 0.6603696 0.672448 0.6624125 0.6814609 0.6603696 0.6842496 0.6678217 0.672448 0.6624125 0.672448 0.6624125 0.6842496 0.6678217 0.6799126 0.6705186 0.8317537 0.143086 0.8238987 0.1531397 0.8197048 0.1480011 0.8238987 0.1531397 0.8317537 0.143086 0.8343691 0.1474795 0.7964525 0.118527 0.7967358 0.1278308 0.7936961 0.1239477 0.7967358 0.1278308 0.7964525 0.118527 0.801392 0.123952 0.801392 0.123952 0.8021863 0.1150006 0.8048883 0.1193111 0.8021863 0.1150006 0.801392 0.123952 0.7964525 0.118527 0.8048883 0.1193111 0.8076698 0.1111978 0.8098762 0.1150402 0.8076698 0.1111978 0.8048883 0.1193111 0.8021863 0.1150006 0.8088622 0.123021 0.801392 0.123952 0.8048883 0.1193111 0.6968645 0.6118763 0.6977611 0.5946941 0.7027814 0.6097214 0.7036252 0.5951371 0.7027814 0.6097214 0.6977611 0.5946941 0.8140506 0.1160728 0.8088622 0.123021 0.8098762 0.1150402 0.8088622 0.123021 0.8048883 0.1193111 0.8098762 0.1150402 0.8059938 0.1311556 0.801392 0.123952 0.8088622 0.123021 0.7988438 0.1342036 0.7967358 0.1278308 0.801392 0.123952 0.7988438 0.1342036 0.801392 0.123952 0.8059938 0.1311556 0.8088622 0.123021 0.8122537 0.1269338 0.8059938 0.1311556 0.8317537 0.143086 0.8165865 0.1410791 0.8307467 0.138683 0.8165865 0.1410791 0.8317537 0.143086 0.8197048 0.1480011 0.01955968 0.6165781 0.02001261 0.6020607 0.02533793 0.6166378 0.02561128 0.6022087 0.02533793 0.6166378 0.02001261 0.6020607 0.8307467 0.138683 0.8170724 0.1356025 0.8299594 0.1345698 0.8170724 0.1356025 0.8307467 0.138683 0.8165865 0.1410791 0.8059938 0.1311556 0.8122537 0.1269338 0.8155307 0.1310256 0.8170724 0.1356025 0.8059938 0.1311556 0.8155307 0.1310256 0.8122537 0.1269338 0.8229978 0.1217514 0.8155307 0.1310256 0.8155307 0.1310256 0.8229978 0.1217514 0.8257433 0.124189 0.02228963 0.5900608 0.02235156 0.5799795 0.02776992 0.5888447 0.02776992 0.5888447 0.02235156 0.5799795 0.0281791 0.5795767 0.0281791 0.5795767 0.03402501 0.5879276 0.02776992 0.5888447 0.03402501 0.5879276 0.0281791 0.5795767 0.03397363 0.5803132 0.8263623 0.1295762 0.8155307 0.1310256 0.8257433 0.124189 0.8263623 0.1295762 0.8299594 0.1345698 0.8170724 0.1356025 0.8263623 0.1295762 0.8170724 0.1356025 0.8155307 0.1310256 0.02533793 0.6166378 0.03132849 0.602068 0.03130012 0.6155111 0.03132849 0.602068 0.02533793 0.6166378 0.02561128 0.6022087 0.8257433 0.124189 0.8307155 0.1225082 0.8263623 0.1295762 0.8263623 0.1295762 0.8307155 0.1225082 0.8321265 0.1269463 0.8263623 0.1295762 0.8329265 0.1302639 0.8299594 0.1345698 0.8329265 0.1302639 0.8263623 0.1295762 0.8321265 0.1269463 0.04254138 0.60052 0.03722178 0.6143972 0.0365523 0.6003219 0.03722178 0.6143972 0.04254138 0.60052 0.04283165 0.6142233 0.03132849 0.602068 0.03722178 0.6143972 0.03130012 0.6155111 0.03722178 0.6143972 0.03132849 0.602068 0.0365523 0.6003219 0.8088622 0.123021 0.8140506 0.1160728 0.8164784 0.1192348 0.8122537 0.1269338 0.8088622 0.123021 0.8164784 0.1192348 0.02228963 0.5900608 0.01661419 0.5808563 0.02235156 0.5799795 0.01661419 0.5808563 0.02228963 0.5900608 0.01615202 0.5918776 0.8209488 0.1175327 0.8229978 0.1217514 0.8122537 0.1269338 0.8122537 0.1269338 0.8164784 0.1192348 0.8209488 0.1175327 0.8209488 0.1175327 0.8164784 0.1192348 0.820243 0.1132914 0.7036252 0.5951371 0.7090395 0.6096539 0.7027814 0.6097214 0.7090395 0.6096539 0.7036252 0.5951371 0.7090915 0.5955342 0.8164784 0.1192348 0.8179349 0.1115336 0.820243 0.1132914 0.8179349 0.1115336 0.8164784 0.1192348 0.8140506 0.1160728 0.03968417 0.5817372 0.03402501 0.5879276 0.03397363 0.5803132 0.03402501 0.5879276 0.03968417 0.5817372 0.03967219 0.5912819 0.8235308 0.1131058 0.8209488 0.1175327 0.820243 0.1132914 0.01615202 0.5918776 0.01059997 0.5810602 0.01661419 0.5808563 0.01059997 0.5810602 0.01615202 0.5918776 0.01125782 0.5927337 0.01059997 0.5810602 0.003933608 0.5895778 0.004614055 0.5800489 0.003933608 0.5895778 0.01059997 0.5810602 0.01125782 0.5927337 0.8307155 0.1225082 0.8370905 0.1244356 0.8321265 0.1269463 0.8351772 0.1180835 0.8370905 0.1244356 0.8307155 0.1225082 0.8383651 0.1309108 0.8321265 0.1269463 0.8370905 0.1244356 0.8321265 0.1269463 0.8383651 0.1309108 0.8329265 0.1302639 0.8364469 0.1589804 0.8404411 0.1645289 0.8330513 0.1664881 0.8330513 0.1664881 0.8404411 0.1645289 0.8383961 0.1721485 0.8343691 0.1474795 0.8285917 0.1589558 0.8238987 0.1531397 0.8285917 0.1589558 0.8343691 0.1474795 0.8374678 0.1523296 0.8285917 0.1589558 0.8374678 0.1523296 0.8364469 0.1589804 0.8285917 0.1589558 0.8364469 0.1589804 0.8330513 0.1664881 0.8321426 0.1750001 0.8375338 0.175175 0.8367602 0.1781482 0.7090395 0.6096539 0.714473 0.5956912 0.7156738 0.6104488 0.714473 0.5956912 0.7090395 0.6096539 0.7090915 0.5955342 0.6861082 0.5945251 0.6791619 0.6093642 0.6804902 0.5944617 0.6791619 0.6093642 0.6861082 0.5945251 0.6853247 0.612523 0.8330513 0.1664881 0.8383961 0.1721485 0.8321426 0.1750001 0.8321426 0.1750001 0.8383961 0.1721485 0.8375338 0.175175 0.8321426 0.1750001 0.8367602 0.1781482 0.8313202 0.1820221 0.8076698 0.1111978 0.8009167 0.1057938 0.8071089 0.1055784 0.8009167 0.1057938 0.8076698 0.1111978 0.8021863 0.1150006 0.8242164 0.1678714 0.8330513 0.1664881 0.8321426 0.1750001 0.8242164 0.1678714 0.8285917 0.1589558 0.8330513 0.1664881 0.8255451 0.1860327 0.8208472 0.1812019 0.8245011 0.1773054 0.8245011 0.1773054 0.8313202 0.1820221 0.8255451 0.1860327 0.8321426 0.1750001 0.8313202 0.1820221 0.8245011 0.1773054 0.8242164 0.1678714 0.8321426 0.1750001 0.8245011 0.1773054 0.8021863 0.1150006 0.7955268 0.1083447 0.8009167 0.1057938 0.7955268 0.1083447 0.8021863 0.1150006 0.7964525 0.118527 0.6834168 0.621388 0.6910142 0.6313201 0.6833242 0.6299484 0.7889698 0.1376127 0.7482263 0.1460513 0.7487562 0.1391416 0.7482263 0.1460513 0.7889698 0.1376127 0.7890055 0.1447591 0.7860384 0.1537021 0.7908525 0.1619787 0.7845711 0.1614693 0.7908525 0.1619787 0.7860384 0.1537021 0.7924109 0.1545765 0.7988438 0.1342036 0.7890055 0.1447591 0.7889698 0.1376127 0.7890055 0.1447591 0.7988438 0.1342036 0.7984785 0.1426703 0.7860384 0.1537021 0.7957534 0.1474786 0.7924109 0.1545765 0.7957534 0.1474786 0.7860384 0.1537021 0.7890055 0.1447591 0.7890055 0.1447591 0.7984785 0.1426703 0.7957534 0.1474786 0.6967948 0.6318305 0.6977483 0.6269048 0.7017149 0.6318494 0.7029729 0.6214162 0.7017149 0.6318494 0.6977483 0.6269048 0.8170724 0.1356025 0.8165865 0.1410791 0.8067691 0.1429674 0.8067691 0.1429674 0.7988438 0.1342036 0.8059938 0.1311556 0.7988438 0.1342036 0.8067691 0.1429674 0.7984785 0.1426703 0.8067691 0.1429674 0.8059938 0.1311556 0.8170724 0.1356025 0.7973985 0.1560683 0.7908525 0.1619787 0.7924109 0.1545765 0.7908525 0.1619787 0.7973985 0.1560683 0.7954195 0.1626759 0.7984785 0.1426703 0.801741 0.1495797 0.7957534 0.1474786 0.801741 0.1495797 0.7984785 0.1426703 0.8067691 0.1429674 0.7924109 0.1545765 0.801741 0.1495797 0.7973985 0.1560683 0.801741 0.1495797 0.7924109 0.1545765 0.7957534 0.1474786 0.8197048 0.1480011 0.8067691 0.1429674 0.8165865 0.1410791 0.8067691 0.1429674 0.8197048 0.1480011 0.8109666 0.152747 0.7017149 0.6318494 0.7083643 0.6222617 0.7075236 0.6320899 0.7083643 0.6222617 0.7017149 0.6318494 0.7029729 0.6214162 0.8067691 0.1429674 0.8109666 0.152747 0.801741 0.1495797 0.801741 0.1495797 0.8109666 0.152747 0.8066455 0.1554862 0.7973985 0.1560683 0.8066455 0.1554862 0.8010609 0.1593874 0.8066455 0.1554862 0.7973985 0.1560683 0.801741 0.1495797 0.6749702 0.622 0.6833242 0.6299484 0.6757321 0.6306 0.6833242 0.6299484 0.6749702 0.622 0.6834168 0.621388 0.8197048 0.1480011 0.814342 0.1574455 0.8109666 0.152747 0.814342 0.1574455 0.8197048 0.1480011 0.8238987 0.1531397 0.7075236 0.6320899 0.7146278 0.6238693 0.7133936 0.6322085 0.7146278 0.6238693 0.7075236 0.6320899 0.7083643 0.6222617 0.7964525 0.118527 0.7880903 0.1066725 0.7955268 0.1083447 0.7880903 0.1066725 0.7964525 0.118527 0.7888974 0.1184037 0.7973824 0.1744281 0.8092178 0.1776823 0.7968681 0.1815686 0.7968681 0.1815686 0.8092178 0.1776823 0.8089474 0.1842934 0.8245011 0.1773054 0.8152086 0.1774801 0.8157902 0.1716181 0.8152086 0.1774801 0.8245011 0.1773054 0.8208472 0.1812019 0.8157902 0.1716181 0.8242164 0.1678714 0.8245011 0.1773054 0.8157902 0.1716181 0.8152086 0.1774801 0.8102557 0.172151 0.8167115 0.1638881 0.8242164 0.1678714 0.8157902 0.1716181 0.8167115 0.1638881 0.8157902 0.1716181 0.8088956 0.1633407 0.8088956 0.1633407 0.8102557 0.172151 0.802819 0.1644382 0.8102557 0.172151 0.80302 0.1722866 0.802819 0.1644382 0.8285917 0.1589558 0.8242164 0.1678714 0.8167115 0.1638881 0.8238987 0.1531397 0.8167115 0.1638881 0.814342 0.1574455 0.8167115 0.1638881 0.8238987 0.1531397 0.8285917 0.1589558 0.8088956 0.1633407 0.814342 0.1574455 0.8167115 0.1638881 0.8109666 0.152747 0.8088956 0.1633407 0.8066455 0.1554862 0.8088956 0.1633407 0.8109666 0.152747 0.814342 0.1574455 0.8010609 0.1593874 0.8088956 0.1633407 0.802819 0.1644382 0.8088956 0.1633407 0.8010609 0.1593874 0.8066455 0.1554862 0.8157902 0.1716181 0.8102557 0.172151 0.8088956 0.1633407 0.7796826 0.2079409 0.7920169 0.2134132 0.7795355 0.2160646 0.7920169 0.2134132 0.7796826 0.2079409 0.7913242 0.2068693 0.7822613 0.225373 0.7795355 0.2160646 0.7934304 0.2186532 0.7934304 0.2186532 0.7795355 0.2160646 0.7920169 0.2134132 0.7988224 0.2263399 0.7926846 0.2381159 0.7959023 0.223204 0.7959023 0.223204 0.7926846 0.2381159 0.7864543 0.2313357 0.7864543 0.2313357 0.7934304 0.2186532 0.7959023 0.223204 0.7934304 0.2186532 0.7864543 0.2313357 0.7822613 0.225373 0.8035113 0.2209428 0.7988224 0.2263399 0.7959023 0.223204 0.7789613 0.199558 0.7913242 0.2068693 0.7796826 0.2079409 0.7913242 0.2068693 0.7789613 0.199558 0.793738 0.1985833 0.7995525 0.2026298 0.7913242 0.2068693 0.793738 0.1985833 0.7959023 0.223204 0.7934304 0.2186532 0.8001563 0.212914 0.7934304 0.2186532 0.7920169 0.2134132 0.8001563 0.212914 0.7913242 0.2068693 0.8001563 0.212914 0.7920169 0.2134132 0.8001563 0.212914 0.7913242 0.2068693 0.7995525 0.2026298 0.8035113 0.2209428 0.7959023 0.223204 0.8001563 0.212914 0.8035113 0.2209428 0.8063 0.2317806 0.7988224 0.2263399 0.8063 0.2317806 0.8035113 0.2209428 0.810215 0.224136 0.8004269 0.1978332 0.7995525 0.2026298 0.793738 0.1985833 0.7995525 0.2026298 0.8004269 0.1978332 0.8093356 0.1970865 0.806649 0.2138126 0.8035113 0.2209428 0.8001563 0.212914 0.8001563 0.212914 0.7995525 0.2026298 0.8083952 0.2057057 0.806649 0.2138126 0.810215 0.224136 0.8035113 0.2209428 0.810215 0.224136 0.806649 0.2138126 0.8130626 0.2161433 0.8151602 0.2066783 0.806649 0.2138126 0.8083952 0.2057057 0.806649 0.2138126 0.8151602 0.2066783 0.8130626 0.2161433 0.806649 0.2138126 0.8001563 0.212914 0.8083952 0.2057057 0.7995525 0.2026298 0.8093356 0.1970865 0.8083952 0.2057057 0.8083952 0.2057057 0.8166902 0.1973133 0.8151602 0.2066783 0.8166902 0.1973133 0.8083952 0.2057057 0.8093356 0.1970865 0.8315874 0.1950175 0.8428195 0.1966658 0.8321217 0.2023747 0.8428195 0.1966658 0.8315874 0.1950175 0.8428441 0.1914946 0.8231992 0.1971253 0.8321217 0.2023747 0.8208879 0.2075601 0.8321217 0.2023747 0.8231992 0.1971253 0.8315874 0.1950175 0.8151602 0.2066783 0.8231992 0.1971253 0.8208879 0.2075601 0.8231992 0.1971253 0.8151602 0.2066783 0.8166902 0.1973133 0.8130626 0.2161433 0.8208879 0.2075601 0.8185433 0.217611 0.8208879 0.2075601 0.8130626 0.2161433 0.8151602 0.2066783 0.8130626 0.2161433 0.8164395 0.2261339 0.810215 0.224136 0.8164395 0.2261339 0.8130626 0.2161433 0.8185433 0.217611 0.8063 0.2317806 0.8096073 0.2488731 0.8004467 0.2426695 0.8096073 0.2488731 0.8063 0.2317806 0.8155817 0.2333177 0.810215 0.224136 0.8155817 0.2333177 0.8063 0.2317806 0.8155817 0.2333177 0.810215 0.224136 0.8164395 0.2261339 0.8428195 0.1966658 0.8529152 0.1916905 0.8518669 0.1950411 0.8529152 0.1916905 0.8428195 0.1966658 0.8428441 0.1914946 0.8456996 0.1998766 0.8428195 0.1966658 0.8518669 0.1950411 0.8361594 0.2077077 0.8428195 0.1966658 0.8456996 0.1998766 0.8428195 0.1966658 0.8361594 0.2077077 0.8321217 0.2023747 0.828092 0.2155876 0.8321217 0.2023747 0.8361594 0.2077077 0.8321217 0.2023747 0.828092 0.2155876 0.8208879 0.2075601 0.8208879 0.2075601 0.828092 0.2155876 0.8185433 0.217611 0.8185433 0.217611 0.828092 0.2155876 0.8212547 0.2245426 0.8164395 0.2261339 0.8185433 0.217611 0.8212547 0.2245426 0.8155817 0.2333177 0.8164395 0.2261339 0.8212547 0.2245426 0.8226997 0.2614597 0.8293038 0.2760033 0.8184362 0.2736968 0.8293038 0.2760033 0.8226997 0.2614597 0.834779 0.2610267 0.8293038 0.2760033 0.8464305 0.2617029 0.8406293 0.2783431 0.8464305 0.2617029 0.8293038 0.2760033 0.834779 0.2610267 0.8747135 0.2318534 0.8785749 0.2295319 0.8788017 0.2329733 0.8788017 0.2329733 0.8724099 0.2370322 0.8747135 0.2318534 0.8724099 0.2370322 0.8788017 0.2329733 0.8767969 0.2392002 0.8694313 0.2362883 0.8747135 0.2318534 0.8724099 0.2370322 0.8662429 0.2482091 0.8694313 0.2362883 0.8724099 0.2370322 0.8694313 0.2362883 0.8662429 0.2482091 0.8612618 0.2446332 0.8662429 0.2482091 0.8767969 0.2392002 0.8737932 0.2501623 0.8767969 0.2392002 0.8662429 0.2482091 0.8724099 0.2370322 0.8741977 0.2859053 0.8544245 0.283428 0.87243 0.2781804 0.87243 0.2781804 0.8544245 0.283428 0.8570803 0.2717049 0.8624725 0.2595432 0.8737932 0.2501623 0.8725539 0.2624248 0.8737932 0.2501623 0.8624725 0.2595432 0.8662429 0.2482091 0.8406293 0.2783431 0.8570803 0.2717049 0.8544245 0.283428 0.8570803 0.2717049 0.8406293 0.2783431 0.8464305 0.2617029 0.8624725 0.2595432 0.8464305 0.2617029 0.853392 0.2531705 0.8464305 0.2617029 0.8624725 0.2595432 0.8570803 0.2717049 0.8725539 0.2624248 0.8570803 0.2717049 0.8624725 0.2595432 0.8570803 0.2717049 0.8725539 0.2624248 0.87243 0.2781804 0.8662429 0.2482091 0.8624725 0.2595432 0.853392 0.2531705 0.8662429 0.2482091 0.853392 0.2531705 0.8612618 0.2446332 0.8529152 0.1916905 0.8576353 0.1971563 0.8518669 0.1950411 0.8529152 0.1916905 0.8598697 0.1937872 0.8576353 0.1971563 0.8456996 0.1998766 0.8518669 0.1950411 0.8527539 0.1996687 0.8527539 0.1996687 0.8518669 0.1950411 0.8576353 0.1971563 0.84746 0.2028874 0.8456996 0.1998766 0.8527539 0.1996687 0.7517768 0.5660049 0.7482099 0.5607416 0.7529311 0.5642756 0.7482099 0.5607416 0.7502381 0.5596573 0.7529311 0.5642756 0.7517768 0.5660049 0.7529311 0.5642756 0.7554903 0.5674431 0.7468554 0.5619491 0.7482099 0.5607416 0.7517768 0.5660049 0.84746 0.2028874 0.8361594 0.2077077 0.8456996 0.1998766 0.8361594 0.2077077 0.84746 0.2028874 0.8391919 0.2108467 0.8361594 0.2077077 0.8313406 0.2192835 0.828092 0.2155876 0.8313406 0.2192835 0.8361594 0.2077077 0.8391919 0.2108467 0.8313406 0.2192835 0.8212547 0.2245426 0.828092 0.2155876 0.8212547 0.2245426 0.8313406 0.2192835 0.8255762 0.2276697 0.8212547 0.2245426 0.8216093 0.2365958 0.8155817 0.2333177 0.8216093 0.2365958 0.8212547 0.2245426 0.8255762 0.2276697 0.8096073 0.2488731 0.8155817 0.2333177 0.8200817 0.2457062 0.8200817 0.2457062 0.8155817 0.2333177 0.8216093 0.2365958 0.8161471 0.2572948 0.8096073 0.2488731 0.8200817 0.2457062 0.8161471 0.2572948 0.8200817 0.2457062 0.8221501 0.2494879 0.8161471 0.2572948 0.8251054 0.2525201 0.8226997 0.2614597 0.8251054 0.2525201 0.8161471 0.2572948 0.8221501 0.2494879 0.8226997 0.2614597 0.8251054 0.2525201 0.834779 0.2610267 0.834779 0.2610267 0.8251054 0.2525201 0.8346779 0.2526404 0.834779 0.2610267 0.8434229 0.2498252 0.8464305 0.2617029 0.8434229 0.2498252 0.834779 0.2610267 0.8346779 0.2526404 0.8464305 0.2617029 0.8434229 0.2498252 0.853392 0.2531705 0.853392 0.2531705 0.8434229 0.2498252 0.8511356 0.2466937 0.8612618 0.2446332 0.853392 0.2531705 0.8511356 0.2466937 0.8612618 0.2446332 0.8511356 0.2466937 0.8604054 0.240801 0.8604054 0.240801 0.867752 0.2336437 0.8694313 0.2362883 0.8694313 0.2362883 0.8612618 0.2446332 0.8604054 0.240801 0.8694313 0.2362883 0.8729857 0.2299978 0.8747135 0.2318534 0.8729857 0.2299978 0.8694313 0.2362883 0.867752 0.2336437 0.8772479 0.2280773 0.8747135 0.2318534 0.8729857 0.2299978 0.8747135 0.2318534 0.8772479 0.2280773 0.8785749 0.2295319 0.7519763 0.4473656 0.7518191 0.4518715 0.7464833 0.4526146 0.7518191 0.4518715 0.7472283 0.4574655 0.7464833 0.4526146 0.7472283 0.4574655 0.7518191 0.4518715 0.7502822 0.4578463 0.7420285 0.4559765 0.7464833 0.4526146 0.7472283 0.4574655 0.7429339 0.4656957 0.7502822 0.4578463 0.7471561 0.4676581 0.7502822 0.4578463 0.7429339 0.4656957 0.7472283 0.4574655 0.7353065 0.4634904 0.7420285 0.4559765 0.7472283 0.4574655 0.7353065 0.4634904 0.7472283 0.4574655 0.7429339 0.4656957 0.7353065 0.4634904 0.7429339 0.4656957 0.7361176 0.4679151 0.7401223 0.4773511 0.7471561 0.4676581 0.7453778 0.4788765 0.7471561 0.4676581 0.7401223 0.4773511 0.7429339 0.4656957 0.7453778 0.4788765 0.7388492 0.4857473 0.7401223 0.4773511 0.7388492 0.4857473 0.7453778 0.4788765 0.7440253 0.487789 0.7344886 0.4738157 0.7401223 0.4773511 0.7388492 0.4857473 0.7401223 0.4773511 0.7361176 0.4679151 0.7429339 0.4656957 0.7361176 0.4679151 0.7401223 0.4773511 0.7344886 0.4738157 0.7317927 0.470865 0.7361176 0.4679151 0.7344886 0.4738157 0.7353065 0.4634904 0.7361176 0.4679151 0.7303472 0.467878 0.7303472 0.467878 0.7361176 0.4679151 0.7317927 0.470865 0.7317927 0.470865 0.7204871 0.4883362 0.7158302 0.4842806 0.7158302 0.4842806 0.7303472 0.467878 0.7317927 0.470865 0.7092847 0.4912808 0.7158302 0.4842806 0.7146235 0.4940995 0.7146235 0.4940995 0.7158302 0.4842806 0.7204871 0.4883362 0.7285405 0.4905213 0.7317927 0.470865 0.7344886 0.4738157 0.7317927 0.470865 0.7285405 0.4905213 0.7204871 0.4883362 0.7285405 0.4905213 0.7344886 0.4738157 0.7388492 0.4857473 0.7146235 0.4940995 0.7204871 0.4883362 0.7177903 0.4984374 0.7285405 0.4905213 0.7177903 0.4984374 0.7204871 0.4883362 0.7092847 0.4912808 0.7146235 0.4940995 0.6991388 0.5043041 0.6991388 0.5043041 0.7146235 0.4940995 0.7177903 0.4984374 0.7482099 0.5607416 0.7444419 0.5546596 0.746977 0.5546897 0.7482099 0.5607416 0.746977 0.5546897 0.7502381 0.5596573 0.7444419 0.5546596 0.7404525 0.544435 0.743449 0.5439479 0.743449 0.5439479 0.746977 0.5546897 0.7444419 0.5546596 0.739535 0.5567061 0.7444419 0.5546596 0.7468554 0.5619491 0.7444419 0.5546596 0.7482099 0.5607416 0.7468554 0.5619491 0.7404525 0.544435 0.7370808 0.5330119 0.7407325 0.5329117 0.7404525 0.544435 0.7407325 0.5329117 0.743449 0.5439479 0.7322167 0.5437787 0.7444419 0.5546596 0.739535 0.5567061 0.7404525 0.544435 0.7444419 0.5546596 0.7322167 0.5437787 0.7322167 0.5437787 0.739535 0.5567061 0.7276088 0.5465957 0.7370808 0.5330119 0.7322167 0.5437787 0.7273178 0.5344913 0.7322167 0.5437787 0.7370808 0.5330119 0.7404525 0.544435 0.7206892 0.5397284 0.7322167 0.5437787 0.7276088 0.5465957 0.7322167 0.5437787 0.7206892 0.5397284 0.7273178 0.5344913 0.6991388 0.5043041 0.7052181 0.5114185 0.7003415 0.5126285 0.7285405 0.4905213 0.7388492 0.4857473 0.7358028 0.4953044 0.7418941 0.4971358 0.7337036 0.5032546 0.7358028 0.4953044 0.7337036 0.5032546 0.7418941 0.4971358 0.7387161 0.5050618 0.7440253 0.487789 0.7358028 0.4953044 0.7388492 0.4857473 0.7358028 0.4953044 0.7440253 0.487789 0.7418941 0.4971358 0.7223894 0.5025563 0.7285405 0.4905213 0.7358028 0.4953044 0.7223894 0.5025563 0.7358028 0.4953044 0.7337036 0.5032546 0.7223894 0.5025563 0.7177903 0.4984374 0.7285405 0.4905213 0.7334707 0.5059846 0.7387161 0.5050618 0.7383422 0.506641 0.7387161 0.5050618 0.7334707 0.5059846 0.7337036 0.5032546 0.7163446 0.5049158 0.7177903 0.4984374 0.7223894 0.5025563 0.6991388 0.5043041 0.7177903 0.4984374 0.7163446 0.5049158 0.7109985 0.5087336 0.6991388 0.5043041 0.7163446 0.5049158 0.7052181 0.5114185 0.6991388 0.5043041 0.7109985 0.5087336 0.7112673 0.5155148 0.7035707 0.5203891 0.7052181 0.5114185 0.7035707 0.5203891 0.7003415 0.5126285 0.7052181 0.5114185 0.7109985 0.5087336 0.7163446 0.5049158 0.7163511 0.5120341 0.7112673 0.5155148 0.7052181 0.5114185 0.7109985 0.5087336 0.7112673 0.5155148 0.7109985 0.5087336 0.7163511 0.5120341 0.721991 0.5257058 0.7206892 0.5397284 0.7086577 0.5289317 0.7206892 0.5397284 0.721991 0.5257058 0.7273178 0.5344913 0.7086577 0.5289317 0.7112673 0.5155148 0.721991 0.5257058 0.7112673 0.5155148 0.7086577 0.5289317 0.7035707 0.5203891 0.7273178 0.5344913 0.721991 0.5257058 0.7334367 0.523527 0.7273178 0.5344913 0.7334367 0.523527 0.7370808 0.5330119 0.7370808 0.5330119 0.7334367 0.523527 0.7393713 0.523404 0.7393713 0.523404 0.7407325 0.5329117 0.7370808 0.5330119 0.7330394 0.5099275 0.7380973 0.5149269 0.733044 0.514873 0.7380973 0.5149269 0.7330394 0.5099275 0.7391273 0.5080089 0.7391273 0.5080089 0.7330394 0.5099275 0.7334707 0.5059846 0.7391273 0.5080089 0.7334707 0.5059846 0.7383422 0.506641 0.7334707 0.5059846 0.7223894 0.5025563 0.7337036 0.5032546 0.7223894 0.5025563 0.7334707 0.5059846 0.7217449 0.5056744 0.7163446 0.5049158 0.7223894 0.5025563 0.7217449 0.5056744 0.7217449 0.5056744 0.7334707 0.5059846 0.7330394 0.5099275 0.7163511 0.5120341 0.7163446 0.5049158 0.7217449 0.5056744 0.7330394 0.5099275 0.733044 0.514873 0.7217449 0.5056744 0.7334367 0.523527 0.733044 0.514873 0.7380973 0.5149269 0.7334367 0.523527 0.7380973 0.5149269 0.7393713 0.523404 0.733044 0.514873 0.7334367 0.523527 0.7255635 0.5171735 0.7255635 0.5171735 0.7217449 0.5056744 0.733044 0.514873 0.7255635 0.5171735 0.7163511 0.5120341 0.7217449 0.5056744 0.7255635 0.5171735 0.7112673 0.5155148 0.7163511 0.5120341 0.7112673 0.5155148 0.7255635 0.5171735 0.721991 0.5257058 0.7334367 0.523527 0.721991 0.5257058 0.7255635 0.5171735 0.01863932 0.646035 0.01945751 0.6571395 0.0140531 0.6488366 0.01945751 0.6571395 0.01863932 0.646035 0.02076596 0.6551705 0.02076596 0.6551705 0.01863932 0.646035 0.02382689 0.6535747 0.02530306 0.6453537 0.02382689 0.6535747 0.01863932 0.646035 0.03076076 0.6480405 0.02382689 0.6535747 0.02530306 0.6453537 0.02382689 0.6535747 0.03076076 0.6480405 0.02790075 0.655124 0.02581113 0.6677168 0.02790075 0.655124 0.03114646 0.6571075 0.02581113 0.6677168 0.02382689 0.6535747 0.02790075 0.655124 0.03436124 0.6523706 0.03114646 0.6571075 0.03076076 0.6480405 0.03114646 0.6571075 0.02790075 0.655124 0.03076076 0.6480405 0.0140531 0.6488366 0.01945751 0.6571395 0.01238173 0.6522959 0.01238173 0.6522959 0.01945751 0.6571395 0.01691693 0.6582961 0.01691693 0.6582961 0.01945751 0.6571395 0.02581113 0.6677168 0.03865951 0.6549412 0.03437268 0.6598949 0.03436124 0.6523706 0.03437268 0.6598949 0.03114646 0.6571075 0.03436124 0.6523706 0.02581113 0.6677168 0.03114646 0.6571075 0.03437268 0.6598949 0.02581113 0.6677168 0.02076596 0.6551705 0.02382689 0.6535747 0.01945751 0.6571395 0.02076596 0.6551705 0.02581113 0.6677168 0.03130012 0.6155111 0.02571123 0.6299226 0.02533793 0.6166378 0.02571123 0.6299226 0.03130012 0.6155111 0.03234785 0.6287643 0.03272408 0.6428314 0.02530306 0.6453537 0.0252825 0.6414408 0.02530306 0.6453537 0.03272408 0.6428314 0.03076076 0.6480405 0.03874564 0.6463584 0.03076076 0.6480405 0.03272408 0.6428314 0.03076076 0.6480405 0.03874564 0.6463584 0.03436124 0.6523706 0.03234785 0.6287643 0.03130012 0.6155111 0.0386002 0.627354 0.0386002 0.627354 0.03130012 0.6155111 0.03722178 0.6143972 0.03234785 0.6287643 0.0391373 0.6375854 0.03255897 0.6369057 0.0391373 0.6375854 0.03234785 0.6287643 0.0386002 0.627354 0.03874564 0.6463584 0.03255897 0.6369057 0.0391373 0.6375854 0.03255897 0.6369057 0.03874564 0.6463584 0.03272408 0.6428314 0.03436124 0.6523706 0.04497307 0.6480311 0.03865951 0.6549412 0.04497307 0.6480311 0.03436124 0.6523706 0.03874564 0.6463584 0.0386002 0.627354 0.03722178 0.6143972 0.04477876 0.6263163 0.04283165 0.6142233 0.04477876 0.6263163 0.03722178 0.6143972 0.04672902 0.6371874 0.0386002 0.627354 0.04477876 0.6263163 0.0386002 0.627354 0.04672902 0.6371874 0.0391373 0.6375854 0.04672902 0.6371874 0.04497307 0.6480311 0.0391373 0.6375854 0.04497307 0.6480311 0.03874564 0.6463584 0.0391373 0.6375854 0.007757663 0.6265608 0.01002371 0.6146386 0.0134086 0.6280561 0.01472556 0.6156527 0.0134086 0.6280561 0.01002371 0.6146386 0.005845963 0.6463091 0.0140531 0.6488366 0.01238173 0.6522959 0.005845963 0.6463091 0.01214569 0.6429685 0.0140531 0.6488366 0.01231253 0.6356826 0.007757663 0.6265608 0.0134086 0.6280561 0.007757663 0.6265608 0.01231253 0.6356826 0.004028737 0.6364014 0.004028737 0.6364014 0.01231253 0.6356826 0.01214569 0.6429685 0.01214569 0.6429685 0.005845963 0.6463091 0.004028737 0.6364014 0.0179938 0.6418915 0.0140531 0.6488366 0.01214569 0.6429685 0.0140531 0.6488366 0.0179938 0.6418915 0.01863932 0.646035 0.02533793 0.6166378 0.01909881 0.6293613 0.01955968 0.6165781 0.01909881 0.6293613 0.02533793 0.6166378 0.02571123 0.6299226 0.0134086 0.6280561 0.01955968 0.6165781 0.01909881 0.6293613 0.01955968 0.6165781 0.0134086 0.6280561 0.01472556 0.6156527 0.0252825 0.6414408 0.01863932 0.646035 0.0179938 0.6418915 0.01863932 0.646035 0.0252825 0.6414408 0.02530306 0.6453537 0.03255897 0.6369057 0.0252825 0.6414408 0.02527898 0.6366374 0.0252825 0.6414408 0.03255897 0.6369057 0.03272408 0.6428314 0.03234785 0.6287643 0.02527898 0.6366374 0.02571123 0.6299226 0.02527898 0.6366374 0.03234785 0.6287643 0.03255897 0.6369057 0.02571123 0.6299226 0.02527898 0.6366374 0.01877945 0.6363266 0.02571123 0.6299226 0.01877945 0.6363266 0.01909881 0.6293613 0.0252825 0.6414408 0.01877945 0.6363266 0.02527898 0.6366374 0.01877945 0.6363266 0.0252825 0.6414408 0.0179938 0.6418915 0.01909881 0.6293613 0.01877945 0.6363266 0.01231253 0.6356826 0.01231253 0.6356826 0.0134086 0.6280561 0.01909881 0.6293613 0.01214569 0.6429685 0.01877945 0.6363266 0.0179938 0.6418915 0.01877945 0.6363266 0.01214569 0.6429685 0.01231253 0.6356826 0.01661419 0.5808563 0.01657885 0.5655823 0.02235156 0.5799795 0.02284902 0.5650138 0.02235156 0.5799795 0.01657885 0.5655823 0.01670885 0.5478281 0.02324938 0.5428847 0.02395057 0.5478424 0.02324938 0.5428847 0.01670885 0.5478281 0.01828128 0.5415998 0.01075321 0.5432609 0.01828128 0.5415998 0.01670885 0.5478281 0.01828128 0.5415998 0.01075321 0.5432609 0.01492106 0.5384001 0.01661419 0.5808563 0.01049852 0.566156 0.01657885 0.5655823 0.01049852 0.566156 0.01661419 0.5808563 0.01059997 0.5810602 0.01657885 0.5655823 0.0102868 0.5547055 0.01613748 0.5549288 0.0102868 0.5547055 0.01657885 0.5655823 0.01049852 0.566156 0.0102868 0.5547055 0.01670885 0.5478281 0.01613748 0.5549288 0.01670885 0.5478281 0.0102868 0.5547055 0.01075321 0.5432609 0.01492106 0.5384001 0.01075321 0.5432609 0.01097053 0.5352271 0.01097053 0.5352271 0.01075321 0.5432609 0.00547111 0.5406865 0.01049852 0.566156 0.004614055 0.5800489 0.004506528 0.5660901 0.004614055 0.5800489 0.01049852 0.566156 0.01059997 0.5810602 0.003977537 0.5544416 0.01049852 0.566156 0.004506528 0.5660901 0.01049852 0.566156 0.003977537 0.5544416 0.0102868 0.5547055 0.01075321 0.5432609 0.003977537 0.5544416 0.00547111 0.5406865 0.003977537 0.5544416 0.01075321 0.5432609 0.0102868 0.5547055 0.04336893 0.5429607 0.03746396 0.5461285 0.03548949 0.5405779 0.04336893 0.5429607 0.03548949 0.5405779 0.0380966 0.537642 0.04099643 0.5679327 0.03397363 0.5803132 0.03539085 0.5666617 0.03397363 0.5803132 0.04099643 0.5679327 0.03968417 0.5817372 0.03539085 0.5666617 0.03711473 0.5564808 0.04298985 0.5565095 0.03539085 0.5666617 0.04298985 0.5565095 0.04099643 0.5679327 0.04336893 0.5429607 0.04298985 0.5565095 0.03746396 0.5461285 0.03711473 0.5564808 0.03746396 0.5461285 0.04298985 0.5565095 0.03746396 0.5461285 0.03026676 0.5482159 0.03081315 0.5431846 0.03081315 0.5431846 0.03548949 0.5405779 0.03746396 0.5461285 0.02235156 0.5799795 0.02284902 0.5650138 0.0281791 0.5795767 0.0281791 0.5795767 0.02284902 0.5650138 0.02941089 0.5653788 0.03539085 0.5666617 0.0281791 0.5795767 0.02941089 0.5653788 0.0281791 0.5795767 0.03539085 0.5666617 0.03397363 0.5803132 0.02395057 0.5478424 0.03081315 0.5431846 0.03026676 0.5482159 0.03081315 0.5431846 0.02395057 0.5478424 0.02324938 0.5428847 0.02941089 0.5653788 0.03027325 0.5560573 0.03711473 0.5564808 0.02941089 0.5653788 0.03711473 0.5564808 0.03539085 0.5666617 0.02284902 0.5650138 0.01613748 0.5549288 0.02313154 0.5551688 0.01613748 0.5549288 0.02284902 0.5650138 0.01657885 0.5655823 0.02313154 0.5551688 0.02941089 0.5653788 0.02284902 0.5650138 0.02941089 0.5653788 0.02313154 0.5551688 0.03027325 0.5560573 0.02395057 0.5478424 0.02313154 0.5551688 0.01670885 0.5478281 0.02313154 0.5551688 0.01613748 0.5549288 0.01670885 0.5478281 0.03027325 0.5560573 0.02313154 0.5551688 0.03026676 0.5482159 0.02313154 0.5551688 0.02395057 0.5478424 0.03026676 0.5482159 0.03027325 0.5560573 0.03026676 0.5482159 0.03711473 0.5564808 0.03026676 0.5482159 0.03746396 0.5461285 0.03711473 0.5564808 0.7196487 0.5565772 0.7104305 0.553301 0.7137259 0.5498945 0.7196487 0.5565772 0.7125933 0.5583838 0.7104305 0.553301 0.7163555 0.5783049 0.7090915 0.5955342 0.7106899 0.5777028 0.7090915 0.5955342 0.7163555 0.5783049 0.714473 0.5956912 0.7071681 0.5600548 0.7104305 0.553301 0.7125933 0.5583838 0.7104305 0.553301 0.7071681 0.5600548 0.7062444 0.5568991 0.7106899 0.5777028 0.7090915 0.5955342 0.7046247 0.5770085 0.7036252 0.5951371 0.7046247 0.5770085 0.7090915 0.5955342 0.7060039 0.5681205 0.7106899 0.5777028 0.7046247 0.5770085 0.7106899 0.5777028 0.7060039 0.5681205 0.7128722 0.567629 0.7060039 0.5681205 0.7071681 0.5600548 0.7128722 0.567629 0.7071681 0.5600548 0.7125933 0.5583838 0.7128722 0.567629 0.7062444 0.5568991 0.6995124 0.5592545 0.6992586 0.5569536 0.6995124 0.5592545 0.7062444 0.5568991 0.7071681 0.5600548 0.7046247 0.5770085 0.6977611 0.5946941 0.6983072 0.57621 0.6977611 0.5946941 0.7046247 0.5770085 0.7036252 0.5951371 0.7046247 0.5770085 0.6990879 0.5676051 0.7060039 0.5681205 0.6990879 0.5676051 0.7046247 0.5770085 0.6983072 0.57621 0.7060039 0.5681205 0.6995124 0.5592545 0.7071681 0.5600548 0.6995124 0.5592545 0.7060039 0.5681205 0.6990879 0.5676051 0.6977611 0.5946941 0.6919907 0.5759414 0.6983072 0.57621 0.6919907 0.5759414 0.6977611 0.5946941 0.6918354 0.5944947 0.6995124 0.5592545 0.6935002 0.5550985 0.6992586 0.5569536 0.6935002 0.5550985 0.6995124 0.5592545 0.6918532 0.5591945 0.6990879 0.5676051 0.6983072 0.57621 0.6919907 0.5759414 0.6990879 0.5676051 0.6919907 0.5759414 0.6921529 0.5670128 0.6995124 0.5592545 0.6921529 0.5670128 0.6918532 0.5591945 0.6921529 0.5670128 0.6995124 0.5592545 0.6990879 0.5676051 0.6918532 0.5591945 0.6853882 0.5572009 0.6889067 0.5526602 0.6918532 0.5591945 0.6889067 0.5526602 0.6935002 0.5550985 0.6804902 0.5944617 0.6802663 0.576794 0.6861082 0.5945251 0.6859288 0.576126 0.6861082 0.5945251 0.6802663 0.576794 0.6919907 0.5759414 0.6861082 0.5945251 0.6859288 0.576126 0.6861082 0.5945251 0.6919907 0.5759414 0.6918354 0.5944947 0.6790794 0.5545566 0.6889067 0.5526602 0.6853882 0.5572009 0.6889067 0.5526602 0.6790794 0.5545566 0.6854506 0.5481042 0.6853882 0.5572009 0.685445 0.5658956 0.6777199 0.5657096 0.6853882 0.5572009 0.6777199 0.5657096 0.6790794 0.5545566 0.685445 0.5658956 0.6918532 0.5591945 0.6921529 0.5670128 0.6918532 0.5591945 0.685445 0.5658956 0.6853882 0.5572009 0.7106899 0.5777028 0.7196369 0.5675768 0.7163555 0.5783049 0.7196369 0.5675768 0.7106899 0.5777028 0.7128722 0.567629 0.6859288 0.576126 0.6777199 0.5657096 0.685445 0.5658956 0.6777199 0.5657096 0.6859288 0.576126 0.6802663 0.576794 0.7196369 0.5675768 0.7125933 0.5583838 0.7196487 0.5565772 0.7125933 0.5583838 0.7196369 0.5675768 0.7128722 0.567629 0.6859288 0.576126 0.6921529 0.5670128 0.6919907 0.5759414 0.6921529 0.5670128 0.6859288 0.576126 0.685445 0.5658956 0.6889067 0.5526602 0.6938574 0.546896 0.6935002 0.5550985 0.6971245 0.5476763 0.6935002 0.5550985 0.6938574 0.546896 0.6938574 0.546896 0.6854506 0.5481042 0.6916154 0.5443753 0.6854506 0.5481042 0.6938574 0.546896 0.6889067 0.5526602 0.7137259 0.5498945 0.7057479 0.5472322 0.7083616 0.5450068 0.7057479 0.5472322 0.7137259 0.5498945 0.7104305 0.553301 0.7002625 0.5370613 0.7057479 0.5472322 0.7032445 0.5474221 0.7002625 0.5370613 0.7083616 0.5450068 0.7057479 0.5472322 0.7062444 0.5568991 0.7057479 0.5472322 0.7104305 0.553301 0.7057479 0.5472322 0.7062444 0.5568991 0.7032445 0.5474221 0.6935002 0.5550985 0.6971245 0.5476763 0.6992586 0.5569536 0.7000011 0.5476163 0.6992586 0.5569536 0.6971245 0.5476763 0.7000011 0.5476163 0.6971245 0.5476763 0.7002625 0.5370613 0.7032445 0.5474221 0.6992586 0.5569536 0.7000011 0.5476163 0.6992586 0.5569536 0.7032445 0.5474221 0.7062444 0.5568991 0.7002625 0.5370613 0.7032445 0.5474221 0.7000011 0.5476163 0.7002625 0.5370613 0.6938574 0.546896 0.6916154 0.5443753 0.6971245 0.5476763 0.6938574 0.546896 0.7002625 0.5370613 0.01828128 0.5415998 0.01984471 0.532744 0.02233856 0.5337613 0.01492106 0.5384001 0.01984471 0.532744 0.01828128 0.5415998 0.01828128 0.5415998 0.02233856 0.5337613 0.02324938 0.5428847 0.02477759 0.5344157 0.02324938 0.5428847 0.02233856 0.5337613 0.02324938 0.5428847 0.0277388 0.5344728 0.03081315 0.5431846 0.0277388 0.5344728 0.02324938 0.5428847 0.02477759 0.5344157 0.03044915 0.5339358 0.0277388 0.5344728 0.02519983 0.5227745 0.0277388 0.5344728 0.02477759 0.5344157 0.02519983 0.5227745 0.03081315 0.5431846 0.03044915 0.5339358 0.03548949 0.5405779 0.03044915 0.5339358 0.03081315 0.5431846 0.0277388 0.5344728 0.03548949 0.5405779 0.03305721 0.531704 0.0380966 0.537642 0.03305721 0.531704 0.03548949 0.5405779 0.03044915 0.5339358 0.03305721 0.531704 0.03044915 0.5339358 0.02519983 0.5227745 0.01984471 0.532744 0.01492106 0.5384001 0.01684498 0.5306486 0.01684498 0.5306486 0.01492106 0.5384001 0.01097053 0.5352271 0.02519983 0.5227745 0.01984471 0.532744 0.01684498 0.5306486 0.02477759 0.5344157 0.02233856 0.5337613 0.02519983 0.5227745 0.02519983 0.5227745 0.02233856 0.5337613 0.01984471 0.532744 0.6946383 0.6780264 0.6967825 0.6782334 0.6936351 0.6909848 0.6967825 0.6782334 0.6995668 0.6791452 0.6936351 0.6909848 0.6995668 0.6791452 0.7023922 0.681337 0.6936351 0.6909848 0.6861149 0.6807626 0.6894325 0.6791305 0.6936351 0.6909848 0.6894325 0.6791305 0.6922823 0.6781563 0.6936351 0.6909848 0.6922823 0.6781563 0.6946383 0.6780264 0.6936351 0.6909848 0.8755295 0.8583687 0.8499708 0.8703325 0.8619157 0.8524274 0.8499708 0.8703325 0.8755295 0.8583687 0.8618153 0.8737562 0.8886798 0.8434071 0.8619157 0.8524274 0.8725096 0.8323052 0.8619157 0.8524274 0.8886798 0.8434071 0.8755295 0.8583687 0.7798555 0.2634518 0.7831804 0.2597278 0.778731 0.260986 0.778731 0.260986 0.7831804 0.2597278 0.7810881 0.2569797 0.7827316 0.2637982 0.7831804 0.2597278 0.7798555 0.2634518 0.7857972 0.2620772 0.7831804 0.2597278 0.7827316 0.2637982 0.7831804 0.2597278 0.786108 0.2556789 0.7810881 0.2569797 0.7879769 0.2579416 0.7831804 0.2597278 0.7857972 0.2620772 0.7879769 0.2579416 0.786108 0.2556789 0.7831804 0.2597278 0.7810881 0.2569797 0.786108 0.2556789 0.7869933 0.2496058 0.7869933 0.2496058 0.7778866 0.2530743 0.7810881 0.2569797 0.7723882 0.2604362 0.778731 0.260986 0.7778866 0.2530743 0.7778866 0.2530743 0.778731 0.260986 0.7810881 0.2569797 0.778731 0.260986 0.774423 0.2667274 0.7798555 0.2634518 0.774423 0.2667274 0.778731 0.260986 0.7723882 0.2604362 0.7798555 0.2634518 0.774423 0.2667274 0.7814211 0.2684026 0.7814211 0.2684026 0.7827316 0.2637982 0.7798555 0.2634518 0.7886323 0.2647251 0.7827316 0.2637982 0.7814211 0.2684026 0.7827316 0.2637982 0.7886323 0.2647251 0.7857972 0.2620772 0.7886323 0.2647251 0.7928174 0.2543902 0.7879769 0.2579416 0.7886323 0.2647251 0.7879769 0.2579416 0.7857972 0.2620772 0.7869933 0.2496058 0.7879769 0.2579416 0.7928174 0.2543902 0.7879769 0.2579416 0.7869933 0.2496058 0.786108 0.2556789 0.7869933 0.2496058 0.8004467 0.2426695 0.7926846 0.2381159 0.8004467 0.2426695 0.7869933 0.2496058 0.7928174 0.2543902 0.7988224 0.2263399 0.8004467 0.2426695 0.8063 0.2317806 0.8004467 0.2426695 0.7988224 0.2263399 0.7926846 0.2381159 0.8004467 0.2426695 0.7928174 0.2543902 0.8033015 0.2603871 0.8004467 0.2426695 0.8033015 0.2603871 0.8096073 0.2488731 0.7886323 0.2647251 0.8033015 0.2603871 0.7928174 0.2543902 0.8033015 0.2603871 0.7886323 0.2647251 0.7949603 0.2717142 0.7814211 0.2684026 0.7949603 0.2717142 0.7886323 0.2647251 0.7949603 0.2717142 0.7814211 0.2684026 0.7833698 0.2806276 0.7833698 0.2806276 0.7814211 0.2684026 0.770332 0.2797001 0.770332 0.2797001 0.7814211 0.2684026 0.774423 0.2667274 0.7926846 0.2381159 0.7864543 0.2313357 0.7781292 0.2391067 0.7781292 0.2391067 0.7869933 0.2496058 0.7926846 0.2381159 0.7781292 0.2391067 0.7778866 0.2530743 0.7869933 0.2496058 0.7778866 0.2530743 0.7781292 0.2391067 0.7708563 0.246173 0.7708563 0.246173 0.7723882 0.2604362 0.7778866 0.2530743 0.7723882 0.2604362 0.7708563 0.246173 0.7640665 0.2542432 0.7640665 0.2542432 0.7610512 0.265493 0.7723882 0.2604362 0.7610512 0.265493 0.774423 0.2667274 0.7723882 0.2604362 0.770332 0.2797001 0.7610512 0.265493 0.7575532 0.2749807 0.7610512 0.265493 0.770332 0.2797001 0.774423 0.2667274 0.7575532 0.2749807 0.7486853 0.2586653 0.7434691 0.2673647 0.7486853 0.2586653 0.7575532 0.2749807 0.7610512 0.265493 0.7486853 0.2586653 0.7640665 0.2542432 0.7548791 0.2478101 0.7640665 0.2542432 0.7486853 0.2586653 0.7610512 0.265493 0.7548791 0.2478101 0.7640665 0.2542432 0.7624787 0.2381594 0.7624787 0.2381594 0.7640665 0.2542432 0.7708563 0.246173 0.7781292 0.2391067 0.7717936 0.230611 0.7708563 0.246173 0.7717936 0.230611 0.7624787 0.2381594 0.7708563 0.246173 0.7864543 0.2313357 0.7822613 0.225373 0.7781292 0.2391067 0.7822613 0.225373 0.7717936 0.230611 0.7781292 0.2391067 0.7717936 0.230611 0.7822613 0.225373 0.7795355 0.2160646 0.7717936 0.230611 0.7795355 0.2160646 0.7678422 0.2201689 0.7795355 0.2160646 0.7640181 0.2131131 0.7678422 0.2201689 0.7640181 0.2131131 0.7795355 0.2160646 0.7796826 0.2079409 0.7717936 0.230611 0.7547898 0.2296569 0.7624787 0.2381594 0.7547898 0.2296569 0.7717936 0.230611 0.7678422 0.2201689 0.7624787 0.2381594 0.7447414 0.239432 0.7548791 0.2478101 0.7447414 0.239432 0.7624787 0.2381594 0.7547898 0.2296569 0.7434691 0.2673647 0.7360275 0.2501213 0.7310607 0.2605609 0.7360275 0.2501213 0.7434691 0.2673647 0.7486853 0.2586653 0.7360275 0.2501213 0.7548791 0.2478101 0.7447414 0.239432 0.7548791 0.2478101 0.7360275 0.2501213 0.7486853 0.2586653 0.7201651 0.2532156 0.7310607 0.2605609 0.7360275 0.2501213 0.7201651 0.2532156 0.7360275 0.2501213 0.7272064 0.2423747 0.7073479 0.2451837 0.7272064 0.2423747 0.7152447 0.2326558 0.7272064 0.2423747 0.7073479 0.2451837 0.7201651 0.2532156 0.7272064 0.2423747 0.7447414 0.239432 0.7361727 0.2315915 0.7447414 0.239432 0.7272064 0.2423747 0.7360275 0.2501213 0.7152447 0.2326558 0.7272064 0.2423747 0.7361727 0.2315915 0.7152447 0.2326558 0.7361727 0.2315915 0.7270722 0.2211055 0.7361727 0.2315915 0.7547898 0.2296569 0.7503179 0.2214466 0.7547898 0.2296569 0.7361727 0.2315915 0.7447414 0.239432 0.7547898 0.2296569 0.7678422 0.2201689 0.7503179 0.2214466 0.7503179 0.2214466 0.7678422 0.2201689 0.7640181 0.2131131 0.7640181 0.2131131 0.7796826 0.2079409 0.7625243 0.2033259 0.7625243 0.2033259 0.7796826 0.2079409 0.7789613 0.199558 0.7449539 0.2101168 0.7640181 0.2131131 0.7625243 0.2033259 0.7640181 0.2131131 0.7449539 0.2101168 0.7503179 0.2214466 0.7270722 0.2211055 0.7361727 0.2315915 0.7503179 0.2214466 0.7270722 0.2211055 0.7503179 0.2214466 0.7449539 0.2101168 0.8096073 0.2488731 0.8033015 0.2603871 0.8161471 0.2572948 0.8033015 0.2603871 0.8102046 0.2677354 0.8161471 0.2572948 0.8102046 0.2677354 0.8226997 0.2614597 0.8161471 0.2572948 0.8226997 0.2614597 0.8102046 0.2677354 0.8184362 0.2736968 0.8033015 0.2603871 0.7949603 0.2717142 0.8102046 0.2677354 0.7949603 0.2717142 0.8026863 0.2804697 0.8102046 0.2677354 0.8102046 0.2677354 0.8026863 0.2804697 0.8184362 0.2736968 0.8026863 0.2804697 0.8132851 0.2867944 0.8184362 0.2736968 0.8132851 0.2867944 0.8293038 0.2760033 0.8184362 0.2736968 0.8293038 0.2760033 0.8132851 0.2867944 0.8275723 0.2906442 0.8275723 0.2906442 0.8406293 0.2783431 0.8293038 0.2760033 0.8406293 0.2783431 0.8275723 0.2906442 0.8408715 0.2933646 0.8408715 0.2933646 0.8544245 0.283428 0.8406293 0.2783431 0.8544245 0.283428 0.8408715 0.2933646 0.855246 0.295705 0.8741977 0.2859053 0.855246 0.295705 0.876609 0.2944995 0.855246 0.295705 0.8741977 0.2859053 0.8544245 0.283428 0.8026863 0.2804697 0.7949603 0.2717142 0.7833698 0.2806276 0.7833698 0.2806276 0.7883597 0.2973322 0.8026863 0.2804697 0.8026863 0.2804697 0.7883597 0.2973322 0.8086098 0.3018778 0.8026863 0.2804697 0.8086098 0.3018778 0.8132851 0.2867944 0.76683 0.2936294 0.7833698 0.2806276 0.770332 0.2797001 0.7833698 0.2806276 0.76683 0.2936294 0.7883597 0.2973322 0.76683 0.2936294 0.7575532 0.2749807 0.7513209 0.2888388 0.7575532 0.2749807 0.76683 0.2936294 0.770332 0.2797001 0.7513209 0.2888388 0.7434691 0.2673647 0.7360779 0.2797537 0.7434691 0.2673647 0.7513209 0.2888388 0.7575532 0.2749807 0.7360779 0.2797537 0.7310607 0.2605609 0.7227642 0.2762718 0.7310607 0.2605609 0.7360779 0.2797537 0.7434691 0.2673647 0.7227642 0.2762718 0.7201651 0.2532156 0.711252 0.2707855 0.7201651 0.2532156 0.7227642 0.2762718 0.7310607 0.2605609 0.6980421 0.2633441 0.7201651 0.2532156 0.7073479 0.2451837 0.7201651 0.2532156 0.6980421 0.2633441 0.711252 0.2707855 0.8086098 0.3018778 0.8253689 0.3028379 0.8132851 0.2867944 0.8253689 0.3028379 0.8275723 0.2906442 0.8132851 0.2867944 0.8253689 0.3028379 0.8408715 0.2933646 0.8275723 0.2906442 0.8408715 0.2933646 0.8253689 0.3028379 0.8420767 0.3050714 0.855246 0.295705 0.8420767 0.3050714 0.8582383 0.3077207 0.8420767 0.3050714 0.855246 0.295705 0.8408715 0.2933646 0.876609 0.2944995 0.8582383 0.3077207 0.878742 0.3029714 0.8582383 0.3077207 0.876609 0.2944995 0.855246 0.295705 0.7227642 0.2762718 0.7227717 0.3120516 0.7360779 0.2797537 0.690191 0.2993935 0.7227717 0.3120516 0.711252 0.2707855 0.711252 0.2707855 0.7227717 0.3120516 0.7227642 0.2762718 0.690191 0.2993935 0.711252 0.2707855 0.6980421 0.2633441 0.7212473 0.3415101 0.690191 0.2993935 0.6867917 0.3329562 0.690191 0.2993935 0.7212473 0.3415101 0.7227717 0.3120516 0.7513209 0.2888388 0.7550227 0.320727 0.76683 0.2936294 0.7550227 0.320727 0.7513209 0.2888388 0.7227717 0.3120516 0.7360779 0.2797537 0.7227717 0.3120516 0.7513209 0.2888388 0.7968982 0.3264735 0.8086098 0.3018778 0.7883597 0.2973322 0.7968982 0.3264735 0.7883597 0.2973322 0.7550227 0.320727 0.7550227 0.320727 0.7883597 0.2973322 0.76683 0.2936294 0.7968982 0.3264735 0.8258101 0.3309904 0.8086098 0.3018778 0.8258101 0.3309904 0.8253689 0.3028379 0.8086098 0.3018778 0.8258101 0.3309904 0.8420767 0.3050714 0.8253689 0.3028379 0.8420767 0.3050714 0.8258101 0.3309904 0.8585456 0.3342865 0.8585456 0.3342865 0.8582383 0.3077207 0.8420767 0.3050714 0.8582383 0.3077207 0.8869246 0.3225584 0.878742 0.3029714 0.8869246 0.3225584 0.8582383 0.3077207 0.8585456 0.3342865 0.7956952 0.357441 0.7968982 0.3264735 0.7571544 0.3509313 0.7571544 0.3509313 0.7968982 0.3264735 0.7550227 0.320727 0.7550227 0.320727 0.7212473 0.3415101 0.7571544 0.3509313 0.7212473 0.3415101 0.7550227 0.320727 0.7227717 0.3120516 0.7196066 0.3750635 0.6867917 0.3329562 0.6837679 0.3714345 0.6867917 0.3329562 0.7196066 0.3750635 0.7212473 0.3415101 0.8869246 0.3225584 0.8678244 0.3558769 0.8979768 0.3424873 0.8678244 0.3558769 0.8869246 0.3225584 0.8585456 0.3342865 0.8741344 0.385827 0.8979768 0.3424873 0.8678244 0.3558769 0.8979768 0.3424873 0.8741344 0.385827 0.9151176 0.3683213 0.8585456 0.3342865 0.8288711 0.3615481 0.8678244 0.3558769 0.8288711 0.3615481 0.8585456 0.3342865 0.8258101 0.3309904 0.7956952 0.357441 0.8258101 0.3309904 0.7968982 0.3264735 0.8258101 0.3309904 0.7956952 0.357441 0.8288711 0.3615481 0.8678244 0.3558769 0.8328863 0.3896917 0.8741344 0.385827 0.8328863 0.3896917 0.8678244 0.3558769 0.8288711 0.3615481 0.7920273 0.3870573 0.8288711 0.3615481 0.7956952 0.357441 0.8288711 0.3615481 0.7920273 0.3870573 0.8328863 0.3896917 0.7536699 0.3791771 0.7956952 0.357441 0.7571544 0.3509313 0.7956952 0.357441 0.7536699 0.3791771 0.7920273 0.3870573 0.7571544 0.3509313 0.7196066 0.3750635 0.7536699 0.3791771 0.7196066 0.3750635 0.7571544 0.3509313 0.7212473 0.3415101 0.7181568 0.4021134 0.6837679 0.3714345 0.676775 0.4001112 0.6837679 0.3714345 0.7181568 0.4021134 0.7196066 0.3750635 0.7098366 0.4431183 0.676775 0.4001112 0.6697868 0.4281236 0.676775 0.4001112 0.7098366 0.4431183 0.7181568 0.4021134 0.7500136 0.4115699 0.7196066 0.3750635 0.7181568 0.4021134 0.7196066 0.3750635 0.7500136 0.4115699 0.7536699 0.3791771 0.7904087 0.4234442 0.7920273 0.3870573 0.7500136 0.4115699 0.7500136 0.4115699 0.7920273 0.3870573 0.7536699 0.3791771 0.8387573 0.4290216 0.8328863 0.3896917 0.7904087 0.4234442 0.7904087 0.4234442 0.8328863 0.3896917 0.7920273 0.3870573 0.8741344 0.385827 0.8387573 0.4290216 0.887522 0.4212648 0.8387573 0.4290216 0.8741344 0.385827 0.8328863 0.3896917 0.887522 0.4212648 0.9151176 0.3683213 0.8741344 0.385827 0.9151176 0.3683213 0.887522 0.4212648 0.9385886 0.4060245 0.8387573 0.4290216 0.7931082 0.4855548 0.8465186 0.4858872 0.7931082 0.4855548 0.8387573 0.4290216 0.7904087 0.4234442 0.887522 0.4212648 0.8465186 0.4858872 0.903927 0.4715525 0.8465186 0.4858872 0.887522 0.4212648 0.8387573 0.4290216 0.9385886 0.4060245 0.903927 0.4715525 0.9590657 0.4505529 0.903927 0.4715525 0.9385886 0.4060245 0.887522 0.4212648 0.9590657 0.4505529 0.903927 0.4715525 0.9170992 0.525455 0.9590657 0.4505529 0.9170992 0.525455 0.9791373 0.5077768 0.763885 0.6116625 0.8223618 0.6128495 0.77802 0.5404543 0.8223618 0.6128495 0.8434532 0.5443226 0.77802 0.5404543 0.77802 0.5404543 0.8434532 0.5443226 0.7931082 0.4855548 0.8434532 0.5443226 0.8465186 0.4858872 0.7931082 0.4855548 0.9170992 0.525455 0.8465186 0.4858872 0.8434532 0.5443226 0.8465186 0.4858872 0.9170992 0.525455 0.903927 0.4715525 0.9170992 0.525455 0.9946723 0.5681083 0.9791373 0.5077768 0.9946723 0.5681083 0.9170992 0.525455 0.9275878 0.5806319 0.9946723 0.5681083 0.9275878 0.5806319 0.958422 0.6091018 0.9946723 0.5681083 0.958422 0.6091018 0.9960047 0.6070696 0.7643106 0.6771801 0.8135567 0.6738819 0.763885 0.6116625 0.8135567 0.6738819 0.8223618 0.6128495 0.763885 0.6116625 0.6869522 0.1591317 0.7070291 0.1430596 0.6921047 0.1361299 0.7070291 0.1430596 0.6869522 0.1591317 0.7049256 0.162167 0.7070291 0.1430596 0.7049256 0.162167 0.7128638 0.1621074 0.7070291 0.1430596 0.7128638 0.1621074 0.7151839 0.1423944 0.8798087 0.6234819 0.8733996 0.668645 0.917062 0.6558726 0.8733996 0.668645 0.9067602 0.6745637 0.917062 0.6558726 0.9056478 0.6900601 0.8733996 0.668645 0.8719577 0.7046297 0.8733996 0.668645 0.9056478 0.6900601 0.9067602 0.6745637 0.7051395 0.1748427 0.6869522 0.1591317 0.6862569 0.1785305 0.6869522 0.1591317 0.7051395 0.1748427 0.7049256 0.162167 0.7051395 0.1748427 0.7128638 0.1621074 0.7049256 0.162167 0.7128638 0.1621074 0.7051395 0.1748427 0.7130391 0.1715291 0.7130391 0.1715291 0.7229564 0.1674083 0.7128638 0.1621074 0.7229564 0.1674083 0.7215029 0.1602607 0.7128638 0.1621074 0.7465098 0.1562764 0.7215029 0.1602607 0.7456727 0.1627121 0.7229564 0.1674083 0.7456727 0.1627121 0.7215029 0.1602607 0.7845711 0.1614693 0.7456727 0.1627121 0.7472661 0.1668924 0.7472661 0.1668924 0.7846186 0.1674927 0.7845711 0.1614693 0.7456727 0.1627121 0.7229564 0.1674083 0.7254426 0.1745988 0.7254426 0.1745988 0.7472661 0.1668924 0.7456727 0.1627121 0.7130391 0.1715291 0.7159668 0.1798041 0.7229564 0.1674083 0.7159668 0.1798041 0.7254426 0.1745988 0.7229564 0.1674083 0.7051395 0.1748427 0.7159668 0.1798041 0.7130391 0.1715291 0.7159668 0.1798041 0.7051395 0.1748427 0.707612 0.1845548 0.6862569 0.1785305 0.6929484 0.1919312 0.7051395 0.1748427 0.6929484 0.1919312 0.707612 0.1845548 0.7051395 0.1748427 0.9275878 0.5806319 0.9410798 0.6213851 0.958422 0.6091018 0.9410798 0.6213851 0.9275878 0.5806319 0.9255884 0.61602 0.9410798 0.6213851 0.9255884 0.61602 0.9282117 0.6429903 0.9282117 0.6429903 0.9456841 0.6422778 0.9410798 0.6213851 0.6921047 0.1361299 0.71117 0.1264266 0.6950557 0.1190451 0.71117 0.1264266 0.6921047 0.1361299 0.7070291 0.1430596 0.7070291 0.1430596 0.7182337 0.1289805 0.71117 0.1264266 0.7182337 0.1289805 0.7070291 0.1430596 0.7151839 0.1423944 0.7284214 0.1830642 0.7481345 0.1723419 0.7254426 0.1745988 0.7254426 0.1745988 0.7481345 0.1723419 0.7472661 0.1668924 0.7284214 0.1830642 0.7159668 0.1798041 0.7210305 0.1877979 0.7159668 0.1798041 0.7284214 0.1830642 0.7254426 0.1745988 0.7115775 0.1939021 0.7210305 0.1877979 0.707612 0.1845548 0.707612 0.1845548 0.7210305 0.1877979 0.7159668 0.1798041 0.7472661 0.1668924 0.7858095 0.1726365 0.7846186 0.1674927 0.7858095 0.1726365 0.7472661 0.1668924 0.7481345 0.1723419 0.707612 0.1845548 0.6999471 0.2004787 0.7115775 0.1939021 0.6999471 0.2004787 0.707612 0.1845548 0.6929484 0.1919312 0.7115775 0.1939021 0.7203861 0.2042623 0.7210305 0.1877979 0.7203861 0.2042623 0.7277755 0.1960643 0.7210305 0.1877979 0.6950557 0.1190451 0.7156958 0.1117576 0.7035553 0.1027296 0.7156958 0.1117576 0.6950557 0.1190451 0.71117 0.1264266 0.8223618 0.6128495 0.8847882 0.5872399 0.8434532 0.5443226 0.8847882 0.5872399 0.8223618 0.6128495 0.8798087 0.6234819 0.9170992 0.525455 0.8847882 0.5872399 0.9275878 0.5806319 0.8847882 0.5872399 0.9170992 0.525455 0.8434532 0.5443226 0.9255884 0.61602 0.8847882 0.5872399 0.8798087 0.6234819 0.8847882 0.5872399 0.9255884 0.61602 0.9275878 0.5806319 0.8135567 0.6738819 0.8733996 0.668645 0.8223618 0.6128495 0.8733996 0.668645 0.8798087 0.6234819 0.8223618 0.6128495 0.8798087 0.6234819 0.917062 0.6558726 0.9282117 0.6429903 0.8798087 0.6234819 0.9282117 0.6429903 0.9255884 0.61602 0.8719577 0.7046297 0.8135567 0.6738819 0.836457 0.7281798 0.8135567 0.6738819 0.8719577 0.7046297 0.8733996 0.668645 0.836457 0.7281798 0.8135567 0.6738819 0.7790234 0.7502266 0.7790234 0.7502266 0.8135567 0.6738819 0.7643106 0.6771801 0.7115775 0.1939021 0.6999471 0.2004787 0.7203861 0.2042623 0.6999471 0.2004787 0.712717 0.2186325 0.7203861 0.2042623 0.9282823 0.7366691 0.9478936 0.699077 0.9260469 0.6983796 0.9478936 0.699077 0.9282823 0.7366691 0.9687055 0.7276257 0.9555038 0.6687919 0.9624174 0.6448987 0.9456841 0.6422778 0.7467264 0.0861389 0.724382 0.08395183 0.7309036 0.09856683 0.7500487 0.07005268 0.724382 0.08395183 0.7467264 0.0861389 0.7035553 0.1027296 0.7309036 0.09856683 0.724382 0.08395183 0.7309036 0.09856683 0.7035553 0.1027296 0.7156958 0.1117576 0.9410798 0.6213851 0.9624174 0.6448987 0.958422 0.6091018 0.9624174 0.6448987 0.9410798 0.6213851 0.9456841 0.6422778 0.958422 0.6091018 0.995147 0.6454046 0.9960047 0.6070696 0.995147 0.6454046 0.958422 0.6091018 0.9624174 0.6448987 0.9624174 0.6448987 0.9869166 0.6834545 0.995147 0.6454046 0.9869166 0.6834545 0.9624174 0.6448987 0.9555038 0.6687919 0.9555038 0.6687919 0.9478936 0.699077 0.9869166 0.6834545 0.9687055 0.7276257 0.9869166 0.6834545 0.9478936 0.699077 0.9354856 0.7758424 0.9282823 0.7366691 0.9101978 0.763172 0.9282823 0.7366691 0.9354856 0.7758424 0.9687055 0.7276257 0.9156827 0.6977174 0.8719577 0.7046297 0.8965494 0.7263814 0.8719577 0.7046297 0.9156827 0.6977174 0.9056478 0.6900601 0.9156827 0.6977174 0.8965494 0.7263814 0.9260469 0.6983796 0.8965494 0.7263814 0.9282823 0.7366691 0.9260469 0.6983796 0.9282823 0.7366691 0.8965494 0.7263814 0.9101978 0.763172 0.8965494 0.7263814 0.8782596 0.7513015 0.9101978 0.763172 0.8965494 0.7263814 0.8719577 0.7046297 0.836457 0.7281798 0.8965494 0.7263814 0.836457 0.7281798 0.8782596 0.7513015 0.8284592 0.7801866 0.8782596 0.7513015 0.836457 0.7281798 0.8782596 0.7513015 0.8284592 0.7801866 0.8578197 0.7910375 0.8578197 0.7910375 0.9101978 0.763172 0.8782596 0.7513015 0.9101978 0.763172 0.8578197 0.7910375 0.8875405 0.8017835 0.9101978 0.763172 0.9080039 0.8132435 0.9354856 0.7758424 0.9080039 0.8132435 0.9101978 0.763172 0.8875405 0.8017835 0.82764 0.8155465 0.8578197 0.7910375 0.8284592 0.7801866 0.8578197 0.7910375 0.82764 0.8155465 0.8501409 0.8229764 0.8875405 0.8017835 0.8501409 0.8229764 0.8725096 0.8323052 0.8501409 0.8229764 0.8875405 0.8017835 0.8578197 0.7910375 0.8875405 0.8017835 0.8725096 0.8323052 0.9080039 0.8132435 0.9080039 0.8132435 0.8725096 0.8323052 0.8886798 0.8434071 0.6980608 0.4788666 0.7098366 0.4431183 0.6625772 0.4664755 0.6625772 0.4664755 0.7098366 0.4431183 0.6697868 0.4281236 0.5917297 0.6710503 0.6396386 0.6362112 0.6052057 0.6281037 0.6396386 0.6362112 0.5917297 0.6710503 0.6272644 0.6870575 0.6052057 0.6281037 0.6396386 0.6362112 0.628084 0.5709248 0.6396386 0.6362112 0.6585614 0.5783061 0.628084 0.5709248 0.628084 0.5709248 0.6585614 0.5783061 0.6484471 0.5114372 0.6585614 0.5783061 0.6802933 0.520064 0.6484471 0.5114372 0.6802933 0.520064 0.6980608 0.4788666 0.6484471 0.5114372 0.6484471 0.5114372 0.6980608 0.4788666 0.6625772 0.4664755 0.6272644 0.6870575 0.5743813 0.723793 0.6151345 0.7366853 0.5743813 0.723793 0.6272644 0.6870575 0.5917297 0.6710503 0.8284592 0.7801866 0.7790234 0.7502266 0.7938121 0.7853195 0.7790234 0.7502266 0.8284592 0.7801866 0.836457 0.7281798 0.5974007 0.7606155 0.5743813 0.723793 0.5591384 0.7667573 0.5743813 0.723793 0.5974007 0.7606155 0.6151345 0.7366853 0.1117237 0.8375622 0.05843007 0.7177029 0.07017165 0.8468665 0.1117237 0.8375622 0.09239053 0.6977162 0.05843007 0.7177029 0.1883257 0.7832587 0.09239053 0.6977162 0.155355 0.8183381 0.5591384 0.7667573 0.5878748 0.7888579 0.5974007 0.7606155 0.5878748 0.7888579 0.5591384 0.7667573 0.5504391 0.7901993 0.09239053 0.6977162 0.1117237 0.8375622 0.155355 0.8183381 0.1836225 0.7578032 0.09239053 0.6977162 0.1883257 0.7832587 0.5878748 0.7888579 0.6201043 0.7689979 0.5974007 0.7606155 0.1232648 0.6811522 0.09239053 0.6977162 0.1836225 0.7578032 0.6201043 0.7689979 0.6151345 0.7366853 0.5974007 0.7606155 0.6201043 0.7689979 0.642883 0.7476537 0.6151345 0.7366853 0.1232648 0.6811522 0.1098009 0.6610743 0.09239053 0.6977162 0.82764 0.8155465 0.7938121 0.7853195 0.8024296 0.8133617 0.7938121 0.7853195 0.82764 0.8155465 0.8284592 0.7801866 0.8326808 0.8321988 0.8501409 0.8229764 0.82764 0.8155465 0.8725096 0.8323052 0.8501409 0.8229764 0.8449599 0.8414547 0.8725096 0.8323052 0.8449599 0.8414547 0.8619157 0.8524274 0.9283558 0.2653777 0.9471474 0.2587102 0.9402841 0.2865446 0.822633 0.8458341 0.8326808 0.8321988 0.82764 0.8155465 0.8695657 0.1889444 0.9471474 0.2587102 0.9283558 0.2653777 0.8660764 0.1626975 0.9471474 0.2587102 0.8695657 0.1889444 0.8660764 0.1626975 0.9597859 0.2519956 0.9471474 0.2587102 0.822633 0.8458341 0.8449599 0.8414547 0.8326808 0.8321988 0.8449599 0.8414547 0.822633 0.8458341 0.8347088 0.8557092 0.8981217 0.1286612 0.9597859 0.2519956 0.8660764 0.1626975 0.8619157 0.8524274 0.8449599 0.8414547 0.8347088 0.8557092 0.8619157 0.8524274 0.8347088 0.8557092 0.8499708 0.8703325 0.9412641 0.1107138 0.9770705 0.2428729 0.9597859 0.2519956 0.9412641 0.1107138 0.9597859 0.2519956 0.8981217 0.1286612 0.9412641 0.1107138 0.9960842 0.2372804 0.9770705 0.2428729 0.9811269 0.101853 0.9960842 0.2372804 0.9412641 0.1107138 0.2283 0.05140113 0.2608875 0.08589339 0.2642297 0.0604102 0.2608875 0.08589339 0.2283 0.05140113 0.2223492 0.07818883 0.1732609 0.03331828 0.2223492 0.07818883 0.2283 0.05140113 0.2223492 0.07818883 0.1732609 0.03331828 0.1596655 0.05674993 0.2223492 0.07818883 0.2499636 0.1120408 0.2608875 0.08589339 0.2499636 0.1120408 0.2223492 0.07818883 0.2135844 0.1014165 0.2135844 0.1014165 0.2294723 0.1788347 0.2499636 0.1120408 0.2294723 0.1788347 0.2135844 0.1014165 0.1651736 0.2022893 0.2295147 0.1968352 0.2294723 0.1788347 0.1651736 0.2022893 0.2295147 0.1968352 0.22579 0.2191967 0.261137 0.2173454 0.2295147 0.1968352 0.261137 0.2173454 0.2612212 0.1965478 0.2294723 0.1788347 0.2612212 0.1965478 0.263578 0.1801149 0.2612212 0.1965478 0.2294723 0.1788347 0.2295147 0.1968352 0.2499636 0.1120408 0.263578 0.1801149 0.2866299 0.1141799 0.263578 0.1801149 0.2499636 0.1120408 0.2294723 0.1788347 0.289743 0.05637258 0.315531 0.08298814 0.3063948 0.03334599 0.315531 0.08298814 0.289743 0.05637258 0.2939711 0.08386009 0.2642297 0.0604102 0.2939711 0.08386009 0.289743 0.05637258 0.2939711 0.08386009 0.2642297 0.0604102 0.2608875 0.08589339 0.2608875 0.08589339 0.2866299 0.1141799 0.2939711 0.08386009 0.2608875 0.08589339 0.2499636 0.1120408 0.2866299 0.1141799 0.3063948 0.03334599 0.3321852 0.07704168 0.3238345 0.04380625 0.3321852 0.07704168 0.3063948 0.03334599 0.315531 0.08298814 0.2939711 0.08386009 0.3116083 0.1178641 0.315531 0.08298814 0.3116083 0.1178641 0.2939711 0.08386009 0.2866299 0.1141799 0.2866299 0.1141799 0.263578 0.1801149 0.307752 0.1807525 0.2866299 0.1141799 0.307752 0.1807525 0.3116083 0.1178641 0.2612212 0.1965478 0.3079943 0.1998122 0.263578 0.1801149 0.263578 0.1801149 0.3079943 0.1998122 0.307752 0.1807525 0.261137 0.2173454 0.3079943 0.1998122 0.2612212 0.1965478 0.3079943 0.1998122 0.261137 0.2173454 0.3105673 0.2186806 0.1168181 0.01618856 0.1596655 0.05674993 0.1732609 0.03331828 0.1596655 0.05674993 0.1168181 0.01618856 0.100306 0.04462909 0.642883 0.7476537 0.6588376 0.7123566 0.6151345 0.7366853 0.6588376 0.7123566 0.6272644 0.6870575 0.6151345 0.7366853 0.06694632 0.003935098 0.100306 0.04462909 0.1168181 0.01618856 0.100306 0.04462909 0.06694632 0.003935098 0.03989297 0.03381949 0.100306 0.04462909 0.1426203 0.08762419 0.1596655 0.05674993 0.2135844 0.1014165 0.1596655 0.05674993 0.1426203 0.08762419 0.1596655 0.05674993 0.2135844 0.1014165 0.2223492 0.07818883 0.1426203 0.08762419 0.03989297 0.03381949 0.0151757 0.05977475 0.03989297 0.03381949 0.1426203 0.08762419 0.100306 0.04462909 0.1651736 0.2022893 0.22579 0.2191967 0.2295147 0.1968352 0.1651736 0.2022893 0.2135844 0.1014165 0.1426203 0.08762419 0.22579 0.2191967 0.2375678 0.3765032 0.2885201 0.3516268 0.1651736 0.2022893 0.2375678 0.3765032 0.22579 0.2191967 0.2935524 0.3731999 0.2885201 0.3516268 0.2375678 0.3765032 0.3054022 0.3492047 0.261137 0.2173454 0.2885201 0.3516268 0.22579 0.2191967 0.2885201 0.3516268 0.261137 0.2173454 0.3210516 0.3444982 0.3105673 0.2186806 0.3054022 0.3492047 0.261137 0.2173454 0.3054022 0.3492047 0.3105673 0.2186806 0.2935524 0.3731999 0.3054022 0.3492047 0.2885201 0.3516268 0.3054022 0.3492047 0.2935524 0.3731999 0.3163731 0.3741654 0.3210516 0.3444982 0.3163731 0.3741654 0.3273241 0.3723958 0.3163731 0.3741654 0.3210516 0.3444982 0.3054022 0.3492047 0.004069566 0.2081487 0.1651736 0.2022893 0.0151757 0.05977475 0.3188406 0.4005433 0.2935524 0.3731999 0.3017148 0.3963512 0.2935524 0.3731999 0.3188406 0.4005433 0.3163731 0.3741654 0.006980478 0.3749755 0.2375678 0.3765032 0.004069566 0.2081487 0.004069566 0.2081487 0.2375678 0.3765032 0.1651736 0.2022893 0.3163731 0.3741654 0.3188406 0.4005433 0.328588 0.4004278 0.3163731 0.3741654 0.328588 0.4004278 0.3273241 0.3723958 0.3238345 0.04380625 0.3321852 0.07704168 0.3485206 0.07141512 0.3485206 0.07141512 0.3453304 0.02387219 0.3238345 0.04380625 0.315531 0.08298814 0.3359323 0.1195901 0.3321852 0.07704168 0.3359323 0.1195901 0.315531 0.08298814 0.3116083 0.1178641 0.3116083 0.1178641 0.307752 0.1807525 0.3359323 0.1195901 0.307752 0.1807525 0.3352283 0.1809552 0.3359323 0.1195901 0.3352283 0.1809552 0.307752 0.1807525 0.3079943 0.1998122 0.3079943 0.1998122 0.3356142 0.2014011 0.3352283 0.1809552 0.3356142 0.2014011 0.3079943 0.1998122 0.3105673 0.2186806 0.3105673 0.2186806 0.336513 0.223419 0.3356142 0.2014011 0.336513 0.223419 0.3210516 0.3444982 0.3350381 0.3477355 0.3105673 0.2186806 0.3210516 0.3444982 0.336513 0.223419 0.3350381 0.3477355 0.3273241 0.3723958 0.3361682 0.3738939 0.3273241 0.3723958 0.3350381 0.3477355 0.3210516 0.3444982 0.3321852 0.07704168 0.3523009 0.1156188 0.3485206 0.07141512 0.3523009 0.1156188 0.3321852 0.07704168 0.3359323 0.1195901 0.3359323 0.1195901 0.3526871 0.1747679 0.3523009 0.1156188 0.3526871 0.1747679 0.3359323 0.1195901 0.3352283 0.1809552 0.3352283 0.1809552 0.352833 0.202609 0.3526871 0.1747679 0.352833 0.202609 0.3352283 0.1809552 0.3356142 0.2014011 0.3889811 0.03783273 0.3453304 0.02387219 0.3833486 0.0748794 0.3833486 0.0748794 0.3453304 0.02387219 0.3485206 0.07141512 0.5342064 0.0893799 0.5465573 0.04883688 0.4906823 0.05649167 0.4906823 0.05649167 0.44509 0.09413385 0.5342064 0.0893799 0.44509 0.09413385 0.4906823 0.05649167 0.4300306 0.04952603 0.4300306 0.04952603 0.3833486 0.0748794 0.44509 0.09413385 0.3833486 0.0748794 0.4300306 0.04952603 0.3889811 0.03783273 0.352833 0.202609 0.336513 0.223419 0.3547651 0.2289274 0.352833 0.202609 0.3356142 0.2014011 0.336513 0.223419 0.3836138 0.1081458 0.44509 0.09413385 0.3833486 0.0748794 0.3485206 0.07141512 0.3836138 0.1081458 0.3833486 0.0748794 0.3836138 0.1081458 0.3485206 0.07141512 0.3523009 0.1156188 0.3526871 0.1747679 0.3836138 0.1081458 0.3523009 0.1156188 0.3836138 0.1081458 0.3526871 0.1747679 0.4032686 0.1729114 0.4032686 0.1729114 0.4962699 0.1998293 0.44509 0.09413385 0.4032686 0.1729114 0.44509 0.09413385 0.3836138 0.1081458 0.352833 0.202609 0.4032686 0.1729114 0.3526871 0.1747679 0.4032686 0.1729114 0.352833 0.202609 0.4129009 0.2011873 0.4962699 0.1998293 0.4032686 0.1729114 0.4129009 0.2011873 0.4129009 0.2011873 0.352833 0.202609 0.3547651 0.2289274 0.3547651 0.2289274 0.4151027 0.2319132 0.4129009 0.2011873 0.336513 0.223419 0.3350381 0.3477355 0.3547651 0.2289274 0.3547651 0.2289274 0.3350381 0.3477355 0.3508474 0.3490664 0.3508474 0.3490664 0.3361682 0.3738939 0.3457898 0.3781873 0.3361682 0.3738939 0.3508474 0.3490664 0.3350381 0.3477355 0.3647864 0.3833308 0.3508474 0.3490664 0.3457898 0.3781873 0.3508474 0.3490664 0.3647864 0.3833308 0.3736969 0.3501015 0.3547651 0.2289274 0.3508474 0.3490664 0.4151027 0.2319132 0.3508474 0.3490664 0.3736969 0.3501015 0.4151027 0.2319132 0.4151027 0.2319132 0.4962699 0.1998293 0.4129009 0.2011873 0.4303547 0.3820204 0.4962699 0.1998293 0.4151027 0.2319132 0.4303547 0.3820204 0.4151027 0.2319132 0.3736969 0.3501015 0.4303547 0.3820204 0.3736969 0.3501015 0.3647864 0.3833308 0.4962699 0.1998293 0.5342064 0.0893799 0.44509 0.09413385 0.5342064 0.0893799 0.6081398 0.02045238 0.5465573 0.04883688 0.6081398 0.02045238 0.5342064 0.0893799 0.6311573 0.0469827 0.6521182 0.19471 0.6311573 0.0469827 0.4962699 0.1998293 0.3457898 0.3781873 0.3355439 0.4040727 0.3435828 0.4085921 0.3361682 0.3738939 0.3355439 0.4040727 0.3457898 0.3781873 0.3361682 0.3738939 0.328588 0.4004278 0.3355439 0.4040727 0.328588 0.4004278 0.3361682 0.3738939 0.3273241 0.3723958 0.3457898 0.3781873 0.3435828 0.4085921 0.3647864 0.3833308 0.3435828 0.4085921 0.3664991 0.4103197 0.3647864 0.3833308 0.4303547 0.3820204 0.3647864 0.3833308 0.3664991 0.4103197 0.6521182 0.19471 0.4962699 0.1998293 0.4303547 0.3820204 0.4303547 0.3820204 0.6582905 0.3607298 0.6521182 0.19471 0.4139297 0.4947532 0.6582905 0.3607298 0.4303547 0.3820204 0.4139297 0.4947532 0.6065438 0.5955926 0.6582905 0.3607298 0.4139297 0.4947532 0.3664991 0.4103197 0.3495096 0.473238 0.3435828 0.4085921 0.3495096 0.473238 0.3664991 0.4103197 0.4139297 0.4947532 0.4303547 0.3820204 0.3664991 0.4103197 0.07061129 0.6037887 0.2550675 0.4913102 0.006980478 0.3749755 0.2550675 0.4913102 0.2375678 0.3765032 0.006980478 0.3749755 0.2375678 0.3765032 0.3017148 0.3963512 0.2935524 0.3731999 0.2375678 0.3765032 0.2550675 0.4913102 0.3017148 0.3963512 0.3170741 0.4727848 0.3017148 0.3963512 0.2550675 0.4913102 0.3017148 0.3963512 0.3170741 0.4727848 0.3188406 0.4005433 0.3350572 0.468371 0.3355439 0.4040727 0.328588 0.4004278 0.3495096 0.473238 0.3398444 0.8835183 0.4139297 0.4947532 0.3398444 0.8835183 0.2550675 0.4913102 0.07061129 0.6037887 0.3398444 0.8835183 0.3170741 0.4727848 0.2550675 0.4913102 0.3398444 0.8835183 0.3350572 0.468371 0.3170741 0.4727848 0.3398444 0.8835183 0.6065438 0.5955926 0.4139297 0.4947532 0.3350572 0.468371 0.3398444 0.8835183 0.3495096 0.473238 0.3188406 0.4005433 0.3170741 0.4727848 0.3350572 0.468371 0.3350572 0.468371 0.328588 0.4004278 0.3188406 0.4005433 0.3495096 0.473238 0.3435828 0.4085921 0.3355439 0.4040727 0.3495096 0.473238 0.3355439 0.4040727 0.3350572 0.468371 0.7156958 0.1117576 0.71117 0.1264266 0.7182337 0.1289805 0.7156958 0.1117576 0.7182337 0.1289805 0.7234557 0.117732 0.7234557 0.117732 0.7254493 0.1320266 0.7296963 0.1220294 0.7254493 0.1320266 0.7234557 0.117732 0.7182337 0.1289805 0.7284214 0.1830642 0.7210305 0.1877979 0.7277755 0.1960643 0.7277755 0.1960643 0.7336676 0.1898394 0.7284214 0.1830642 0.7309036 0.09856683 0.7234557 0.117732 0.7332698 0.1048149 0.7234557 0.117732 0.7309036 0.09856683 0.7156958 0.1117576 0.7309036 0.09856683 0.744405 0.09731805 0.7467264 0.0861389 0.744405 0.09731805 0.7309036 0.09856683 0.7332698 0.1048149 0.744405 0.09731805 0.7332698 0.1048149 0.7457591 0.1058971 0.7332698 0.1048149 0.7370151 0.112841 0.7457591 0.1058971 0.7332698 0.1048149 0.7234557 0.117732 0.7296963 0.1220294 0.7332698 0.1048149 0.7296963 0.1220294 0.7370151 0.112841 0.7488974 0.1345613 0.786456 0.1291922 0.7485024 0.131793 0.786456 0.1291922 0.7488974 0.1345613 0.7881932 0.1320454 0.7370151 0.112841 0.7494041 0.1268307 0.7457591 0.1058971 0.7494041 0.1268307 0.7370151 0.112841 0.7485024 0.131793 0.7370151 0.112841 0.7488974 0.1345613 0.7485024 0.131793 0.7488974 0.1345613 0.7370151 0.112841 0.7296963 0.1220294 0.7858095 0.1726365 0.7481345 0.1723419 0.7511347 0.1779295 0.7511347 0.1779295 0.786561 0.1779911 0.7858095 0.1726365 0.7485024 0.131793 0.7840179 0.1239395 0.7494041 0.1268307 0.7840179 0.1239395 0.7485024 0.131793 0.786456 0.1291922 0.7481345 0.1723419 0.7284214 0.1830642 0.7336676 0.1898394 0.7336676 0.1898394 0.7511347 0.1779295 0.7481345 0.1723419 0.7911459 0.1731892 0.7846186 0.1674927 0.7858095 0.1726365 0.7846186 0.1674927 0.7911459 0.1731892 0.7909834 0.1671361 0.7911459 0.1731892 0.7858095 0.1726365 0.786561 0.1779911 0.786561 0.1779911 0.7925001 0.1793749 0.7911459 0.1731892 0.786456 0.1291922 0.7860986 0.1214902 0.7840179 0.1239395 0.7860986 0.1214902 0.786456 0.1291922 0.7936961 0.1239477 0.7881932 0.1320454 0.7936961 0.1239477 0.786456 0.1291922 0.7936961 0.1239477 0.7881932 0.1320454 0.7967358 0.1278308 0.7860384 0.1537021 0.7465098 0.1562764 0.7845711 0.1614693 0.7456727 0.1627121 0.7845711 0.1614693 0.7465098 0.1562764 0.7845711 0.1614693 0.7846186 0.1674927 0.7909834 0.1671361 0.7845711 0.1614693 0.7909834 0.1671361 0.7908525 0.1619787 0.6947597 0.659692 0.7024586 0.6448799 0.6951422 0.6440476 0.7024586 0.6448799 0.6947597 0.659692 0.7019027 0.6614379 0.7024586 0.6448799 0.7019027 0.6614379 0.7084847 0.6628999 0.7024586 0.6448799 0.7084847 0.6628999 0.7085638 0.6452172 0.7019027 0.6614379 0.6952906 0.6656811 0.7004473 0.6672147 0.6952906 0.6656811 0.7019027 0.6614379 0.6947597 0.659692 0.7019027 0.6614379 0.7052676 0.669222 0.7084847 0.6628999 0.7052676 0.669222 0.7019027 0.6614379 0.7004473 0.6672147 0.7004473 0.6672147 0.6952135 0.6715235 0.6988198 0.6725338 0.6952135 0.6715235 0.7004473 0.6672147 0.6952906 0.6656811 0.6952135 0.6715235 0.6946383 0.6780264 0.6967825 0.6782334 0.6967825 0.6782334 0.6988198 0.6725338 0.6952135 0.6715235 0.7004473 0.6672147 0.7024241 0.6740009 0.7052676 0.669222 0.7004473 0.6672147 0.6988198 0.6725338 0.7024241 0.6740009 0.6988198 0.6725338 0.6967825 0.6782334 0.6995668 0.6791452 0.6988198 0.6725338 0.6995668 0.6791452 0.7024241 0.6740009 0.7052676 0.669222 0.7062663 0.6760268 0.710226 0.6712796 0.7052676 0.669222 0.7024241 0.6740009 0.7062663 0.6760268 0.7024241 0.6740009 0.6995668 0.6791452 0.7023922 0.681337 0.7024241 0.6740009 0.7023922 0.681337 0.7062663 0.6760268 0.6799126 0.6705186 0.6867159 0.673394 0.6842496 0.6678217 0.6867159 0.673394 0.6799126 0.6705186 0.683074 0.675646 0.6867159 0.673394 0.6861149 0.6807626 0.6894325 0.6791305 0.6861149 0.6807626 0.6867159 0.673394 0.683074 0.675646 0.6893585 0.6658099 0.6867159 0.673394 0.6908395 0.6716 0.6867159 0.673394 0.6893585 0.6658099 0.6842496 0.6678217 0.6908395 0.6716 0.6894325 0.6791305 0.6922823 0.6781563 0.6894325 0.6791305 0.6908395 0.6716 0.6867159 0.673394 0.6952906 0.6656811 0.6908395 0.6716 0.6952135 0.6715235 0.6908395 0.6716 0.6952906 0.6656811 0.6893585 0.6658099 0.6952135 0.6715235 0.6922823 0.6781563 0.6946383 0.6780264 0.6922823 0.6781563 0.6952135 0.6715235 0.6908395 0.6716 0.7024586 0.6448799 0.7075236 0.6320899 0.7017149 0.6318494 0.7075236 0.6320899 0.7024586 0.6448799 0.7085638 0.6452172 0.7024586 0.6448799 0.6967948 0.6318305 0.6951422 0.6440476 0.6967948 0.6318305 0.7024586 0.6448799 0.7017149 0.6318494 0.7909834 0.1671361 0.7954195 0.1626759 0.7908525 0.1619787 0.7954195 0.1626759 0.7909834 0.1671361 0.7958412 0.1669037 0.6814513 0.6435188 0.6888785 0.6589885 0.6898229 0.6433122 0.6888785 0.6589885 0.6814513 0.6435188 0.6814609 0.6603696 0.6951422 0.6440476 0.6888785 0.6589885 0.6947597 0.659692 0.6888785 0.6589885 0.6951422 0.6440476 0.6898229 0.6433122 0.6888785 0.6589885 0.6842496 0.6678217 0.6893585 0.6658099 0.6842496 0.6678217 0.6888785 0.6589885 0.6814609 0.6603696 0.6952906 0.6656811 0.6947597 0.659692 0.6888785 0.6589885 0.6952906 0.6656811 0.6888785 0.6589885 0.6893585 0.6658099 0.7909834 0.1671361 0.7911459 0.1731892 0.7973824 0.1744281 0.7973824 0.1744281 0.7958412 0.1669037 0.7909834 0.1671361 0.6967948 0.6318305 0.6945165 0.6272631 0.6910142 0.6313201 0.6945165 0.6272631 0.6967948 0.6318305 0.6977483 0.6269048 0.6898229 0.6433122 0.6967948 0.6318305 0.6910142 0.6313201 0.6967948 0.6318305 0.6898229 0.6433122 0.6951422 0.6440476 0.7911459 0.1731892 0.7925001 0.1793749 0.7973824 0.1744281 0.7925001 0.1793749 0.7968681 0.1815686 0.7973824 0.1744281 0.7254493 0.1320266 0.7487562 0.1391416 0.7296963 0.1220294 0.7296963 0.1220294 0.7487562 0.1391416 0.7488974 0.1345613 0.7487562 0.1391416 0.7881932 0.1320454 0.7488974 0.1345613 0.7881932 0.1320454 0.7487562 0.1391416 0.7889698 0.1376127 0.7889698 0.1376127 0.7988438 0.1342036 0.7881932 0.1320454 0.7881932 0.1320454 0.7988438 0.1342036 0.7967358 0.1278308 0.7151839 0.1423944 0.7254493 0.1320266 0.7182337 0.1289805 0.7254493 0.1320266 0.7151839 0.1423944 0.7243599 0.1426361 0.7151839 0.1423944 0.7128638 0.1621074 0.7215029 0.1602607 0.7151839 0.1423944 0.7215029 0.1602607 0.7243599 0.1426361 0.7243599 0.1426361 0.7487562 0.1391416 0.7254493 0.1320266 0.7487562 0.1391416 0.7243599 0.1426361 0.7482263 0.1460513 0.7215029 0.1602607 0.7465098 0.1562764 0.7243599 0.1426361 0.7465098 0.1562764 0.7482263 0.1460513 0.7243599 0.1426361 0.7890055 0.1447591 0.7482263 0.1460513 0.7860384 0.1537021 0.7465098 0.1562764 0.7860384 0.1537021 0.7482263 0.1460513 0.02001261 0.6020607 0.01472556 0.6156527 0.01955968 0.6165781 0.01472556 0.6156527 0.02001261 0.6020607 0.01436728 0.6009271 0.6968645 0.6118763 0.6977611 0.5946941 0.6918354 0.5944947 0.6918354 0.5944947 0.6911975 0.6130011 0.6968645 0.6118763 0.7860986 0.1214902 0.7936961 0.1239477 0.7888974 0.1184037 0.7936961 0.1239477 0.7964525 0.118527 0.7888974 0.1184037 0.6918354 0.5944947 0.6853247 0.612523 0.6911975 0.6130011 0.6853247 0.612523 0.6918354 0.5944947 0.6861082 0.5945251 0.6833242 0.6299484 0.6898229 0.6433122 0.6910142 0.6313201 0.6898229 0.6433122 0.6833242 0.6299484 0.6814513 0.6435188 0.6936113 0.6209864 0.6910142 0.6313201 0.6945165 0.6272631 0.6910142 0.6313201 0.6936113 0.6209864 0.6834168 0.621388 0.01472556 0.6156527 0.01436728 0.6009271 0.008593201 0.6009545 0.01472556 0.6156527 0.008593201 0.6009545 0.01002371 0.6146386 0.7085638 0.6452172 0.7133936 0.6322085 0.7075236 0.6320899 0.7133936 0.6322085 0.7085638 0.6452172 0.7124167 0.6452229 0.7084847 0.6628999 0.710226 0.6712796 0.7160352 0.6627244 0.7084847 0.6628999 0.7052676 0.669222 0.710226 0.6712796 0.7084847 0.6628999 0.7124167 0.6452229 0.7085638 0.6452172 0.7124167 0.6452229 0.7084847 0.6628999 0.7160352 0.6627244 0.6814513 0.6435188 0.6833242 0.6299484 0.6757321 0.6306 0.6757321 0.6306 0.6752054 0.6440476 0.6814513 0.6435188 0.6814609 0.6603696 0.6814513 0.6435188 0.6752054 0.6440476 0.6752054 0.6440476 0.672448 0.6624125 0.6814609 0.6603696 0.6814609 0.6603696 0.672448 0.6624125 0.6842496 0.6678217 0.672448 0.6624125 0.6799126 0.6705186 0.6842496 0.6678217 0.8238987 0.1531397 0.8317537 0.143086 0.8197048 0.1480011 0.8317537 0.143086 0.8238987 0.1531397 0.8343691 0.1474795 0.7964525 0.118527 0.7936961 0.1239477 0.7967358 0.1278308 0.7964525 0.118527 0.7967358 0.1278308 0.801392 0.123952 0.8021863 0.1150006 0.801392 0.123952 0.8048883 0.1193111 0.801392 0.123952 0.8021863 0.1150006 0.7964525 0.118527 0.8076698 0.1111978 0.8048883 0.1193111 0.8098762 0.1150402 0.8048883 0.1193111 0.8076698 0.1111978 0.8021863 0.1150006 0.8088622 0.123021 0.8048883 0.1193111 0.801392 0.123952 0.6977611 0.5946941 0.7027814 0.6097214 0.7036252 0.5951371 0.7027814 0.6097214 0.6977611 0.5946941 0.6968645 0.6118763 0.8098762 0.1150402 0.8088622 0.123021 0.8140506 0.1160728 0.8088622 0.123021 0.8098762 0.1150402 0.8048883 0.1193111 0.8059938 0.1311556 0.8088622 0.123021 0.801392 0.123952 0.8059938 0.1311556 0.801392 0.123952 0.7988438 0.1342036 0.7988438 0.1342036 0.801392 0.123952 0.7967358 0.1278308 0.8088622 0.123021 0.8059938 0.1311556 0.8122537 0.1269338 0.8307467 0.138683 0.8165865 0.1410791 0.8317537 0.143086 0.8165865 0.1410791 0.8197048 0.1480011 0.8317537 0.143086 0.02533793 0.6166378 0.02561128 0.6022087 0.02001261 0.6020607 0.02533793 0.6166378 0.02001261 0.6020607 0.01955968 0.6165781 0.8170724 0.1356025 0.8307467 0.138683 0.8299594 0.1345698 0.8307467 0.138683 0.8170724 0.1356025 0.8165865 0.1410791 0.8059938 0.1311556 0.8155307 0.1310256 0.8122537 0.1269338 0.8170724 0.1356025 0.8155307 0.1310256 0.8059938 0.1311556 0.8229978 0.1217514 0.8122537 0.1269338 0.8155307 0.1310256 0.8155307 0.1310256 0.8257433 0.124189 0.8229978 0.1217514 0.02228963 0.5900608 0.02776992 0.5888447 0.02235156 0.5799795 0.02776992 0.5888447 0.0281791 0.5795767 0.02235156 0.5799795 0.0281791 0.5795767 0.02776992 0.5888447 0.03402501 0.5879276 0.0281791 0.5795767 0.03402501 0.5879276 0.03397363 0.5803132 0.8263623 0.1295762 0.8257433 0.124189 0.8155307 0.1310256 0.8263623 0.1295762 0.8170724 0.1356025 0.8299594 0.1345698 0.8263623 0.1295762 0.8155307 0.1310256 0.8170724 0.1356025 0.02533793 0.6166378 0.03132849 0.602068 0.02561128 0.6022087 0.03132849 0.602068 0.02533793 0.6166378 0.03130012 0.6155111 0.8307155 0.1225082 0.8257433 0.124189 0.8263623 0.1295762 0.8263623 0.1295762 0.8321265 0.1269463 0.8307155 0.1225082 0.8263623 0.1295762 0.8299594 0.1345698 0.8329265 0.1302639 0.8263623 0.1295762 0.8329265 0.1302639 0.8321265 0.1269463 0.04254138 0.60052 0.03722178 0.6143972 0.04283165 0.6142233 0.03722178 0.6143972 0.04254138 0.60052 0.0365523 0.6003219 0.03132849 0.602068 0.03130012 0.6155111 0.03722178 0.6143972 0.03722178 0.6143972 0.0365523 0.6003219 0.03132849 0.602068 0.8088622 0.123021 0.8164784 0.1192348 0.8140506 0.1160728 0.8122537 0.1269338 0.8164784 0.1192348 0.8088622 0.123021 0.02228963 0.5900608 0.02235156 0.5799795 0.01661419 0.5808563 0.01661419 0.5808563 0.01615202 0.5918776 0.02228963 0.5900608 0.8209488 0.1175327 0.8122537 0.1269338 0.8229978 0.1217514 0.8122537 0.1269338 0.8209488 0.1175327 0.8164784 0.1192348 0.8209488 0.1175327 0.820243 0.1132914 0.8164784 0.1192348 0.7036252 0.5951371 0.7027814 0.6097214 0.7090395 0.6096539 0.7036252 0.5951371 0.7090395 0.6096539 0.7090915 0.5955342 0.8164784 0.1192348 0.8179349 0.1115336 0.8140506 0.1160728 0.8179349 0.1115336 0.8164784 0.1192348 0.820243 0.1132914 0.03402501 0.5879276 0.03968417 0.5817372 0.03397363 0.5803132 0.03968417 0.5817372 0.03402501 0.5879276 0.03967219 0.5912819 0.8235308 0.1131058 0.820243 0.1132914 0.8209488 0.1175327 0.01615202 0.5918776 0.01661419 0.5808563 0.01059997 0.5810602 0.01059997 0.5810602 0.01125782 0.5927337 0.01615202 0.5918776 0.003933608 0.5895778 0.01059997 0.5810602 0.004614055 0.5800489 0.01059997 0.5810602 0.003933608 0.5895778 0.01125782 0.5927337 0.8370905 0.1244356 0.8351772 0.1180835 0.8307155 0.1225082 0.8370905 0.1244356 0.8307155 0.1225082 0.8321265 0.1269463 0.8383651 0.1309108 0.8370905 0.1244356 0.8321265 0.1269463 0.8383651 0.1309108 0.8321265 0.1269463 0.8329265 0.1302639 0.8364469 0.1589804 0.8330513 0.1664881 0.8404411 0.1645289 0.8330513 0.1664881 0.8383961 0.1721485 0.8404411 0.1645289 0.8285917 0.1589558 0.8343691 0.1474795 0.8238987 0.1531397 0.8343691 0.1474795 0.8285917 0.1589558 0.8374678 0.1523296 0.8285917 0.1589558 0.8364469 0.1589804 0.8374678 0.1523296 0.8285917 0.1589558 0.8330513 0.1664881 0.8364469 0.1589804 0.8321426 0.1750001 0.8367602 0.1781482 0.8375338 0.175175 0.714473 0.5956912 0.7090395 0.6096539 0.7156738 0.6104488 0.7090395 0.6096539 0.714473 0.5956912 0.7090915 0.5955342 0.6861082 0.5945251 0.6791619 0.6093642 0.6853247 0.612523 0.6791619 0.6093642 0.6861082 0.5945251 0.6804902 0.5944617 0.8330513 0.1664881 0.8321426 0.1750001 0.8383961 0.1721485 0.8321426 0.1750001 0.8375338 0.175175 0.8383961 0.1721485 0.8321426 0.1750001 0.8313202 0.1820221 0.8367602 0.1781482 0.8076698 0.1111978 0.8009167 0.1057938 0.8021863 0.1150006 0.8009167 0.1057938 0.8076698 0.1111978 0.8071089 0.1055784 0.8242164 0.1678714 0.8321426 0.1750001 0.8330513 0.1664881 0.8242164 0.1678714 0.8330513 0.1664881 0.8285917 0.1589558 0.8255451 0.1860327 0.8245011 0.1773054 0.8208472 0.1812019 0.8245011 0.1773054 0.8255451 0.1860327 0.8313202 0.1820221 0.8321426 0.1750001 0.8245011 0.1773054 0.8313202 0.1820221 0.8242164 0.1678714 0.8245011 0.1773054 0.8321426 0.1750001 0.8021863 0.1150006 0.7955268 0.1083447 0.7964525 0.118527 0.7955268 0.1083447 0.8021863 0.1150006 0.8009167 0.1057938 0.6834168 0.621388 0.6833242 0.6299484 0.6910142 0.6313201 0.7482263 0.1460513 0.7889698 0.1376127 0.7487562 0.1391416 0.7889698 0.1376127 0.7482263 0.1460513 0.7890055 0.1447591 0.7860384 0.1537021 0.7845711 0.1614693 0.7908525 0.1619787 0.7860384 0.1537021 0.7908525 0.1619787 0.7924109 0.1545765 0.7890055 0.1447591 0.7988438 0.1342036 0.7889698 0.1376127 0.7988438 0.1342036 0.7890055 0.1447591 0.7984785 0.1426703 0.7860384 0.1537021 0.7957534 0.1474786 0.7890055 0.1447591 0.7957534 0.1474786 0.7860384 0.1537021 0.7924109 0.1545765 0.7890055 0.1447591 0.7957534 0.1474786 0.7984785 0.1426703 0.6967948 0.6318305 0.7017149 0.6318494 0.6977483 0.6269048 0.7017149 0.6318494 0.7029729 0.6214162 0.6977483 0.6269048 0.8170724 0.1356025 0.8067691 0.1429674 0.8165865 0.1410791 0.7988438 0.1342036 0.8067691 0.1429674 0.8059938 0.1311556 0.8067691 0.1429674 0.7988438 0.1342036 0.7984785 0.1426703 0.8067691 0.1429674 0.8170724 0.1356025 0.8059938 0.1311556 0.7908525 0.1619787 0.7973985 0.1560683 0.7924109 0.1545765 0.7973985 0.1560683 0.7908525 0.1619787 0.7954195 0.1626759 0.801741 0.1495797 0.7984785 0.1426703 0.7957534 0.1474786 0.7984785 0.1426703 0.801741 0.1495797 0.8067691 0.1429674 0.7924109 0.1545765 0.801741 0.1495797 0.7957534 0.1474786 0.801741 0.1495797 0.7924109 0.1545765 0.7973985 0.1560683 0.8067691 0.1429674 0.8197048 0.1480011 0.8165865 0.1410791 0.8197048 0.1480011 0.8067691 0.1429674 0.8109666 0.152747 0.7017149 0.6318494 0.7083643 0.6222617 0.7029729 0.6214162 0.7083643 0.6222617 0.7017149 0.6318494 0.7075236 0.6320899 0.8067691 0.1429674 0.801741 0.1495797 0.8109666 0.152747 0.801741 0.1495797 0.8066455 0.1554862 0.8109666 0.152747 0.7973985 0.1560683 0.8066455 0.1554862 0.801741 0.1495797 0.8066455 0.1554862 0.7973985 0.1560683 0.8010609 0.1593874 0.6749702 0.622 0.6833242 0.6299484 0.6834168 0.621388 0.6833242 0.6299484 0.6749702 0.622 0.6757321 0.6306 0.814342 0.1574455 0.8197048 0.1480011 0.8109666 0.152747 0.8197048 0.1480011 0.814342 0.1574455 0.8238987 0.1531397 0.7075236 0.6320899 0.7146278 0.6238693 0.7083643 0.6222617 0.7146278 0.6238693 0.7075236 0.6320899 0.7133936 0.6322085 0.7964525 0.118527 0.7880903 0.1066725 0.7888974 0.1184037 0.7880903 0.1066725 0.7964525 0.118527 0.7955268 0.1083447 0.7973824 0.1744281 0.7968681 0.1815686 0.8092178 0.1776823 0.7968681 0.1815686 0.8089474 0.1842934 0.8092178 0.1776823 0.8245011 0.1773054 0.8152086 0.1774801 0.8208472 0.1812019 0.8152086 0.1774801 0.8245011 0.1773054 0.8157902 0.1716181 0.8157902 0.1716181 0.8245011 0.1773054 0.8242164 0.1678714 0.8157902 0.1716181 0.8102557 0.172151 0.8152086 0.1774801 0.8167115 0.1638881 0.8157902 0.1716181 0.8242164 0.1678714 0.8167115 0.1638881 0.8088956 0.1633407 0.8157902 0.1716181 0.8088956 0.1633407 0.802819 0.1644382 0.8102557 0.172151 0.8102557 0.172151 0.802819 0.1644382 0.80302 0.1722866 0.8285917 0.1589558 0.8167115 0.1638881 0.8242164 0.1678714 0.8238987 0.1531397 0.8167115 0.1638881 0.8285917 0.1589558 0.8167115 0.1638881 0.8238987 0.1531397 0.814342 0.1574455 0.8088956 0.1633407 0.8167115 0.1638881 0.814342 0.1574455 0.8088956 0.1633407 0.8109666 0.152747 0.8066455 0.1554862 0.8109666 0.152747 0.8088956 0.1633407 0.814342 0.1574455 0.8010609 0.1593874 0.8088956 0.1633407 0.8066455 0.1554862 0.8088956 0.1633407 0.8010609 0.1593874 0.802819 0.1644382 0.8157902 0.1716181 0.8088956 0.1633407 0.8102557 0.172151 0.7795355 0.2160646 0.7920169 0.2134132 0.7796826 0.2079409 0.7796826 0.2079409 0.7920169 0.2134132 0.7913242 0.2068693 0.7822613 0.225373 0.7934304 0.2186532 0.7795355 0.2160646 0.7934304 0.2186532 0.7920169 0.2134132 0.7795355 0.2160646 0.7959023 0.223204 0.7864543 0.2313357 0.7926846 0.2381159 0.7959023 0.223204 0.7926846 0.2381159 0.7988224 0.2263399 0.7934304 0.2186532 0.7864543 0.2313357 0.7959023 0.223204 0.7864543 0.2313357 0.7934304 0.2186532 0.7822613 0.225373 0.8035113 0.2209428 0.7959023 0.223204 0.7988224 0.2263399 0.7789613 0.199558 0.7913242 0.2068693 0.793738 0.1985833 0.7913242 0.2068693 0.7789613 0.199558 0.7796826 0.2079409 0.7995525 0.2026298 0.793738 0.1985833 0.7913242 0.2068693 0.7959023 0.223204 0.8001563 0.212914 0.7934304 0.2186532 0.7934304 0.2186532 0.8001563 0.212914 0.7920169 0.2134132 0.8001563 0.212914 0.7913242 0.2068693 0.7920169 0.2134132 0.7913242 0.2068693 0.8001563 0.212914 0.7995525 0.2026298 0.8035113 0.2209428 0.8001563 0.212914 0.7959023 0.223204 0.8063 0.2317806 0.8035113 0.2209428 0.7988224 0.2263399 0.8035113 0.2209428 0.8063 0.2317806 0.810215 0.224136 0.8004269 0.1978332 0.793738 0.1985833 0.7995525 0.2026298 0.7995525 0.2026298 0.8093356 0.1970865 0.8004269 0.1978332 0.806649 0.2138126 0.8001563 0.212914 0.8035113 0.2209428 0.8001563 0.212914 0.8083952 0.2057057 0.7995525 0.2026298 0.810215 0.224136 0.806649 0.2138126 0.8035113 0.2209428 0.806649 0.2138126 0.810215 0.224136 0.8130626 0.2161433 0.806649 0.2138126 0.8151602 0.2066783 0.8083952 0.2057057 0.8151602 0.2066783 0.806649 0.2138126 0.8130626 0.2161433 0.806649 0.2138126 0.8083952 0.2057057 0.8001563 0.212914 0.7995525 0.2026298 0.8083952 0.2057057 0.8093356 0.1970865 0.8083952 0.2057057 0.8166902 0.1973133 0.8093356 0.1970865 0.8166902 0.1973133 0.8083952 0.2057057 0.8151602 0.2066783 0.8315874 0.1950175 0.8428195 0.1966658 0.8428441 0.1914946 0.8428195 0.1966658 0.8315874 0.1950175 0.8321217 0.2023747 0.8231992 0.1971253 0.8321217 0.2023747 0.8315874 0.1950175 0.8321217 0.2023747 0.8231992 0.1971253 0.8208879 0.2075601 0.8151602 0.2066783 0.8231992 0.1971253 0.8166902 0.1973133 0.8231992 0.1971253 0.8151602 0.2066783 0.8208879 0.2075601 0.8130626 0.2161433 0.8208879 0.2075601 0.8151602 0.2066783 0.8208879 0.2075601 0.8130626 0.2161433 0.8185433 0.217611 0.8130626 0.2161433 0.8164395 0.2261339 0.8185433 0.217611 0.8164395 0.2261339 0.8130626 0.2161433 0.810215 0.224136 0.8096073 0.2488731 0.8063 0.2317806 0.8004467 0.2426695 0.8063 0.2317806 0.8096073 0.2488731 0.8155817 0.2333177 0.810215 0.224136 0.8063 0.2317806 0.8155817 0.2333177 0.810215 0.224136 0.8155817 0.2333177 0.8164395 0.2261339 0.8428195 0.1966658 0.8529152 0.1916905 0.8428441 0.1914946 0.8529152 0.1916905 0.8428195 0.1966658 0.8518669 0.1950411 0.8456996 0.1998766 0.8518669 0.1950411 0.8428195 0.1966658 0.8428195 0.1966658 0.8361594 0.2077077 0.8456996 0.1998766 0.8361594 0.2077077 0.8428195 0.1966658 0.8321217 0.2023747 0.8321217 0.2023747 0.828092 0.2155876 0.8361594 0.2077077 0.828092 0.2155876 0.8321217 0.2023747 0.8208879 0.2075601 0.8208879 0.2075601 0.8185433 0.217611 0.828092 0.2155876 0.8185433 0.217611 0.8212547 0.2245426 0.828092 0.2155876 0.8164395 0.2261339 0.8212547 0.2245426 0.8185433 0.217611 0.8155817 0.2333177 0.8212547 0.2245426 0.8164395 0.2261339 0.8184362 0.2736968 0.8293038 0.2760033 0.8226997 0.2614597 0.8293038 0.2760033 0.834779 0.2610267 0.8226997 0.2614597 0.8293038 0.2760033 0.8464305 0.2617029 0.834779 0.2610267 0.8464305 0.2617029 0.8293038 0.2760033 0.8406293 0.2783431 0.8747135 0.2318534 0.8788017 0.2329733 0.8785749 0.2295319 0.8788017 0.2329733 0.8724099 0.2370322 0.8767969 0.2392002 0.8724099 0.2370322 0.8788017 0.2329733 0.8747135 0.2318534 0.8694313 0.2362883 0.8724099 0.2370322 0.8747135 0.2318534 0.8694313 0.2362883 0.8662429 0.2482091 0.8724099 0.2370322 0.8662429 0.2482091 0.8694313 0.2362883 0.8612618 0.2446332 0.8662429 0.2482091 0.8767969 0.2392002 0.8724099 0.2370322 0.8767969 0.2392002 0.8662429 0.2482091 0.8737932 0.2501623 0.87243 0.2781804 0.8570803 0.2717049 0.8544245 0.283428 0.87243 0.2781804 0.8544245 0.283428 0.8741977 0.2859053 0.8624725 0.2595432 0.8737932 0.2501623 0.8662429 0.2482091 0.8737932 0.2501623 0.8624725 0.2595432 0.8725539 0.2624248 0.8570803 0.2717049 0.8406293 0.2783431 0.8544245 0.283428 0.8406293 0.2783431 0.8570803 0.2717049 0.8464305 0.2617029 0.8624725 0.2595432 0.8464305 0.2617029 0.8570803 0.2717049 0.8464305 0.2617029 0.8624725 0.2595432 0.853392 0.2531705 0.8725539 0.2624248 0.8570803 0.2717049 0.87243 0.2781804 0.8570803 0.2717049 0.8725539 0.2624248 0.8624725 0.2595432 0.8662429 0.2482091 0.853392 0.2531705 0.8624725 0.2595432 0.853392 0.2531705 0.8662429 0.2482091 0.8612618 0.2446332 0.8518669 0.1950411 0.8576353 0.1971563 0.8529152 0.1916905 0.8529152 0.1916905 0.8576353 0.1971563 0.8598697 0.1937872 0.8456996 0.1998766 0.8527539 0.1996687 0.8518669 0.1950411 0.8527539 0.1996687 0.8576353 0.1971563 0.8518669 0.1950411 0.84746 0.2028874 0.8527539 0.1996687 0.8456996 0.1998766 0.7529311 0.5642756 0.7482099 0.5607416 0.7517768 0.5660049 0.7482099 0.5607416 0.7529311 0.5642756 0.7502381 0.5596573 0.7517768 0.5660049 0.7554903 0.5674431 0.7529311 0.5642756 0.7468554 0.5619491 0.7517768 0.5660049 0.7482099 0.5607416 0.8456996 0.1998766 0.8361594 0.2077077 0.84746 0.2028874 0.8361594 0.2077077 0.8391919 0.2108467 0.84746 0.2028874 0.8361594 0.2077077 0.8313406 0.2192835 0.8391919 0.2108467 0.8313406 0.2192835 0.8361594 0.2077077 0.828092 0.2155876 0.828092 0.2155876 0.8212547 0.2245426 0.8313406 0.2192835 0.8212547 0.2245426 0.8255762 0.2276697 0.8313406 0.2192835 0.8212547 0.2245426 0.8155817 0.2333177 0.8216093 0.2365958 0.8212547 0.2245426 0.8216093 0.2365958 0.8255762 0.2276697 0.8155817 0.2333177 0.8096073 0.2488731 0.8200817 0.2457062 0.8155817 0.2333177 0.8200817 0.2457062 0.8216093 0.2365958 0.8161471 0.2572948 0.8200817 0.2457062 0.8096073 0.2488731 0.8200817 0.2457062 0.8161471 0.2572948 0.8221501 0.2494879 0.8161471 0.2572948 0.8251054 0.2525201 0.8221501 0.2494879 0.8251054 0.2525201 0.8161471 0.2572948 0.8226997 0.2614597 0.8226997 0.2614597 0.834779 0.2610267 0.8251054 0.2525201 0.834779 0.2610267 0.8346779 0.2526404 0.8251054 0.2525201 0.834779 0.2610267 0.8434229 0.2498252 0.8346779 0.2526404 0.8434229 0.2498252 0.834779 0.2610267 0.8464305 0.2617029 0.853392 0.2531705 0.8511356 0.2466937 0.8434229 0.2498252 0.853392 0.2531705 0.8434229 0.2498252 0.8464305 0.2617029 0.8604054 0.240801 0.8511356 0.2466937 0.8612618 0.2446332 0.853392 0.2531705 0.8612618 0.2446332 0.8511356 0.2466937 0.867752 0.2336437 0.8604054 0.240801 0.8694313 0.2362883 0.8612618 0.2446332 0.8694313 0.2362883 0.8604054 0.240801 0.8729857 0.2299978 0.8694313 0.2362883 0.8747135 0.2318534 0.8694313 0.2362883 0.8729857 0.2299978 0.867752 0.2336437 0.8772479 0.2280773 0.8747135 0.2318534 0.8785749 0.2295319 0.8747135 0.2318534 0.8772479 0.2280773 0.8729857 0.2299978 0.7519763 0.4473656 0.7464833 0.4526146 0.7518191 0.4518715 0.7518191 0.4518715 0.7472283 0.4574655 0.7502822 0.4578463 0.7472283 0.4574655 0.7518191 0.4518715 0.7464833 0.4526146 0.7420285 0.4559765 0.7472283 0.4574655 0.7464833 0.4526146 0.7502822 0.4578463 0.7429339 0.4656957 0.7471561 0.4676581 0.7429339 0.4656957 0.7502822 0.4578463 0.7472283 0.4574655 0.7353065 0.4634904 0.7472283 0.4574655 0.7420285 0.4559765 0.7353065 0.4634904 0.7429339 0.4656957 0.7472283 0.4574655 0.7353065 0.4634904 0.7361176 0.4679151 0.7429339 0.4656957 0.7471561 0.4676581 0.7401223 0.4773511 0.7453778 0.4788765 0.7401223 0.4773511 0.7471561 0.4676581 0.7429339 0.4656957 0.7453778 0.4788765 0.7388492 0.4857473 0.7440253 0.487789 0.7388492 0.4857473 0.7453778 0.4788765 0.7401223 0.4773511 0.7344886 0.4738157 0.7388492 0.4857473 0.7401223 0.4773511 0.7401223 0.4773511 0.7361176 0.4679151 0.7344886 0.4738157 0.7361176 0.4679151 0.7401223 0.4773511 0.7429339 0.4656957 0.7317927 0.470865 0.7344886 0.4738157 0.7361176 0.4679151 0.7353065 0.4634904 0.7303472 0.467878 0.7361176 0.4679151 0.7303472 0.467878 0.7317927 0.470865 0.7361176 0.4679151 0.7317927 0.470865 0.7158302 0.4842806 0.7204871 0.4883362 0.7158302 0.4842806 0.7317927 0.470865 0.7303472 0.467878 0.7092847 0.4912808 0.7146235 0.4940995 0.7158302 0.4842806 0.7146235 0.4940995 0.7204871 0.4883362 0.7158302 0.4842806 0.7317927 0.470865 0.7285405 0.4905213 0.7344886 0.4738157 0.7285405 0.4905213 0.7317927 0.470865 0.7204871 0.4883362 0.7285405 0.4905213 0.7388492 0.4857473 0.7344886 0.4738157 0.7146235 0.4940995 0.7177903 0.4984374 0.7204871 0.4883362 0.7177903 0.4984374 0.7285405 0.4905213 0.7204871 0.4883362 0.7092847 0.4912808 0.6991388 0.5043041 0.7146235 0.4940995 0.6991388 0.5043041 0.7177903 0.4984374 0.7146235 0.4940995 0.7482099 0.5607416 0.746977 0.5546897 0.7444419 0.5546596 0.746977 0.5546897 0.7482099 0.5607416 0.7502381 0.5596573 0.7444419 0.5546596 0.743449 0.5439479 0.7404525 0.544435 0.743449 0.5439479 0.7444419 0.5546596 0.746977 0.5546897 0.739535 0.5567061 0.7468554 0.5619491 0.7444419 0.5546596 0.7444419 0.5546596 0.7468554 0.5619491 0.7482099 0.5607416 0.7404525 0.544435 0.7407325 0.5329117 0.7370808 0.5330119 0.7407325 0.5329117 0.7404525 0.544435 0.743449 0.5439479 0.7322167 0.5437787 0.739535 0.5567061 0.7444419 0.5546596 0.7404525 0.544435 0.7322167 0.5437787 0.7444419 0.5546596 0.7322167 0.5437787 0.7276088 0.5465957 0.739535 0.5567061 0.7322167 0.5437787 0.7370808 0.5330119 0.7273178 0.5344913 0.7370808 0.5330119 0.7322167 0.5437787 0.7404525 0.544435 0.7322167 0.5437787 0.7206892 0.5397284 0.7276088 0.5465957 0.7206892 0.5397284 0.7322167 0.5437787 0.7273178 0.5344913 0.6991388 0.5043041 0.7003415 0.5126285 0.7052181 0.5114185 0.7285405 0.4905213 0.7358028 0.4953044 0.7388492 0.4857473 0.7418941 0.4971358 0.7337036 0.5032546 0.7387161 0.5050618 0.7337036 0.5032546 0.7418941 0.4971358 0.7358028 0.4953044 0.7440253 0.487789 0.7358028 0.4953044 0.7418941 0.4971358 0.7358028 0.4953044 0.7440253 0.487789 0.7388492 0.4857473 0.7223894 0.5025563 0.7358028 0.4953044 0.7285405 0.4905213 0.7223894 0.5025563 0.7337036 0.5032546 0.7358028 0.4953044 0.7223894 0.5025563 0.7285405 0.4905213 0.7177903 0.4984374 0.7387161 0.5050618 0.7334707 0.5059846 0.7383422 0.506641 0.7334707 0.5059846 0.7387161 0.5050618 0.7337036 0.5032546 0.7163446 0.5049158 0.7223894 0.5025563 0.7177903 0.4984374 0.6991388 0.5043041 0.7163446 0.5049158 0.7177903 0.4984374 0.7109985 0.5087336 0.7163446 0.5049158 0.6991388 0.5043041 0.7052181 0.5114185 0.7109985 0.5087336 0.6991388 0.5043041 0.7052181 0.5114185 0.7035707 0.5203891 0.7112673 0.5155148 0.7035707 0.5203891 0.7052181 0.5114185 0.7003415 0.5126285 0.7109985 0.5087336 0.7163511 0.5120341 0.7163446 0.5049158 0.7163511 0.5120341 0.7109985 0.5087336 0.7112673 0.5155148 0.7052181 0.5114185 0.7112673 0.5155148 0.7109985 0.5087336 0.721991 0.5257058 0.7206892 0.5397284 0.7273178 0.5344913 0.7206892 0.5397284 0.721991 0.5257058 0.7086577 0.5289317 0.7086577 0.5289317 0.7112673 0.5155148 0.7035707 0.5203891 0.7112673 0.5155148 0.7086577 0.5289317 0.721991 0.5257058 0.7273178 0.5344913 0.7334367 0.523527 0.721991 0.5257058 0.7334367 0.523527 0.7273178 0.5344913 0.7370808 0.5330119 0.7370808 0.5330119 0.7393713 0.523404 0.7334367 0.523527 0.7393713 0.523404 0.7370808 0.5330119 0.7407325 0.5329117 0.7380973 0.5149269 0.7330394 0.5099275 0.733044 0.514873 0.7330394 0.5099275 0.7380973 0.5149269 0.7391273 0.5080089 0.7330394 0.5099275 0.7391273 0.5080089 0.7334707 0.5059846 0.7334707 0.5059846 0.7391273 0.5080089 0.7383422 0.506641 0.7223894 0.5025563 0.7334707 0.5059846 0.7337036 0.5032546 0.7334707 0.5059846 0.7223894 0.5025563 0.7217449 0.5056744 0.7163446 0.5049158 0.7217449 0.5056744 0.7223894 0.5025563 0.7217449 0.5056744 0.7330394 0.5099275 0.7334707 0.5059846 0.7163511 0.5120341 0.7217449 0.5056744 0.7163446 0.5049158 0.7330394 0.5099275 0.7217449 0.5056744 0.733044 0.514873 0.7334367 0.523527 0.7380973 0.5149269 0.733044 0.514873 0.7380973 0.5149269 0.7334367 0.523527 0.7393713 0.523404 0.733044 0.514873 0.7255635 0.5171735 0.7334367 0.523527 0.7255635 0.5171735 0.733044 0.514873 0.7217449 0.5056744 0.7255635 0.5171735 0.7217449 0.5056744 0.7163511 0.5120341 0.7255635 0.5171735 0.7112673 0.5155148 0.721991 0.5257058 0.7112673 0.5155148 0.7255635 0.5171735 0.7163511 0.5120341 0.7334367 0.523527 0.7255635 0.5171735 0.721991 0.5257058 0.01863932 0.646035 0.01945751 0.6571395 0.02076596 0.6551705 0.01945751 0.6571395 0.01863932 0.646035 0.0140531 0.6488366 0.02382689 0.6535747 0.02530306 0.6453537 0.01863932 0.646035 0.02382689 0.6535747 0.01863932 0.646035 0.02076596 0.6551705 0.03076076 0.6480405 0.02382689 0.6535747 0.02790075 0.655124 0.02382689 0.6535747 0.03076076 0.6480405 0.02530306 0.6453537 0.02581113 0.6677168 0.03114646 0.6571075 0.02790075 0.655124 0.02581113 0.6677168 0.02790075 0.655124 0.02382689 0.6535747 0.03076076 0.6480405 0.03114646 0.6571075 0.03436124 0.6523706 0.03114646 0.6571075 0.03076076 0.6480405 0.02790075 0.655124 0.01945751 0.6571395 0.0140531 0.6488366 0.01238173 0.6522959 0.01945751 0.6571395 0.01238173 0.6522959 0.01691693 0.6582961 0.01691693 0.6582961 0.02581113 0.6677168 0.01945751 0.6571395 0.03865951 0.6549412 0.03436124 0.6523706 0.03437268 0.6598949 0.03437268 0.6598949 0.03436124 0.6523706 0.03114646 0.6571075 0.02581113 0.6677168 0.03437268 0.6598949 0.03114646 0.6571075 0.02581113 0.6677168 0.02382689 0.6535747 0.02076596 0.6551705 0.01945751 0.6571395 0.02581113 0.6677168 0.02076596 0.6551705 0.02571123 0.6299226 0.03130012 0.6155111 0.02533793 0.6166378 0.03130012 0.6155111 0.02571123 0.6299226 0.03234785 0.6287643 0.03272408 0.6428314 0.02530306 0.6453537 0.03076076 0.6480405 0.02530306 0.6453537 0.03272408 0.6428314 0.0252825 0.6414408 0.03874564 0.6463584 0.03076076 0.6480405 0.03436124 0.6523706 0.03076076 0.6480405 0.03874564 0.6463584 0.03272408 0.6428314 0.03130012 0.6155111 0.03234785 0.6287643 0.0386002 0.627354 0.0386002 0.627354 0.03722178 0.6143972 0.03130012 0.6155111 0.0391373 0.6375854 0.03234785 0.6287643 0.03255897 0.6369057 0.03234785 0.6287643 0.0391373 0.6375854 0.0386002 0.627354 0.03874564 0.6463584 0.03255897 0.6369057 0.03272408 0.6428314 0.03255897 0.6369057 0.03874564 0.6463584 0.0391373 0.6375854 0.04497307 0.6480311 0.03436124 0.6523706 0.03865951 0.6549412 0.03436124 0.6523706 0.04497307 0.6480311 0.03874564 0.6463584 0.03722178 0.6143972 0.04477876 0.6263163 0.04283165 0.6142233 0.04477876 0.6263163 0.03722178 0.6143972 0.0386002 0.627354 0.04672902 0.6371874 0.0386002 0.627354 0.0391373 0.6375854 0.0386002 0.627354 0.04672902 0.6371874 0.04477876 0.6263163 0.0391373 0.6375854 0.04497307 0.6480311 0.04672902 0.6371874 0.04497307 0.6480311 0.0391373 0.6375854 0.03874564 0.6463584 0.0134086 0.6280561 0.01472556 0.6156527 0.01002371 0.6146386 0.0134086 0.6280561 0.01002371 0.6146386 0.007757663 0.6265608 0.005845963 0.6463091 0.0140531 0.6488366 0.01214569 0.6429685 0.005845963 0.6463091 0.01238173 0.6522959 0.0140531 0.6488366 0.007757663 0.6265608 0.01231253 0.6356826 0.0134086 0.6280561 0.01231253 0.6356826 0.007757663 0.6265608 0.004028737 0.6364014 0.004028737 0.6364014 0.01214569 0.6429685 0.01231253 0.6356826 0.01214569 0.6429685 0.004028737 0.6364014 0.005845963 0.6463091 0.0179938 0.6418915 0.0140531 0.6488366 0.01863932 0.646035 0.0140531 0.6488366 0.0179938 0.6418915 0.01214569 0.6429685 0.02533793 0.6166378 0.01909881 0.6293613 0.02571123 0.6299226 0.01909881 0.6293613 0.02533793 0.6166378 0.01955968 0.6165781 0.01955968 0.6165781 0.0134086 0.6280561 0.01909881 0.6293613 0.0134086 0.6280561 0.01955968 0.6165781 0.01472556 0.6156527 0.0252825 0.6414408 0.01863932 0.646035 0.02530306 0.6453537 0.01863932 0.646035 0.0252825 0.6414408 0.0179938 0.6418915 0.0252825 0.6414408 0.03255897 0.6369057 0.02527898 0.6366374 0.03255897 0.6369057 0.0252825 0.6414408 0.03272408 0.6428314 0.02571123 0.6299226 0.02527898 0.6366374 0.03234785 0.6287643 0.02527898 0.6366374 0.03255897 0.6369057 0.03234785 0.6287643 0.02571123 0.6299226 0.01877945 0.6363266 0.02527898 0.6366374 0.01877945 0.6363266 0.02571123 0.6299226 0.01909881 0.6293613 0.0252825 0.6414408 0.01877945 0.6363266 0.0179938 0.6418915 0.01877945 0.6363266 0.0252825 0.6414408 0.02527898 0.6366374 0.01909881 0.6293613 0.01231253 0.6356826 0.01877945 0.6363266 0.01231253 0.6356826 0.01909881 0.6293613 0.0134086 0.6280561 0.01877945 0.6363266 0.01214569 0.6429685 0.0179938 0.6418915 0.01214569 0.6429685 0.01877945 0.6363266 0.01231253 0.6356826 0.02235156 0.5799795 0.02284902 0.5650138 0.01657885 0.5655823 0.02235156 0.5799795 0.01657885 0.5655823 0.01661419 0.5808563 0.02324938 0.5428847 0.01670885 0.5478281 0.02395057 0.5478424 0.01670885 0.5478281 0.02324938 0.5428847 0.01828128 0.5415998 0.01075321 0.5432609 0.01828128 0.5415998 0.01492106 0.5384001 0.01828128 0.5415998 0.01075321 0.5432609 0.01670885 0.5478281 0.01661419 0.5808563 0.01657885 0.5655823 0.01049852 0.566156 0.01661419 0.5808563 0.01049852 0.566156 0.01059997 0.5810602 0.0102868 0.5547055 0.01657885 0.5655823 0.01613748 0.5549288 0.01657885 0.5655823 0.0102868 0.5547055 0.01049852 0.566156 0.01670885 0.5478281 0.0102868 0.5547055 0.01613748 0.5549288 0.0102868 0.5547055 0.01670885 0.5478281 0.01075321 0.5432609 0.01097053 0.5352271 0.00547111 0.5406865 0.01075321 0.5432609 0.01097053 0.5352271 0.01075321 0.5432609 0.01492106 0.5384001 0.01049852 0.566156 0.004614055 0.5800489 0.01059997 0.5810602 0.004614055 0.5800489 0.01049852 0.566156 0.004506528 0.5660901 0.003977537 0.5544416 0.01049852 0.566156 0.0102868 0.5547055 0.01049852 0.566156 0.003977537 0.5544416 0.004506528 0.5660901 0.01075321 0.5432609 0.003977537 0.5544416 0.0102868 0.5547055 0.003977537 0.5544416 0.01075321 0.5432609 0.00547111 0.5406865 0.04336893 0.5429607 0.03548949 0.5405779 0.03746396 0.5461285 0.03548949 0.5405779 0.04336893 0.5429607 0.0380966 0.537642 0.03397363 0.5803132 0.04099643 0.5679327 0.03539085 0.5666617 0.04099643 0.5679327 0.03397363 0.5803132 0.03968417 0.5817372 0.03539085 0.5666617 0.04298985 0.5565095 0.03711473 0.5564808 0.04298985 0.5565095 0.03539085 0.5666617 0.04099643 0.5679327 0.03746396 0.5461285 0.03711473 0.5564808 0.04298985 0.5565095 0.03746396 0.5461285 0.04298985 0.5565095 0.04336893 0.5429607 0.03026676 0.5482159 0.03746396 0.5461285 0.03081315 0.5431846 0.03081315 0.5431846 0.03746396 0.5461285 0.03548949 0.5405779 0.02284902 0.5650138 0.02235156 0.5799795 0.0281791 0.5795767 0.0281791 0.5795767 0.02941089 0.5653788 0.02284902 0.5650138 0.0281791 0.5795767 0.03539085 0.5666617 0.02941089 0.5653788 0.03539085 0.5666617 0.0281791 0.5795767 0.03397363 0.5803132 0.02395057 0.5478424 0.03081315 0.5431846 0.02324938 0.5428847 0.03081315 0.5431846 0.02395057 0.5478424 0.03026676 0.5482159 0.02941089 0.5653788 0.03711473 0.5564808 0.03027325 0.5560573 0.03711473 0.5564808 0.02941089 0.5653788 0.03539085 0.5666617 0.02284902 0.5650138 0.01613748 0.5549288 0.01657885 0.5655823 0.01613748 0.5549288 0.02284902 0.5650138 0.02313154 0.5551688 0.02941089 0.5653788 0.02313154 0.5551688 0.02284902 0.5650138 0.02313154 0.5551688 0.02941089 0.5653788 0.03027325 0.5560573 0.02395057 0.5478424 0.01670885 0.5478281 0.02313154 0.5551688 0.02313154 0.5551688 0.01670885 0.5478281 0.01613748 0.5549288 0.03027325 0.5560573 0.03026676 0.5482159 0.02313154 0.5551688 0.02313154 0.5551688 0.03026676 0.5482159 0.02395057 0.5478424 0.03711473 0.5564808 0.03026676 0.5482159 0.03027325 0.5560573 0.03026676 0.5482159 0.03711473 0.5564808 0.03746396 0.5461285 0.7196487 0.5565772 0.7104305 0.553301 0.7125933 0.5583838 0.7196487 0.5565772 0.7137259 0.5498945 0.7104305 0.553301 0.7163555 0.5783049 0.7090915 0.5955342 0.714473 0.5956912 0.7090915 0.5955342 0.7163555 0.5783049 0.7106899 0.5777028 0.7071681 0.5600548 0.7104305 0.553301 0.7062444 0.5568991 0.7104305 0.553301 0.7071681 0.5600548 0.7125933 0.5583838 0.7046247 0.5770085 0.7036252 0.5951371 0.7090915 0.5955342 0.7046247 0.5770085 0.7090915 0.5955342 0.7106899 0.5777028 0.7106899 0.5777028 0.7060039 0.5681205 0.7046247 0.5770085 0.7060039 0.5681205 0.7106899 0.5777028 0.7128722 0.567629 0.7128722 0.567629 0.7071681 0.5600548 0.7060039 0.5681205 0.7071681 0.5600548 0.7128722 0.567629 0.7125933 0.5583838 0.7062444 0.5568991 0.6995124 0.5592545 0.7071681 0.5600548 0.6995124 0.5592545 0.7062444 0.5568991 0.6992586 0.5569536 0.7046247 0.5770085 0.6977611 0.5946941 0.7036252 0.5951371 0.6977611 0.5946941 0.7046247 0.5770085 0.6983072 0.57621 0.7046247 0.5770085 0.6990879 0.5676051 0.6983072 0.57621 0.6990879 0.5676051 0.7046247 0.5770085 0.7060039 0.5681205 0.7060039 0.5681205 0.7071681 0.5600548 0.6995124 0.5592545 0.7060039 0.5681205 0.6995124 0.5592545 0.6990879 0.5676051 0.6977611 0.5946941 0.6983072 0.57621 0.6919907 0.5759414 0.6977611 0.5946941 0.6919907 0.5759414 0.6918354 0.5944947 0.6992586 0.5569536 0.6935002 0.5550985 0.6995124 0.5592545 0.6935002 0.5550985 0.6918532 0.5591945 0.6995124 0.5592545 0.6921529 0.5670128 0.6919907 0.5759414 0.6990879 0.5676051 0.6983072 0.57621 0.6990879 0.5676051 0.6919907 0.5759414 0.6995124 0.5592545 0.6921529 0.5670128 0.6990879 0.5676051 0.6921529 0.5670128 0.6995124 0.5592545 0.6918532 0.5591945 0.6918532 0.5591945 0.6889067 0.5526602 0.6853882 0.5572009 0.6889067 0.5526602 0.6918532 0.5591945 0.6935002 0.5550985 0.6861082 0.5945251 0.6859288 0.576126 0.6802663 0.576794 0.6861082 0.5945251 0.6802663 0.576794 0.6804902 0.5944617 0.6919907 0.5759414 0.6861082 0.5945251 0.6918354 0.5944947 0.6861082 0.5945251 0.6919907 0.5759414 0.6859288 0.576126 0.6790794 0.5545566 0.6889067 0.5526602 0.6854506 0.5481042 0.6889067 0.5526602 0.6790794 0.5545566 0.6853882 0.5572009 0.6853882 0.5572009 0.6777199 0.5657096 0.685445 0.5658956 0.6777199 0.5657096 0.6853882 0.5572009 0.6790794 0.5545566 0.6918532 0.5591945 0.685445 0.5658956 0.6921529 0.5670128 0.685445 0.5658956 0.6918532 0.5591945 0.6853882 0.5572009 0.7128722 0.567629 0.7106899 0.5777028 0.7196369 0.5675768 0.7163555 0.5783049 0.7196369 0.5675768 0.7106899 0.5777028 0.6859288 0.576126 0.6777199 0.5657096 0.6802663 0.576794 0.6777199 0.5657096 0.6859288 0.576126 0.685445 0.5658956 0.7196369 0.5675768 0.7125933 0.5583838 0.7128722 0.567629 0.7125933 0.5583838 0.7196369 0.5675768 0.7196487 0.5565772 0.6919907 0.5759414 0.6921529 0.5670128 0.6859288 0.576126 0.6921529 0.5670128 0.685445 0.5658956 0.6859288 0.576126 0.6889067 0.5526602 0.6935002 0.5550985 0.6938574 0.546896 0.6935002 0.5550985 0.6971245 0.5476763 0.6938574 0.546896 0.6938574 0.546896 0.6854506 0.5481042 0.6889067 0.5526602 0.6854506 0.5481042 0.6938574 0.546896 0.6916154 0.5443753 0.7137259 0.5498945 0.7083616 0.5450068 0.7057479 0.5472322 0.7137259 0.5498945 0.7057479 0.5472322 0.7104305 0.553301 0.7002625 0.5370613 0.7032445 0.5474221 0.7057479 0.5472322 0.7002625 0.5370613 0.7057479 0.5472322 0.7083616 0.5450068 0.7062444 0.5568991 0.7057479 0.5472322 0.7032445 0.5474221 0.7057479 0.5472322 0.7062444 0.5568991 0.7104305 0.553301 0.6971245 0.5476763 0.6992586 0.5569536 0.7000011 0.5476163 0.6992586 0.5569536 0.6971245 0.5476763 0.6935002 0.5550985 0.7000011 0.5476163 0.7002625 0.5370613 0.6971245 0.5476763 0.7032445 0.5474221 0.6992586 0.5569536 0.7062444 0.5568991 0.6992586 0.5569536 0.7032445 0.5474221 0.7000011 0.5476163 0.7002625 0.5370613 0.7000011 0.5476163 0.7032445 0.5474221 0.7002625 0.5370613 0.6916154 0.5443753 0.6938574 0.546896 0.6971245 0.5476763 0.7002625 0.5370613 0.6938574 0.546896 0.01828128 0.5415998 0.01984471 0.532744 0.01492106 0.5384001 0.01828128 0.5415998 0.02233856 0.5337613 0.01984471 0.532744 0.02324938 0.5428847 0.02477759 0.5344157 0.02233856 0.5337613 0.02324938 0.5428847 0.02233856 0.5337613 0.01828128 0.5415998 0.02324938 0.5428847 0.0277388 0.5344728 0.02477759 0.5344157 0.0277388 0.5344728 0.02324938 0.5428847 0.03081315 0.5431846 0.03044915 0.5339358 0.02519983 0.5227745 0.0277388 0.5344728 0.0277388 0.5344728 0.02519983 0.5227745 0.02477759 0.5344157 0.03081315 0.5431846 0.03044915 0.5339358 0.0277388 0.5344728 0.03044915 0.5339358 0.03081315 0.5431846 0.03548949 0.5405779 0.03548949 0.5405779 0.03305721 0.531704 0.03044915 0.5339358 0.03305721 0.531704 0.03548949 0.5405779 0.0380966 0.537642 0.03305721 0.531704 0.02519983 0.5227745 0.03044915 0.5339358 0.01984471 0.532744 0.01684498 0.5306486 0.01492106 0.5384001 0.01684498 0.5306486 0.01097053 0.5352271 0.01492106 0.5384001 0.02519983 0.5227745 0.01684498 0.5306486 0.01984471 0.532744 0.02477759 0.5344157 0.02519983 0.5227745 0.02233856 0.5337613 0.02519983 0.5227745 0.01984471 0.532744 0.02233856 0.5337613 0.6946383 0.6780264 0.6936351 0.6909848 0.6967825 0.6782334 0.6967825 0.6782334 0.6936351 0.6909848 0.6995668 0.6791452 0.6995668 0.6791452 0.6936351 0.6909848 0.7023922 0.681337 0.6861149 0.6807626 0.6936351 0.6909848 0.6894325 0.6791305 0.6894325 0.6791305 0.6936351 0.6909848 0.6922823 0.6781563 0.6922823 0.6781563 0.6936351 0.6909848 0.6946383 0.6780264 0.8755295 0.8583687 0.8499708 0.8703325 0.8618153 0.8737562 0.8499708 0.8703325 0.8755295 0.8583687 0.8619157 0.8524274 0.8725096 0.8323052 0.8619157 0.8524274 0.8886798 0.8434071 0.8886798 0.8434071 0.8619157 0.8524274 0.8755295 0.8583687 0.82764 0.8155465 0.8326808 0.8321988 0.822633 0.8458341 0.8326808 0.8321988 0.82764 0.8155465 0.8501409 0.8229764 0.8326808 0.8321988 0.8449599 0.8414547 0.8501409 0.8229764 0.82764 0.8155465 0.8024296 0.8133617 0.822633 0.8458341 0.1715461 0.2022171 0.004069566 0.2081487 0.0151757 0.05977475 0.4846332 0.2091407 0.5342064 0.0893799 0.6311573 0.0469827 0.1651736 0.2022893 0.1426203 0.08762419 0.0151757 0.05977475 0.6311573 0.0469827 0.5342064 0.0893799 0.4962699 0.1998293</float_array>
          <technique_common>
            <accessor source="#Mesh-mesh-map-0-array" count="7182" stride="2">
              <param name="S" type="float"/>
              <param name="T" type="float"/>
            </accessor>
          </technique_common>
        </source>
        <vertices id="Mesh-mesh-vertices">
          <input semantic="POSITION" source="#Mesh-mesh-positions"/>
        </vertices>
        <triangles material="M_Pigeon-material" count="2394">
          <input semantic="VERTEX" source="#Mesh-mesh-vertices" offset="0"/>
          <input semantic="NORMAL" source="#Mesh-mesh-normals" offset="1"/>
          <input semantic="TEXCOORD" source="#Mesh-mesh-map-0" offset="2" set="0"/>
          <p>7 0 0 3 1 1 6 2 2 3 1 3 2 3 4 6 2 5 9 4 6 7 0 7 6 2 8 11 5 9 9 4 10 6 2 11 6 2 12 2 3 13 5 6 14 13 7 15 11 5 16 6 2 17 13 7 18 6 2 19 5 6 20 2 3 21 4 8 22 5 6 23 4 8 24 2 3 25 0 9 26 1 10 27 0 9 28 3 1 29 0 9 30 2 3 31 3 1 32 8 11 33 3 1 34 7 0 35 3 1 36 8 11 37 1 10 38 7 0 39 10 12 40 8 11 41 10 12 42 7 0 43 9 4 44 12 13 45 9 4 46 11 5 47 9 4 48 12 13 49 10 12 50 13 7 51 12 13 52 11 5 53 14 14 54 12 13 55 13 7 56 4 8 57 13 7 58 5 6 59 13 7 60 4 8 61 14 14 62 4 8 63 15 15 64 16 16 65 16 16 66 14 14 67 4 8 68 17 17 69 16 16 70 15 15 71 16 16 72 17 17 73 18 18 74 16 16 75 31 19 76 14 14 77 31 19 78 16 16 79 32 20 80 31 19 81 12 13 82 14 14 83 12 13 84 31 19 85 30 21 86 30 21 87 10 12 88 12 13 89 10 12 90 30 21 91 29 22 92 29 22 93 27 23 94 10 12 95 27 23 96 8 11 97 10 12 98 15 15 99 23 24 100 21 25 101 23 24 102 15 15 103 4 8 104 23 24 105 0 9 106 24 26 107 0 9 108 23 24 109 4 8 110 24 26 111 1 10 112 25 27 113 1 10 114 24 26 115 0 9 116 25 27 117 1 10 118 26 28 119 8 11 120 26 28 121 1 10 122 27 23 123 28 29 124 26 28 125 26 28 126 8 11 127 27 23 128 28 29 129 49 30 130 60 31 131 60 31 132 26 28 133 28 29 134 60 31 135 25 27 136 26 28 137 25 27 138 60 31 139 59 32 140 59 32 141 58 33 142 25 27 143 58 33 144 24 26 145 25 27 146 23 24 147 24 26 148 57 34 149 58 33 150 57 34 151 24 26 152 21 25 153 23 24 154 56 35 155 56 35 156 23 24 157 57 34 158 57 34 159 65 36 160 56 35 161 65 36 162 57 34 163 64 37 164 65 36 165 64 37 166 69 38 167 69 38 168 67 39 169 65 36 170 63 40 171 57 34 172 58 33 173 57 34 174 63 40 175 64 37 176 62 41 177 58 33 178 59 32 179 58 33 180 62 41 181 63 40 182 49 30 183 61 42 184 60 31 185 61 42 186 49 30 187 51 43 188 61 42 189 59 32 190 60 31 191 59 32 192 61 42 193 62 41 194 54 44 195 61 42 196 51 43 197 61 42 198 54 44 199 72 45 200 701 46 201 72 45 202 54 44 203 72 45 204 701 46 205 769 47 206 72 45 207 62 41 208 61 42 209 62 41 210 72 45 211 71 48 212 769 47 213 71 48 214 72 45 215 71 48 216 769 47 217 771 49 218 71 48 219 63 40 220 62 41 221 63 40 222 71 48 223 70 50 224 64 37 225 63 40 226 70 50 227 70 50 228 69 38 229 64 37 230 69 38 231 773 51 232 67 39 233 773 51 234 774 52 235 67 39 236 775 53 237 69 38 238 70 50 239 69 38 240 775 53 241 773 51 242 771 49 243 70 50 244 71 48 245 70 50 246 771 49 247 775 53 248 32 20 249 38 54 250 31 19 251 31 19 252 38 54 253 44 55 254 44 55 255 41 56 256 73 57 257 41 56 258 44 55 259 38 54 260 44 55 261 30 21 262 31 19 263 30 21 264 44 55 265 45 58 266 73 57 267 45 58 268 44 55 269 45 58 270 73 57 271 80 59 272 80 59 273 75 60 274 81 61 275 75 60 276 80 59 277 73 57 278 81 61 279 77 62 280 82 63 281 77 62 282 81 61 283 75 60 284 82 63 285 79 64 286 83 65 287 79 64 288 82 63 289 77 62 290 789 66 291 83 65 292 79 64 293 83 65 294 789 66 295 788 67 296 45 58 297 29 22 298 30 21 299 29 22 300 45 58 301 46 68 302 45 58 303 84 69 304 46 68 305 84 69 306 45 58 307 80 59 308 47 70 309 29 22 310 46 68 311 29 22 312 47 70 313 27 23 314 48 71 315 28 29 316 47 70 317 28 29 318 27 23 319 47 70 320 50 72 321 49 30 322 48 71 323 49 30 324 28 29 325 48 71 326 50 72 327 52 73 328 51 43 329 50 72 330 51 43 331 49 30 332 52 73 333 53 74 334 54 44 335 52 73 336 54 44 337 51 43 338 710 75 339 54 44 340 53 74 341 54 44 342 710 75 343 701 46 344 80 59 345 85 76 346 84 69 347 85 76 348 80 59 349 81 61 350 85 76 351 82 63 352 86 77 353 82 63 354 85 76 355 81 61 356 86 77 357 83 65 358 87 78 359 83 65 360 86 77 361 82 63 362 788 67 363 87 78 364 83 65 365 87 78 366 788 67 367 800 79 368 52 73 369 50 72 370 90 80 371 90 80 372 802 81 373 53 74 374 90 80 375 53 74 376 52 73 377 802 81 378 710 75 379 53 74 380 93 82 381 802 81 382 90 80 383 802 81 384 93 82 385 702 83 386 48 71 387 47 70 388 89 84 389 89 84 390 90 80 391 48 71 392 90 80 393 50 72 394 48 71 395 88 85 396 46 68 397 84 69 398 88 85 399 89 84 400 46 68 401 89 84 402 47 70 403 46 68 404 84 69 405 91 86 406 88 85 407 91 86 408 84 69 409 85 76 410 91 86 411 86 77 412 92 87 413 86 77 414 91 86 415 85 76 416 92 87 417 86 77 418 87 78 419 87 78 420 800 79 421 808 88 422 808 88 423 92 87 424 87 78 425 100 89 426 99 90 427 88 85 428 99 90 429 89 84 430 88 85 431 93 82 432 89 84 433 99 90 434 89 84 435 93 82 436 90 80 437 94 91 438 702 83 439 93 82 440 702 83 441 94 91 442 703 92 443 808 88 444 102 93 445 92 87 446 102 93 447 808 88 448 711 94 449 103 95 450 711 94 451 814 96 452 711 94 453 103 95 454 102 93 455 102 93 456 101 97 457 92 87 458 101 97 459 91 86 460 92 87 461 100 89 462 91 86 463 101 97 464 91 86 465 100 89 466 88 85 467 104 98 468 102 93 469 103 95 470 102 93 471 104 98 472 101 97 473 105 99 474 101 97 475 104 98 476 101 97 477 105 99 478 100 89 479 106 100 480 100 89 481 105 99 482 100 89 483 106 100 484 99 90 485 106 100 486 94 91 487 99 90 488 94 91 489 93 82 490 99 90 491 96 101 492 703 92 493 94 91 494 703 92 495 96 101 496 696 102 497 98 103 498 696 102 499 96 101 500 696 102 501 98 103 502 697 104 503 112 105 504 94 91 505 106 100 506 94 91 507 112 105 508 96 101 509 110 106 510 112 105 511 105 99 512 112 105 513 106 100 514 105 99 515 108 107 516 110 106 517 104 98 518 110 106 519 105 99 520 104 98 521 107 108 522 108 107 523 103 95 524 108 107 525 104 98 526 103 95 527 107 108 528 814 96 529 704 109 530 814 96 531 107 108 532 103 95 533 121 110 534 108 107 535 123 111 536 108 107 537 121 110 538 110 106 539 123 111 540 107 108 541 124 112 542 107 108 543 123 111 544 108 107 545 704 109 546 124 112 547 107 108 548 124 112 549 704 109 550 833 113 551 833 113 552 141 114 553 124 112 554 141 114 555 833 113 556 835 115 557 127 116 558 139 117 559 129 118 560 139 117 561 127 116 562 140 119 563 121 110 564 140 119 565 127 116 566 140 119 567 121 110 568 123 111 569 141 114 570 123 111 571 124 112 572 123 111 573 141 114 574 140 119 575 141 114 576 843 120 577 144 121 578 843 120 579 141 114 580 835 115 581 144 121 582 843 120 583 146 122 584 146 122 585 843 120 586 845 123 587 129 118 588 137 124 589 132 125 590 137 124 591 129 118 592 139 117 593 154 126 594 156 127 595 157 128 596 156 127 597 154 126 598 152 129 599 156 127 600 158 130 601 157 128 602 158 130 603 156 127 604 159 131 605 143 132 606 153 133 607 151 134 608 151 134 609 153 133 610 155 135 611 151 134 612 170 136 613 184 137 614 170 136 615 151 134 616 155 135 617 154 126 618 168 138 619 169 139 620 168 138 621 154 126 622 157 128 623 168 138 624 158 130 625 171 140 626 158 130 627 168 138 628 157 128 629 158 130 630 172 141 631 171 140 632 172 141 633 158 130 634 160 142 635 160 142 636 173 143 637 172 141 638 173 143 639 160 142 640 162 144 641 173 143 642 174 145 643 191 146 644 191 146 645 174 145 646 192 147 647 172 141 648 173 143 649 190 148 650 190 148 651 173 143 652 191 146 653 171 140 654 172 141 655 189 149 656 189 149 657 172 141 658 190 148 659 168 138 660 189 149 661 188 150 662 189 149 663 168 138 664 171 140 665 169 139 666 168 138 667 186 151 668 186 151 669 168 138 670 188 150 671 144 121 672 147 152 673 145 153 674 147 152 675 144 121 676 146 122 677 147 152 678 177 154 679 145 153 680 177 154 681 147 152 682 150 155 683 179 156 684 152 129 685 176 157 686 152 129 687 179 156 688 156 127 689 156 127 690 179 156 691 178 158 692 156 127 693 178 158 694 159 131 695 196 159 696 197 160 697 190 148 698 190 148 699 191 146 700 196 159 701 198 161 702 189 149 703 197 160 704 189 149 705 190 148 706 197 160 707 199 162 708 188 150 709 198 161 710 188 150 711 189 149 712 198 161 713 191 146 714 195 163 715 196 159 716 195 163 717 191 146 718 192 147 719 188 150 720 200 164 721 186 151 722 200 164 723 188 150 724 199 162 725 198 161 726 219 165 727 199 162 728 219 165 729 198 161 730 217 166 731 176 157 732 149 167 733 203 168 734 176 157 735 203 168 736 179 156 737 139 117 738 142 169 739 143 132 740 142 169 741 139 117 742 140 119 743 141 114 744 144 121 745 142 169 746 142 169 747 140 119 748 141 114 749 145 153 750 142 169 751 144 121 752 142 169 753 145 153 754 143 132 755 139 117 756 151 134 757 137 124 758 151 134 759 139 117 760 143 132 761 143 132 762 177 154 763 153 133 764 177 154 765 143 132 766 145 153 767 137 124 768 184 137 769 138 170 770 184 137 771 137 124 772 151 134 773 138 170 774 136 171 775 137 124 776 136 171 777 132 125 778 137 124 779 219 165 780 200 164 781 199 162 782 221 172 783 200 164 784 219 165 785 202 173 786 201 174 787 223 175 788 223 175 789 906 176 790 202 173 791 225 177 792 150 155 793 148 178 794 220 179 795 226 180 796 224 181 797 224 181 798 222 182 799 220 179 800 149 167 801 226 180 802 203 168 803 226 180 804 149 167 805 224 181 806 147 152 807 148 178 808 150 155 809 148 178 810 147 152 811 146 122 812 146 122 813 845 123 814 911 183 815 146 122 816 911 183 817 148 178 818 148 178 819 911 183 820 912 184 821 148 178 822 912 184 823 225 177 824 225 177 825 912 184 826 223 175 827 912 184 828 906 176 829 223 175 830 202 173 831 914 185 832 232 186 833 914 185 834 202 173 835 906 176 836 187 187 837 184 137 838 170 136 839 184 137 840 187 187 841 185 188 842 201 174 843 185 188 844 187 187 845 185 188 846 201 174 847 202 173 848 202 173 849 232 186 850 185 188 851 185 188 852 232 186 853 233 189 854 185 188 855 138 170 856 184 137 857 138 170 858 185 188 859 233 189 860 233 189 861 234 190 862 138 170 863 234 190 864 233 189 865 236 191 866 232 186 867 236 191 868 233 189 869 236 191 870 232 186 871 237 192 872 232 186 873 914 185 874 712 193 875 232 186 876 712 193 877 237 192 878 236 191 879 238 194 880 234 190 881 238 194 882 236 191 883 243 195 884 237 192 885 243 195 886 236 191 887 243 195 888 237 192 889 244 196 890 712 193 891 244 196 892 237 192 893 244 196 894 712 193 895 713 197 896 114 198 897 923 199 898 98 103 899 923 199 900 697 104 901 98 103 902 928 200 903 259 201 904 261 202 905 259 201 906 928 200 907 929 203 908 929 203 909 714 204 910 259 201 911 259 201 912 714 204 913 257 205 914 714 204 915 934 206 916 257 205 917 257 205 918 934 206 919 255 207 920 255 207 921 934 206 922 114 198 923 934 206 924 923 199 925 114 198 926 262 208 927 937 209 928 261 202 929 937 209 930 928 200 931 261 202 932 136 171 933 234 190 934 235 210 935 234 190 936 136 171 937 138 170 938 937 209 939 266 211 940 940 212 941 266 211 942 937 209 943 262 208 944 277 213 945 715 214 946 944 215 947 277 213 948 944 215 949 267 216 950 273 217 951 275 218 952 267 216 953 940 212 954 268 219 955 945 220 956 268 219 957 940 212 958 266 211 959 267 216 960 275 218 961 277 213 962 271 221 963 273 217 964 267 216 965 268 219 966 266 211 967 240 222 968 269 223 969 271 221 970 267 216 971 240 222 972 266 211 973 262 208 974 240 222 975 262 208 976 693 224 977 269 223 978 267 216 979 239 225 980 235 210 981 238 194 982 241 226 983 238 194 984 235 210 985 234 190 986 247 227 987 243 195 988 248 228 989 244 196 990 248 228 991 243 195 992 248 228 993 244 196 994 249 229 995 270 230 996 242 231 997 246 232 998 245 233 999 241 226 1000 238 194 1001 272 234 1002 270 230 1003 246 232 1004 274 235 1005 272 234 1006 246 232 1007 274 235 1008 246 232 1009 253 236 1010 245 233 1011 248 228 1012 252 237 1013 248 228 1014 245 233 1015 247 227 1016 276 238 1017 274 235 1018 253 236 1019 249 229 1020 252 237 1021 248 228 1022 252 237 1023 249 229 1024 250 239 1025 278 240 1026 253 236 1027 251 241 1028 278 240 1029 276 238 1030 253 236 1031 278 240 1032 251 241 1033 709 242 1034 716 243 1035 278 240 1036 709 242 1037 254 244 1038 117 245 1039 265 246 1040 117 245 1041 254 244 1042 113 247 1043 256 248 1044 265 246 1045 264 249 1046 265 246 1047 256 248 1048 254 244 1049 265 246 1050 279 250 1051 280 251 1052 279 250 1053 265 246 1054 117 245 1055 280 251 1056 281 252 1057 283 253 1058 281 252 1059 280 251 1060 279 250 1061 282 254 1062 283 253 1063 281 252 1064 282 254 1065 286 255 1066 284 256 1067 286 255 1068 282 254 1069 285 257 1070 281 252 1071 285 257 1072 282 254 1073 285 257 1074 281 252 1075 294 258 1076 279 250 1077 294 258 1078 281 252 1079 294 258 1080 279 250 1081 295 259 1082 97 260 1083 115 261 1084 116 262 1085 115 261 1086 97 260 1087 95 263 1088 113 247 1089 116 262 1090 117 245 1091 116 262 1092 113 247 1093 97 260 1094 117 245 1095 295 259 1096 279 250 1097 117 245 1098 116 262 1099 295 259 1100 118 264 1101 115 261 1102 95 263 1103 118 264 1104 95 263 1105 111 265 1106 116 262 1107 115 261 1108 303 266 1109 116 262 1110 303 266 1111 295 259 1112 302 267 1113 294 258 1114 295 259 1115 302 267 1116 295 259 1117 303 266 1118 301 268 1119 294 258 1120 302 267 1121 294 258 1122 301 268 1123 285 257 1124 286 255 1125 301 268 1126 300 269 1127 301 268 1128 286 255 1129 285 257 1130 264 249 1131 258 270 1132 256 248 1133 258 270 1134 264 249 1135 263 271 1136 693 224 1137 262 208 1138 135 272 1139 261 202 1140 135 272 1141 262 208 1142 260 273 1143 263 271 1144 133 274 1145 263 271 1146 260 273 1147 258 270 1148 263 271 1149 264 249 1150 296 275 1151 280 251 1152 296 275 1153 264 249 1154 280 251 1155 264 249 1156 265 246 1157 133 274 1158 296 275 1159 311 276 1160 296 275 1161 133 274 1162 263 271 1163 283 253 1164 282 254 1165 284 256 1166 296 275 1167 280 251 1168 283 253 1169 284 256 1170 287 277 1171 293 278 1172 293 278 1173 283 253 1174 284 256 1175 289 279 1176 293 278 1177 287 277 1178 286 255 1179 288 280 1180 287 277 1181 287 277 1182 284 256 1183 286 255 1184 300 269 1185 299 281 1186 288 280 1187 288 280 1188 286 255 1189 300 269 1190 289 279 1191 288 280 1192 290 282 1193 288 280 1194 289 279 1195 287 277 1196 299 281 1197 290 282 1198 288 280 1199 290 282 1200 299 281 1201 297 283 1202 311 276 1203 296 275 1204 283 253 1205 289 279 1206 291 284 1207 292 285 1208 291 284 1209 289 279 1210 290 282 1211 293 278 1212 333 286 1213 331 287 1214 293 278 1215 331 287 1216 283 253 1217 290 282 1218 298 288 1219 291 284 1220 298 288 1221 290 282 1222 297 283 1223 111 265 1224 119 289 1225 118 264 1226 111 265 1227 109 290 1228 119 289 1229 115 261 1230 304 291 1231 303 266 1232 304 291 1233 115 261 1234 118 264 1235 304 291 1236 302 267 1237 303 266 1238 302 267 1239 304 291 1240 305 292 1241 305 292 1242 301 268 1243 302 267 1244 301 268 1245 305 292 1246 306 293 1247 301 268 1248 306 293 1249 300 269 1250 300 269 1251 306 293 1252 307 294 1253 307 294 1254 308 295 1255 299 281 1256 307 294 1257 299 281 1258 300 269 1259 308 295 1260 297 283 1261 299 281 1262 297 283 1263 308 295 1264 309 296 1265 118 264 1266 315 297 1267 304 291 1268 315 297 1269 118 264 1270 119 289 1271 304 291 1272 316 298 1273 305 292 1274 316 298 1275 304 291 1276 315 297 1277 305 292 1278 317 299 1279 306 293 1280 317 299 1281 305 292 1282 316 298 1283 109 290 1284 120 300 1285 122 301 1286 109 290 1287 122 301 1288 119 289 1289 130 302 1290 128 303 1291 131 304 1292 130 302 1293 125 305 1294 128 303 1295 125 305 1296 126 306 1297 128 303 1298 122 301 1299 126 306 1300 125 305 1301 126 306 1302 122 301 1303 120 300 1304 317 299 1305 307 294 1306 306 293 1307 317 299 1308 318 307 1309 307 294 1310 322 308 1311 122 301 1312 125 305 1313 119 289 1314 322 308 1315 315 297 1316 322 308 1317 119 289 1318 122 301 1319 316 298 1320 322 308 1321 323 309 1322 322 308 1323 316 298 1324 315 297 1325 125 305 1326 325 310 1327 323 309 1328 125 305 1329 323 309 1330 322 308 1331 323 309 1332 317 299 1333 316 298 1334 317 299 1335 323 309 1336 324 311 1337 325 310 1338 324 311 1339 323 309 1340 317 299 1341 324 311 1342 318 307 1343 318 307 1344 324 311 1345 326 312 1346 308 295 1347 318 307 1348 319 313 1349 318 307 1350 308 295 1351 307 294 1352 319 313 1353 320 314 1354 309 296 1355 319 313 1356 309 296 1357 308 295 1358 328 315 1359 319 313 1360 327 316 1361 319 313 1362 328 315 1363 320 314 1364 326 312 1365 319 313 1366 318 307 1367 319 313 1368 326 312 1369 327 316 1370 326 312 1371 324 311 1372 325 310 1373 330 317 1374 326 312 1375 325 310 1376 326 312 1377 330 317 1378 327 316 1379 328 315 1380 327 316 1381 330 317 1382 325 310 1383 125 305 1384 130 302 1385 134 318 1386 130 302 1387 131 304 1388 130 302 1389 134 318 1390 312 319 1391 332 320 1392 325 310 1393 312 319 1394 320 314 1395 321 321 1396 310 322 1397 320 314 1398 310 322 1399 309 296 1400 309 296 1401 310 322 1402 298 288 1403 309 296 1404 298 288 1405 297 283 1406 320 314 1407 328 315 1408 321 321 1409 321 321 1410 328 315 1411 329 323 1412 330 317 1413 329 323 1414 328 315 1415 325 310 1416 334 324 1417 330 317 1418 334 324 1419 325 310 1420 332 320 1421 335 325 1422 330 317 1423 334 324 1424 335 325 1425 334 324 1426 339 326 1427 335 325 1428 336 327 1429 329 323 1430 336 327 1431 321 321 1432 329 323 1433 329 323 1434 330 317 1435 335 325 1436 338 328 1437 333 286 1438 314 329 1439 314 329 1440 333 286 1441 293 278 1442 289 279 1443 292 285 1444 293 278 1445 293 278 1446 292 285 1447 314 329 1448 292 285 1449 313 330 1450 314 329 1451 313 330 1452 292 285 1453 291 284 1454 337 331 1455 298 288 1456 310 322 1457 336 327 1458 335 325 1459 694 332 1460 694 332 1461 338 328 1462 314 329 1463 694 332 1464 314 329 1465 313 330 1466 694 332 1467 313 330 1468 337 331 1469 694 332 1470 335 325 1471 339 326 1472 337 331 1473 336 327 1474 694 332 1475 313 330 1476 291 284 1477 337 331 1478 337 331 1479 291 284 1480 298 288 1481 337 331 1482 310 322 1483 336 327 1484 336 327 1485 310 322 1486 321 321 1487 203 168 1488 178 158 1489 179 156 1490 178 158 1491 203 168 1492 204 333 1493 204 333 1494 180 334 1495 178 158 1496 180 334 1497 204 333 1498 205 335 1499 197 160 1500 217 166 1501 198 161 1502 217 166 1503 197 160 1504 215 336 1505 226 180 1506 204 333 1507 203 168 1508 204 333 1509 226 180 1510 227 337 1511 226 180 1512 218 338 1513 227 337 1514 218 338 1515 226 180 1516 220 179 1517 216 339 1518 227 337 1519 218 338 1520 227 337 1521 216 339 1522 228 340 1523 227 337 1524 205 335 1525 204 333 1526 205 335 1527 227 337 1528 228 340 1529 207 341 1530 206 342 1531 230 343 1532 229 344 1533 230 343 1534 206 342 1535 213 345 1536 228 340 1537 216 339 1538 228 340 1539 213 345 1540 229 344 1541 228 340 1542 206 342 1543 205 335 1544 206 342 1545 228 340 1546 229 344 1547 196 159 1548 195 163 1549 214 346 1550 214 346 1551 195 163 1552 212 347 1553 230 343 1554 229 344 1555 211 348 1556 213 345 1557 211 348 1558 229 344 1559 196 159 1560 215 336 1561 197 160 1562 215 336 1563 196 159 1564 214 346 1565 192 147 1566 194 349 1567 195 163 1568 194 349 1569 192 147 1570 193 350 1571 194 349 1572 212 347 1573 195 163 1574 212 347 1575 194 349 1576 210 351 1577 209 352 1578 230 343 1579 211 348 1580 230 343 1581 209 352 1582 231 353 1583 231 353 1584 207 341 1585 230 343 1586 207 341 1587 231 353 1588 208 354 1589 162 144 1590 174 145 1591 173 143 1592 174 145 1593 162 144 1594 165 355 1595 174 145 1596 193 350 1597 192 147 1598 193 350 1599 174 145 1600 175 356 1601 368 357 1602 362 358 1603 369 359 1604 362 358 1605 368 357 1606 361 360 1607 362 358 1608 370 361 1609 369 359 1610 370 361 1611 362 358 1612 363 362 1613 375 363 1614 369 359 1615 376 364 1616 369 359 1617 375 363 1618 368 357 1619 369 359 1620 370 361 1621 377 365 1622 369 359 1623 377 365 1624 376 364 1625 382 366 1626 376 364 1627 383 367 1628 376 364 1629 382 366 1630 375 363 1631 389 368 1632 382 366 1633 390 369 1634 390 369 1635 382 366 1636 383 367 1637 376 364 1638 384 370 1639 383 367 1640 376 364 1641 377 365 1642 384 370 1643 383 367 1644 391 371 1645 390 369 1646 391 371 1647 383 367 1648 384 370 1649 377 365 1650 386 372 1651 384 370 1652 377 365 1653 379 373 1654 386 372 1655 384 370 1656 393 374 1657 391 371 1658 393 374 1659 384 370 1660 386 372 1661 378 375 1662 380 376 1663 387 377 1664 378 375 1665 387 377 1666 385 378 1667 387 377 1668 392 379 1669 385 378 1670 392 379 1671 387 377 1672 394 380 1673 381 381 1674 387 377 1675 380 376 1676 387 377 1677 381 381 1678 388 382 1679 388 382 1680 394 380 1681 387 377 1682 394 380 1683 388 382 1684 395 383 1685 375 363 1686 388 382 1687 381 381 1688 388 382 1689 375 363 1690 382 366 1691 395 383 1692 382 366 1693 389 368 1694 382 366 1695 395 383 1696 388 382 1697 356 384 1698 362 358 1699 355 385 1700 362 358 1701 356 384 1702 363 362 1703 361 360 1704 354 386 1705 362 358 1706 362 358 1707 354 386 1708 355 385 1709 193 350 1710 353 387 1711 341 388 1712 353 387 1713 193 350 1714 175 356 1715 373 389 1716 366 390 1717 374 391 1718 367 392 1719 374 391 1720 366 390 1721 361 360 1722 374 391 1723 367 392 1724 374 391 1725 361 360 1726 368 357 1727 374 391 1728 380 376 1729 373 389 1730 380 376 1731 374 391 1732 381 381 1733 375 363 1734 374 391 1735 368 357 1736 374 391 1737 375 363 1738 381 381 1739 193 350 1740 343 393 1741 194 349 1742 343 393 1743 193 350 1744 341 388 1745 354 386 1746 360 394 1747 340 395 1748 340 395 1749 352 396 1750 354 386 1751 367 392 1752 354 386 1753 361 360 1754 354 386 1755 367 392 1756 360 394 1757 194 349 1758 343 393 1759 210 351 1760 210 351 1761 343 393 1762 345 397 1763 205 335 1764 181 398 1765 180 334 1766 181 398 1767 205 335 1768 206 342 1769 181 398 1770 207 341 1771 182 399 1772 207 341 1773 181 398 1774 206 342 1775 182 399 1776 207 341 1777 183 400 1778 207 341 1779 208 354 1780 183 400 1781 159 131 1782 180 334 1783 161 401 1784 180 334 1785 159 131 1786 178 158 1787 159 131 1788 160 142 1789 158 130 1790 160 142 1791 159 131 1792 161 401 1793 161 401 1794 181 398 1795 163 402 1796 181 398 1797 161 401 1798 180 334 1799 161 401 1800 162 144 1801 160 142 1802 162 144 1803 161 401 1804 163 402 1805 163 402 1806 165 355 1807 162 144 1808 165 355 1809 163 402 1810 164 403 1811 413 404 1812 400 405 1813 412 406 1814 400 405 1815 413 404 1816 402 407 1817 497 408 1818 510 409 1819 511 410 1820 510 409 1821 497 408 1822 495 411 1823 209 352 1824 344 412 1825 231 353 1826 231 353 1827 344 412 1828 346 413 1829 510 409 1830 507 414 1831 516 415 1832 507 414 1833 510 409 1834 495 411 1835 359 416 1836 367 392 1837 366 390 1838 367 392 1839 359 416 1840 360 394 1841 342 417 1842 360 394 1843 548 418 1844 360 394 1845 342 417 1846 340 395 1847 413 404 1848 404 419 1849 402 407 1850 404 419 1851 413 404 1852 414 420 1853 363 362 1854 358 421 1855 365 422 1856 358 421 1857 363 362 1858 356 384 1859 370 361 1860 379 373 1861 377 365 1862 370 361 1863 372 423 1864 379 373 1865 370 361 1866 365 422 1867 372 423 1868 365 422 1869 370 361 1870 363 362 1871 359 416 1872 366 390 1873 357 424 1874 357 424 1875 366 390 1876 364 425 1877 366 390 1878 373 389 1879 364 425 1880 364 425 1881 373 389 1882 371 426 1883 373 389 1884 380 376 1885 371 426 1886 371 426 1887 380 376 1888 378 375 1889 403 427 1890 562 428 1891 557 429 1892 562 428 1893 403 427 1894 406 430 1895 346 413 1896 208 354 1897 231 353 1898 208 354 1899 346 413 1900 347 431 1901 347 431 1902 559 432 1903 558 433 1904 559 432 1905 347 431 1906 346 413 1907 558 433 1908 496 434 1909 498 435 1910 496 434 1911 558 433 1912 559 432 1913 569 436 1914 347 431 1915 558 433 1916 497 408 1917 511 410 1918 499 437 1919 512 438 1920 499 437 1921 511 410 1922 500 439 1923 569 436 1924 498 435 1925 569 436 1926 558 433 1927 498 435 1928 348 440 1929 347 431 1930 569 436 1931 183 400 1932 208 354 1933 347 431 1934 183 400 1935 347 431 1936 348 440 1937 569 436 1938 568 441 1939 348 440 1940 403 427 1941 556 442 1942 401 443 1943 556 442 1944 403 427 1945 557 429 1946 412 406 1947 400 405 1948 411 444 1949 398 445 1950 411 444 1951 400 405 1952 401 443 1953 572 446 1954 399 447 1955 572 446 1956 401 443 1957 556 442 1958 348 440 1959 568 441 1960 571 448 1961 572 446 1962 348 440 1963 571 448 1964 568 441 1965 448 449 1966 571 448 1967 571 448 1968 448 449 1969 450 450 1970 447 451 1971 461 452 1972 449 453 1973 449 453 1974 461 452 1975 462 454 1976 462 454 1977 451 455 1978 449 453 1979 451 455 1980 462 454 1981 463 456 1982 573 457 1983 571 448 1984 450 450 1985 573 457 1986 399 447 1987 572 446 1988 573 457 1989 572 446 1990 571 448 1991 411 444 1992 396 458 1993 410 459 1994 396 458 1995 411 444 1996 398 445 1997 450 450 1998 452 460 1999 573 457 2000 573 457 2001 452 460 2002 574 461 2003 573 457 2004 397 462 2005 399 447 2006 397 462 2007 573 457 2008 574 461 2009 405 463 2010 416 464 2011 407 465 2012 416 464 2013 405 463 2014 415 466 2015 396 458 2016 416 464 2017 410 459 2018 416 464 2019 396 458 2020 407 465 2021 569 436 2022 500 439 2023 570 467 2024 568 441 2025 569 436 2026 570 467 2027 447 451 2028 460 468 2029 461 452 2030 460 468 2031 447 451 2032 445 469 2033 446 470 2034 448 449 2035 568 441 2036 568 441 2037 570 467 2038 446 470 2039 446 470 2040 570 467 2041 577 471 2042 512 438 2043 501 472 2044 499 437 2045 501 472 2046 512 438 2047 513 473 2048 570 467 2049 502 474 2050 577 471 2051 502 474 2052 570 467 2053 500 439 2054 465 475 2055 451 455 2056 463 456 2057 451 455 2058 465 475 2059 454 476 2060 458 477 2061 446 470 2062 577 471 2063 445 469 2064 466 478 2065 460 468 2066 466 478 2067 445 469 2068 457 479 2069 466 478 2070 453 480 2071 464 481 2072 453 480 2073 466 478 2074 457 479 2075 452 460 2076 576 482 2077 574 461 2078 455 483 2079 576 482 2080 452 460 2081 409 484 2082 574 461 2083 576 482 2084 574 461 2085 409 484 2086 397 462 2087 575 485 2088 456 486 2089 580 487 2090 580 487 2091 456 486 2092 459 488 2093 406 430 2094 567 489 2095 562 428 2096 567 489 2097 406 430 2098 408 490 2099 567 489 2100 408 490 2101 575 485 2102 567 489 2103 575 485 2104 580 487 2105 579 491 2106 578 492 2107 503 493 2108 501 472 2109 515 494 2110 505 495 2111 515 494 2112 501 472 2113 513 473 2114 516 415 2115 504 496 2116 514 497 2117 504 496 2118 516 415 2119 507 414 2120 580 487 2121 459 488 2122 579 491 2123 579 491 2124 459 488 2125 578 492 2126 579 491 2127 503 493 2128 506 498 2129 496 434 2130 560 499 2131 508 500 2132 560 499 2133 496 434 2134 559 432 2135 581 501 2136 580 487 2137 579 491 2138 581 501 2139 567 489 2140 580 487 2141 509 502 2142 561 503 2143 584 504 2144 584 504 2145 506 498 2146 509 502 2147 579 491 2148 506 498 2149 584 504 2150 581 501 2151 579 491 2152 584 504 2153 559 432 2154 554 505 2155 560 499 2156 554 505 2157 559 432 2158 346 413 2159 548 418 2160 360 394 2161 359 416 2162 182 399 2163 163 402 2164 181 398 2165 163 402 2166 182 399 2167 164 403 2168 165 355 2169 175 356 2170 174 145 2171 175 356 2172 165 355 2173 167 506 2174 183 400 2175 164 403 2176 182 399 2177 164 403 2178 183 400 2179 166 507 2180 165 355 2181 585 508 2182 167 506 2183 585 508 2184 165 355 2185 164 403 2186 164 403 2187 166 507 2188 585 508 2189 354 386 2190 352 396 2191 355 385 2192 350 509 2193 355 385 2194 352 396 2195 572 446 2196 556 442 2197 349 510 2198 349 510 2199 183 400 2200 348 440 2201 183 400 2202 349 510 2203 166 507 2204 349 510 2205 348 440 2206 572 446 2207 351 511 2208 175 356 2209 167 506 2210 175 356 2211 351 511 2212 353 387 2213 166 507 2214 586 512 2215 585 508 2216 586 512 2217 166 507 2218 349 510 2219 167 506 2220 586 512 2221 351 511 2222 586 512 2223 167 506 2224 585 508 2225 557 429 2226 349 510 2227 556 442 2228 349 510 2229 557 429 2230 545 513 2231 355 385 2232 546 514 2233 356 384 2234 546 514 2235 355 385 2236 350 509 2237 349 510 2238 545 513 2239 586 512 2240 586 512 2241 545 513 2242 587 515 2243 351 511 2244 587 515 2245 547 516 2246 587 515 2247 351 511 2248 586 512 2249 564 517 2250 359 416 2251 357 424 2252 359 416 2253 564 517 2254 548 418 2255 557 429 2256 563 518 2257 545 513 2258 563 518 2259 557 429 2260 562 428 2261 356 384 2262 565 519 2263 358 421 2264 565 519 2265 356 384 2266 546 514 2267 346 413 2268 551 520 2269 554 505 2270 551 520 2271 346 413 2272 344 412 2273 343 393 2274 550 521 2275 345 397 2276 345 397 2277 550 521 2278 552 522 2279 584 504 2280 555 523 2281 583 524 2282 555 523 2283 584 504 2284 561 503 2285 583 524 2286 581 501 2287 584 504 2288 583 524 2289 555 523 2290 553 525 2291 582 526 2292 581 501 2293 583 524 2294 582 526 2295 583 524 2296 588 527 2297 588 527 2298 553 525 2299 566 528 2300 553 525 2301 549 529 2302 566 528 2303 567 489 2304 581 501 2305 582 526 2306 562 428 2307 582 526 2308 563 518 2309 582 526 2310 562 428 2311 567 489 2312 588 527 2313 563 518 2314 582 526 2315 545 513 2316 588 527 2317 587 515 2318 588 527 2319 545 513 2320 563 518 2321 547 516 2322 588 527 2323 566 528 2324 588 527 2325 547 516 2326 587 515 2327 583 524 2328 553 525 2329 588 527 2330 67 39 2331 66 530 2332 65 36 2333 66 530 2334 67 39 2335 68 531 2336 56 35 2337 65 36 2338 55 532 2339 55 532 2340 65 36 2341 66 530 2342 17 17 2343 15 15 2344 22 533 2345 22 533 2346 15 15 2347 21 25 2348 21 25 2349 55 532 2350 22 533 2351 55 532 2352 21 25 2353 56 35 2354 19 534 2355 17 17 2356 22 533 2357 774 52 2358 68 531 2359 67 39 2360 68 531 2361 774 52 2362 705 535 2363 589 536 2364 68 531 2365 705 535 2366 22 533 2367 55 532 2368 590 537 2369 55 532 2370 66 530 2371 590 537 2372 68 531 2373 590 537 2374 66 530 2375 590 537 2376 68 531 2377 589 536 2378 19 534 2379 22 533 2380 590 537 2381 19 534 2382 18 18 2383 17 17 2384 18 18 2385 19 534 2386 20 538 2387 1247 539 2388 589 536 2389 705 535 2390 589 536 2391 1247 539 2392 1248 540 2393 591 541 2394 19 534 2395 590 537 2396 590 537 2397 589 536 2398 593 542 2399 591 541 2400 20 538 2401 19 534 2402 20 538 2403 591 541 2404 592 543 2405 594 544 2406 591 541 2407 593 542 2408 591 541 2409 594 544 2410 592 543 2411 591 541 2412 590 537 2413 593 542 2414 589 536 2415 1248 540 2416 593 542 2417 593 542 2418 717 545 2419 594 544 2420 717 545 2421 593 542 2422 1248 540 2423 698 546 2424 599 547 2425 598 548 2426 599 547 2427 698 546 2428 699 549 2429 1256 550 2430 598 548 2431 595 551 2432 598 548 2433 1256 550 2434 698 546 2435 594 544 2436 1256 550 2437 595 551 2438 1256 550 2439 594 544 2440 717 545 2441 592 543 2442 595 551 2443 596 552 2444 595 551 2445 592 543 2446 594 544 2447 592 543 2448 597 553 2449 20 538 2450 597 553 2451 592 543 2452 596 552 2453 18 18 2454 32 20 2455 16 16 2456 32 20 2457 18 18 2458 33 554 2459 20 538 2460 33 554 2461 18 18 2462 33 554 2463 20 538 2464 597 553 2465 599 547 2466 718 555 2467 600 556 2468 718 555 2469 599 547 2470 699 549 2471 605 557 2472 599 547 2473 600 556 2474 606 558 2475 599 547 2476 605 557 2477 599 547 2478 606 558 2479 598 548 2480 607 559 2481 598 548 2482 606 558 2483 598 548 2484 607 559 2485 595 551 2486 595 551 2487 607 559 2488 596 552 2489 596 552 2490 607 559 2491 608 560 2492 597 553 2493 596 552 2494 608 560 2495 33 554 2496 597 553 2497 608 560 2498 41 56 2499 75 60 2500 73 57 2501 75 60 2502 41 56 2503 74 561 2504 75 60 2505 76 562 2506 77 62 2507 76 562 2508 75 60 2509 74 561 2510 632 563 2511 700 564 2512 1268 565 2513 1268 565 2514 633 566 2515 632 563 2516 633 566 2517 1268 565 2518 1269 567 2519 629 568 2520 632 563 2521 633 566 2522 634 569 2523 629 568 2524 633 566 2525 629 568 2526 634 569 2527 626 570 2528 634 569 2529 1269 567 2530 1274 571 2531 1269 567 2532 634 569 2533 633 566 2534 789 66 2535 79 64 2536 706 572 2537 706 572 2538 79 64 2539 78 573 2540 635 574 2541 1274 571 2542 707 575 2543 1274 571 2544 635 574 2545 634 569 2546 77 62 2547 78 573 2548 79 64 2549 78 573 2550 77 62 2551 76 562 2552 635 574 2553 76 562 2554 621 576 2555 76 562 2556 635 574 2557 78 573 2558 707 575 2559 78 573 2560 635 574 2561 78 573 2562 707 575 2563 706 572 2564 634 569 2565 635 574 2566 621 576 2567 634 569 2568 621 576 2569 626 570 2570 718 555 2571 602 577 2572 600 556 2573 718 555 2574 1281 578 2575 602 577 2576 605 557 2577 600 556 2578 604 579 2579 604 579 2580 600 556 2581 602 577 2582 610 580 2583 605 557 2584 604 579 2585 1287 581 2586 636 582 2587 601 583 2588 636 582 2589 603 584 2590 601 583 2591 1287 581 2592 601 583 2593 1280 585 2594 719 586 2595 636 582 2596 1287 581 2597 610 580 2598 606 558 2599 605 557 2600 606 558 2601 610 580 2602 612 587 2603 606 558 2604 614 588 2605 607 559 2606 614 588 2607 606 558 2608 612 587 2609 614 588 2610 608 560 2611 607 559 2612 608 560 2613 614 588 2614 616 589 2615 608 560 2616 37 590 2617 33 554 2618 37 590 2619 608 560 2620 616 589 2621 32 20 2622 33 554 2623 35 591 2624 35 591 2625 33 554 2626 37 590 2627 38 54 2628 32 20 2629 35 591 2630 38 54 2631 35 591 2632 40 592 2633 38 54 2634 43 593 2635 41 56 2636 43 593 2637 38 54 2638 40 592 2639 41 56 2640 43 593 2641 74 561 2642 74 561 2643 43 593 2644 618 594 2645 74 561 2646 620 595 2647 76 562 2648 620 595 2649 74 561 2650 618 594 2651 76 562 2652 620 595 2653 621 576 2654 621 576 2655 620 595 2656 623 596 2657 626 570 2658 621 576 2659 623 596 2660 626 570 2661 623 596 2662 625 597 2663 625 597 2664 628 598 2665 629 568 2666 629 568 2667 626 570 2668 625 597 2669 629 568 2670 631 599 2671 632 563 2672 631 599 2673 629 568 2674 628 598 2675 1315 600 2676 632 563 2677 631 599 2678 632 563 2679 1315 600 2680 700 564 2681 1314 601 2682 630 602 2683 1316 603 2684 630 602 2685 649 604 2686 1316 603 2687 649 604 2688 630 602 2689 627 605 2690 1318 606 2691 1316 603 2692 649 604 2693 648 607 2694 627 605 2695 624 608 2696 627 605 2697 648 607 2698 649 604 2699 650 609 2700 1318 606 2701 649 604 2702 650 609 2703 649 604 2704 648 607 2705 650 609 2706 648 607 2707 651 610 2708 647 611 2709 624 608 2710 622 612 2711 624 608 2712 647 611 2713 648 607 2714 622 612 2715 646 613 2716 647 611 2717 646 613 2718 622 612 2719 619 614 2720 653 615 2721 647 611 2722 646 613 2723 647 611 2724 651 610 2725 648 607 2726 651 610 2727 647 611 2728 653 615 2729 652 616 2730 651 610 2731 653 615 2732 650 609 2733 651 610 2734 720 617 2735 720 617 2736 651 610 2737 652 616 2738 652 616 2739 655 618 2740 1325 619 2741 1325 619 2742 720 617 2743 652 616 2744 1328 620 2745 1325 619 2746 656 621 2747 656 621 2748 1325 619 2749 655 618 2750 654 622 2751 652 616 2752 653 615 2753 652 616 2754 654 622 2755 655 618 2756 654 622 2757 653 615 2758 646 613 2759 656 621 2760 655 618 2761 657 623 2762 654 622 2763 657 623 2764 655 618 2765 1328 620 2766 656 621 2767 721 624 2768 721 624 2769 656 621 2770 657 623 2771 636 582 2772 637 625 2773 609 626 2774 636 582 2775 609 626 2776 603 584 2777 637 625 2778 638 627 2779 611 628 2780 611 628 2781 609 626 2782 637 625 2783 722 629 2784 637 625 2785 719 586 2786 637 625 2787 636 582 2788 719 586 2789 638 627 2790 639 630 2791 613 631 2792 638 627 2793 613 631 2794 611 628 2795 662 632 2796 637 625 2797 722 629 2798 638 627 2799 637 625 2800 662 632 2801 662 632 2802 722 629 2803 1335 633 2804 639 630 2805 662 632 2806 663 634 2807 662 632 2808 639 630 2809 638 627 2810 1337 635 2811 662 632 2812 1335 633 2813 662 632 2814 1337 635 2815 663 634 2816 721 624 2817 661 636 2818 1339 637 2819 654 622 2820 646 613 2821 645 638 2822 617 639 2823 644 640 2824 645 638 2825 644 640 2826 617 639 2827 42 641 2828 619 614 2829 645 638 2830 646 613 2831 645 638 2832 619 614 2833 617 639 2834 659 642 2835 654 622 2836 645 638 2837 659 642 2838 645 638 2839 644 640 2840 659 642 2841 657 623 2842 654 622 2843 643 643 2844 42 641 2845 39 644 2846 42 641 2847 643 643 2848 644 640 2849 658 645 2850 657 623 2851 659 642 2852 721 624 2853 657 623 2854 658 645 2855 660 646 2856 721 624 2857 658 645 2858 661 636 2859 721 624 2860 660 646 2861 665 647 2862 1346 648 2863 661 636 2864 1346 648 2865 1339 637 2866 661 636 2867 660 646 2868 658 645 2869 667 649 2870 665 647 2871 661 636 2872 660 646 2873 665 647 2874 660 646 2875 667 649 2876 664 650 2877 1337 635 2878 1350 651 2879 1337 635 2880 664 650 2881 663 634 2882 1350 651 2883 665 647 2884 664 650 2885 665 647 2886 1350 651 2887 1346 648 2888 663 634 2889 664 650 2890 640 652 2891 663 634 2892 640 652 2893 639 630 2894 639 630 2895 640 652 2896 615 653 2897 615 653 2898 613 631 2899 639 630 2900 642 654 2901 36 655 2902 641 656 2903 36 655 2904 642 654 2905 34 657 2906 34 657 2907 642 654 2908 643 643 2909 34 657 2910 643 643 2911 39 644 2912 643 643 2913 659 642 2914 644 640 2915 659 642 2916 643 643 2917 666 658 2918 658 645 2919 659 642 2920 666 658 2921 666 658 2922 643 643 2923 642 654 2924 667 649 2925 658 645 2926 666 658 2927 642 654 2928 641 656 2929 666 658 2930 640 652 2931 641 656 2932 36 655 2933 640 652 2934 36 655 2935 615 653 2936 641 656 2937 640 652 2938 668 659 2939 668 659 2940 666 658 2941 641 656 2942 668 659 2943 667 649 2944 666 658 2945 668 659 2946 665 647 2947 667 649 2948 665 647 2949 668 659 2950 664 650 2951 640 652 2952 664 650 2953 668 659 2954 433 660 2955 441 661 2956 434 662 2957 441 661 2958 433 660 2959 440 663 2960 440 663 2961 433 660 2962 439 664 2963 432 665 2964 439 664 2965 433 660 2966 431 666 2967 439 664 2968 432 665 2969 439 664 2970 431 666 2971 438 667 2972 669 668 2973 438 667 2974 444 669 2975 669 668 2976 439 664 2977 438 667 2978 437 670 2979 444 669 2980 431 666 2981 444 669 2982 438 667 2983 431 666 2984 434 662 2985 441 661 2986 435 671 2987 435 671 2988 441 661 2989 442 672 2990 442 672 2991 441 661 2992 669 668 2993 436 673 2994 443 674 2995 437 670 2996 443 674 2997 444 669 2998 437 670 2999 669 668 3000 444 669 3001 443 674 3002 669 668 3003 440 663 3004 439 664 3005 441 661 3006 440 663 3007 669 668 3008 410 459 3009 418 675 3010 411 444 3011 418 675 3012 410 459 3013 417 676 3014 424 677 3015 432 665 3016 425 678 3017 432 665 3018 424 677 3019 431 666 3020 430 679 3021 431 666 3022 424 677 3023 431 666 3024 430 679 3025 437 670 3026 417 676 3027 410 459 3028 423 680 3029 423 680 3030 410 459 3031 416 464 3032 417 676 3033 672 681 3034 670 682 3035 672 681 3036 417 676 3037 423 680 3038 430 679 3039 670 682 3040 672 681 3041 670 682 3042 430 679 3043 424 677 3044 437 670 3045 429 683 3046 436 673 3047 429 683 3048 437 670 3049 430 679 3050 423 680 3051 416 464 3052 422 684 3053 415 466 3054 422 684 3055 416 464 3056 674 685 3057 423 680 3058 422 684 3059 423 680 3060 674 685 3061 672 681 3062 674 685 3063 429 683 3064 672 681 3065 429 683 3066 430 679 3067 672 681 3068 421 686 3069 414 420 3070 420 687 3071 413 404 3072 420 687 3073 414 420 3074 428 688 3075 434 662 3076 435 671 3077 428 688 3078 427 689 3079 434 662 3080 675 690 3081 421 686 3082 420 687 3083 421 686 3084 675 690 3085 673 691 3086 673 691 3087 675 690 3088 427 689 3089 427 689 3090 428 688 3091 673 691 3092 426 692 3093 434 662 3094 427 689 3095 434 662 3096 426 692 3097 433 660 3098 411 444 3099 419 693 3100 412 406 3101 419 693 3102 411 444 3103 418 675 3104 420 687 3105 412 406 3106 419 693 3107 412 406 3108 420 687 3109 413 404 3110 425 678 3111 433 660 3112 426 692 3113 433 660 3114 425 678 3115 432 665 3116 670 682 3117 425 678 3118 671 694 3119 425 678 3120 670 682 3121 424 677 3122 417 676 3123 671 694 3124 418 675 3125 671 694 3126 417 676 3127 670 682 3128 418 675 3129 671 694 3130 676 695 3131 418 675 3132 676 695 3133 419 693 3134 425 678 3135 676 695 3136 671 694 3137 676 695 3138 425 678 3139 426 692 3140 419 693 3141 676 695 3142 675 690 3143 675 690 3144 420 687 3145 419 693 3146 427 689 3147 676 695 3148 426 692 3149 676 695 3150 427 689 3151 675 690 3152 460 468 3153 467 696 3154 461 452 3155 468 697 3156 461 452 3157 467 696 3158 474 698 3159 482 699 3160 475 700 3161 482 699 3162 474 698 3163 481 701 3164 480 702 3165 481 701 3166 474 698 3167 481 701 3168 480 702 3169 487 703 3170 460 468 3171 473 704 3172 467 696 3173 473 704 3174 460 468 3175 466 478 3176 467 696 3177 679 705 3178 677 706 3179 679 705 3180 467 696 3181 473 704 3182 679 705 3183 474 698 3184 677 706 3185 474 698 3186 679 705 3187 480 702 3188 487 703 3189 480 702 3190 485 707 3191 485 707 3192 480 702 3193 478 708 3194 473 704 3195 464 481 3196 471 709 3197 464 481 3198 473 704 3199 466 478 3200 680 710 3201 473 704 3202 471 709 3203 473 704 3204 680 710 3205 679 705 3206 480 702 3207 680 710 3208 478 708 3209 680 710 3210 480 702 3211 679 705 3212 479 711 3213 477 712 3214 484 713 3215 479 711 3216 484 713 3217 486 714 3218 472 715 3219 463 456 3220 470 716 3221 463 456 3222 472 715 3223 465 475 3224 470 716 3225 682 717 3226 681 718 3227 470 716 3228 681 718 3229 472 715 3230 479 711 3231 681 718 3232 477 712 3233 682 717 3234 477 712 3235 681 718 3236 477 712 3237 476 719 3238 483 720 3239 483 720 3240 484 713 3241 477 712 3242 461 452 3243 468 697 3244 462 454 3245 462 454 3246 468 697 3247 469 721 3248 470 716 3249 462 454 3250 469 721 3251 462 454 3252 470 716 3253 463 456 3254 475 700 3255 483 720 3256 476 719 3257 483 720 3258 475 700 3259 482 699 3260 469 721 3261 683 722 3262 682 717 3263 469 721 3264 682 717 3265 470 716 3266 468 697 3267 677 706 3268 678 723 3269 677 706 3270 468 697 3271 467 696 3272 678 723 3273 469 721 3274 468 697 3275 469 721 3276 678 723 3277 683 722 3278 475 700 3279 678 723 3280 474 698 3281 678 723 3282 677 706 3283 474 698 3284 683 722 3285 678 723 3286 476 719 3287 678 723 3288 475 700 3289 476 719 3290 683 722 3291 476 719 3292 682 717 3293 476 719 3294 477 712 3295 682 717 3296 529 724 3297 534 725 3298 536 726 3299 529 724 3300 527 727 3301 534 725 3302 522 728 3303 513 473 3304 520 729 3305 513 473 3306 522 728 3307 515 494 3308 526 730 3309 534 725 3310 527 727 3311 534 725 3312 526 730 3313 533 731 3314 520 729 3315 513 473 3316 519 732 3317 512 438 3318 519 732 3319 513 473 3320 687 733 3321 520 729 3322 519 732 3323 520 729 3324 687 733 3325 686 734 3326 687 733 3327 526 730 3328 686 734 3329 526 730 3330 527 727 3331 686 734 3332 533 731 3333 525 735 3334 532 736 3335 525 735 3336 533 731 3337 526 730 3338 519 732 3339 511 410 3340 518 737 3341 511 410 3342 519 732 3343 512 438 3344 519 732 3345 688 738 3346 687 733 3347 688 738 3348 519 732 3349 518 737 3350 687 733 3351 525 735 3352 526 730 3353 525 735 3354 687 733 3355 688 738 3356 511 410 3357 517 739 3358 518 737 3359 517 739 3360 511 410 3361 510 409 3362 525 735 3363 531 740 3364 532 736 3365 531 740 3366 525 735 3367 524 741 3368 688 738 3369 518 737 3370 517 739 3371 688 738 3372 517 739 3373 689 742 3374 525 735 3375 689 742 3376 524 741 3377 689 742 3378 525 735 3379 688 738 3380 524 741 3381 530 743 3382 537 744 3383 524 741 3384 537 744 3385 531 740 3386 514 497 3387 521 745 3388 516 415 3389 523 746 3390 516 415 3391 521 745 3392 517 739 3393 516 415 3394 523 746 3395 516 415 3396 517 739 3397 510 409 3398 528 747 3399 537 744 3400 530 743 3401 537 744 3402 528 747 3403 535 748 3404 530 743 3405 690 749 3406 684 750 3407 530 743 3408 684 750 3409 528 747 3410 690 749 3411 524 741 3412 689 742 3413 524 741 3414 690 749 3415 530 743 3416 520 729 3417 685 751 3418 522 728 3419 685 751 3420 520 729 3421 686 734 3422 523 746 3423 684 750 3424 690 749 3425 684 750 3426 523 746 3427 521 745 3428 685 751 3429 527 727 3430 529 724 3431 527 727 3432 685 751 3433 686 734 3434 523 746 3435 689 742 3436 517 739 3437 689 742 3438 523 746 3439 690 749 3440 537 744 3441 544 752 3442 531 740 3443 538 753 3444 531 740 3445 544 752 3446 544 752 3447 535 748 3448 542 754 3449 535 748 3450 544 752 3451 537 744 3452 536 726 3453 541 755 3454 543 756 3455 541 755 3456 536 726 3457 534 725 3458 691 757 3459 541 755 3460 540 758 3461 691 757 3462 543 756 3463 541 755 3464 533 731 3465 541 755 3466 534 725 3467 541 755 3468 533 731 3469 540 758 3470 531 740 3471 538 753 3472 532 736 3473 539 759 3474 532 736 3475 538 753 3476 539 759 3477 538 753 3478 691 757 3479 540 758 3480 532 736 3481 539 759 3482 532 736 3483 540 758 3484 533 731 3485 691 757 3486 540 758 3487 539 759 3488 691 757 3489 544 752 3490 542 754 3491 538 753 3492 544 752 3493 691 757 3494 481 701 3495 494 760 3496 488 761 3497 487 703 3498 494 760 3499 481 701 3500 481 701 3501 488 761 3502 482 699 3503 489 762 3504 482 699 3505 488 761 3506 482 699 3507 490 763 3508 483 720 3509 490 763 3510 482 699 3511 489 762 3512 491 764 3513 490 763 3514 692 765 3515 490 763 3516 489 762 3517 692 765 3518 483 720 3519 491 764 3520 484 713 3521 491 764 3522 483 720 3523 490 763 3524 484 713 3525 493 766 3526 486 714 3527 493 766 3528 484 713 3529 491 764 3530 493 766 3531 491 764 3532 692 765 3533 494 760 3534 487 703 3535 492 767 3536 492 767 3537 487 703 3538 485 707 3539 692 765 3540 494 760 3541 492 767 3542 489 762 3543 488 761 3544 692 765 3545 692 765 3546 488 761 3547 494 760 3548 389 368 3549 390 369 3550 695 768 3551 390 369 3552 391 371 3553 695 768 3554 391 371 3555 393 374 3556 695 768 3557 392 379 3558 394 380 3559 695 768 3560 394 380 3561 395 383 3562 695 768 3563 395 383 3564 389 368 3565 695 768 3566 1465 769 3567 250 239 3568 249 229 3569 250 239 3570 1465 769 3571 708 770 3572 713 197 3573 249 229 3574 244 196 3575 249 229 3576 713 197 3577 1465 769 3578 723 771 3579 725 772 3580 724 773 3581 724 773 3582 725 772 3583 726 774 3584 727 775 3585 725 772 3586 723 771 3587 728 776 3588 725 772 3589 727 775 3590 725 772 3591 729 777 3592 726 774 3593 730 778 3594 725 772 3595 728 776 3596 730 778 3597 729 777 3598 725 772 3599 726 774 3600 729 777 3601 731 779 3602 731 779 3603 732 780 3604 726 774 3605 733 781 3606 724 773 3607 732 780 3608 732 780 3609 724 773 3610 726 774 3611 724 773 3612 734 782 3613 723 771 3614 734 782 3615 724 773 3616 733 781 3617 723 771 3618 734 782 3619 735 783 3620 735 783 3621 727 775 3622 723 771 3623 736 784 3624 727 775 3625 735 783 3626 727 775 3627 736 784 3628 728 776 3629 736 784 3630 737 785 3631 730 778 3632 736 784 3633 730 778 3634 728 776 3635 731 779 3636 730 778 3637 737 785 3638 730 778 3639 731 779 3640 729 777 3641 731 779 3642 738 786 3643 739 787 3644 738 786 3645 731 779 3646 737 785 3647 741 788 3648 738 786 3649 740 789 3650 738 786 3651 741 788 3652 739 787 3653 738 786 3654 737 785 3655 742 790 3656 738 786 3657 742 790 3658 743 791 3659 736 784 3660 742 790 3661 737 785 3662 742 790 3663 736 784 3664 744 792 3665 735 783 3666 744 792 3667 736 784 3668 744 792 3669 735 783 3670 745 793 3671 745 793 3672 735 783 3673 746 794 3674 746 794 3675 735 783 3676 734 782 3677 739 787 3678 748 795 3679 747 796 3680 747 796 3681 731 779 3682 739 787 3683 747 796 3684 732 780 3685 731 779 3686 732 780 3687 747 796 3688 749 797 3689 749 797 3690 733 781 3691 732 780 3692 733 781 3693 749 797 3694 750 798 3695 750 798 3696 751 799 3697 733 781 3698 751 799 3699 734 782 3700 733 781 3701 746 794 3702 751 799 3703 752 800 3704 751 799 3705 746 794 3706 734 782 3707 752 800 3708 753 801 3709 754 802 3710 753 801 3711 752 800 3712 751 799 3713 753 801 3714 750 798 3715 755 803 3716 750 798 3717 753 801 3718 751 799 3719 755 803 3720 750 798 3721 756 804 3722 756 804 3723 750 798 3724 749 797 3725 747 796 3726 757 805 3727 749 797 3728 757 805 3729 756 804 3730 749 797 3731 748 795 3732 758 806 3733 747 796 3734 758 806 3735 757 805 3736 747 796 3737 757 805 3738 758 806 3739 759 807 3740 757 805 3741 759 807 3742 760 808 3743 759 807 3744 761 809 3745 760 808 3746 761 809 3747 759 807 3748 762 810 3749 757 805 3750 763 811 3751 756 804 3752 763 811 3753 757 805 3754 760 808 3755 756 804 3756 764 812 3757 755 803 3758 764 812 3759 756 804 3760 763 811 3761 754 802 3762 766 813 3763 765 814 3764 766 813 3765 754 802 3766 753 801 3767 766 813 3768 755 803 3769 764 812 3770 755 803 3771 766 813 3772 753 801 3773 767 815 3774 765 814 3775 766 813 3776 767 815 3777 766 813 3778 768 816 3779 701 46 3780 768 816 3781 769 47 3782 768 816 3783 701 46 3784 767 815 3785 768 816 3786 764 812 3787 770 817 3788 764 812 3789 768 816 3790 766 813 3791 769 47 3792 768 816 3793 770 817 3794 769 47 3795 770 817 3796 771 49 3797 770 817 3798 763 811 3799 772 818 3800 763 811 3801 770 817 3802 764 812 3803 763 811 3804 760 808 3805 772 818 3806 772 818 3807 760 808 3808 761 809 3809 761 809 3810 762 810 3811 773 51 3812 773 51 3813 762 810 3814 774 52 3815 775 53 3816 761 809 3817 773 51 3818 761 809 3819 775 53 3820 772 818 3821 771 49 3822 770 817 3823 772 818 3824 771 49 3825 772 818 3826 775 53 3827 743 791 3828 742 790 3829 776 819 3830 742 790 3831 777 820 3832 776 819 3833 777 820 3834 779 821 3835 776 819 3836 779 821 3837 777 820 3838 778 822 3839 742 790 3840 744 792 3841 777 820 3842 744 792 3843 780 823 3844 777 820 3845 777 820 3846 780 823 3847 778 822 3848 780 823 3849 781 824 3850 778 822 3851 781 824 3852 783 825 3853 778 822 3854 783 825 3855 781 824 3856 782 826 3857 782 826 3858 785 827 3859 783 825 3860 785 827 3861 782 826 3862 784 828 3863 784 828 3864 787 829 3865 785 827 3866 787 829 3867 784 828 3868 786 830 3869 789 66 3870 786 830 3871 788 67 3872 786 830 3873 789 66 3874 787 829 3875 780 823 3876 744 792 3877 745 793 3878 745 793 3879 790 831 3880 780 823 3881 780 823 3882 790 831 3883 791 832 3884 780 823 3885 791 832 3886 781 824 3887 792 833 3888 745 793 3889 746 794 3890 745 793 3891 792 833 3892 790 831 3893 792 833 3894 752 800 3895 793 834 3896 752 800 3897 792 833 3898 746 794 3899 793 834 3900 754 802 3901 794 835 3902 754 802 3903 793 834 3904 752 800 3905 794 835 3906 765 814 3907 795 836 3908 765 814 3909 794 835 3910 754 802 3911 795 836 3912 767 815 3913 796 837 3914 767 815 3915 795 836 3916 765 814 3917 710 75 3918 767 815 3919 701 46 3920 767 815 3921 710 75 3922 796 837 3923 791 832 3924 797 838 3925 781 824 3926 797 838 3927 782 826 3928 781 824 3929 797 838 3930 784 828 3931 782 826 3932 784 828 3933 797 838 3934 798 839 3935 786 830 3936 798 839 3937 799 840 3938 798 839 3939 786 830 3940 784 828 3941 788 67 3942 799 840 3943 800 79 3944 799 840 3945 788 67 3946 786 830 3947 795 836 3948 801 841 3949 794 835 3950 802 81 3951 801 841 3952 796 837 3953 796 837 3954 801 841 3955 795 836 3956 802 81 3957 796 837 3958 710 75 3959 803 842 3960 802 81 3961 702 83 3962 802 81 3963 803 842 3964 801 841 3965 793 834 3966 804 843 3967 792 833 3968 804 843 3969 793 834 3970 801 841 3971 794 835 3972 801 841 3973 793 834 3974 805 844 3975 791 832 3976 790 831 3977 805 844 3978 790 831 3979 804 843 3980 804 843 3981 790 831 3982 792 833 3983 805 844 3984 806 845 3985 791 832 3986 806 845 3987 797 838 3988 791 832 3989 806 845 3990 798 839 3991 797 838 3992 798 839 3993 806 845 3994 807 846 3995 807 846 3996 799 840 3997 798 839 3998 799 840 3999 808 88 4000 800 79 4001 808 88 4002 799 840 4003 807 846 4004 810 847 4005 805 844 4006 809 848 4007 809 848 4008 805 844 4009 804 843 4010 804 843 4011 803 842 4012 809 848 4013 803 842 4014 804 843 4015 801 841 4016 811 849 4017 702 83 4018 703 92 4019 702 83 4020 811 849 4021 803 842 4022 808 88 4023 812 850 4024 711 94 4025 812 850 4026 808 88 4027 807 846 4028 813 851 4029 711 94 4030 812 850 4031 711 94 4032 813 851 4033 814 96 4034 807 846 4035 815 852 4036 812 850 4037 815 852 4038 807 846 4039 806 845 4040 810 847 4041 806 845 4042 805 844 4043 806 845 4044 810 847 4045 815 852 4046 812 850 4047 816 853 4048 813 851 4049 816 853 4050 812 850 4051 815 852 4052 817 854 4053 815 852 4054 810 847 4055 815 852 4056 817 854 4057 816 853 4058 818 855 4059 810 847 4060 809 848 4061 810 847 4062 818 855 4063 817 854 4064 809 848 4065 811 849 4066 818 855 4067 811 849 4068 809 848 4069 803 842 4070 820 856 4071 703 92 4072 696 102 4073 703 92 4074 820 856 4075 811 849 4076 822 857 4077 696 102 4078 697 104 4079 696 102 4080 822 857 4081 820 856 4082 824 858 4083 811 849 4084 820 856 4085 811 849 4086 824 858 4087 818 855 4088 826 859 4089 817 854 4090 824 858 4091 824 858 4092 817 854 4093 818 855 4094 827 860 4095 816 853 4096 826 859 4097 826 859 4098 816 853 4099 817 854 4100 813 851 4101 827 860 4102 828 861 4103 827 860 4104 813 851 4105 816 853 4106 828 861 4107 814 96 4108 813 851 4109 814 96 4110 828 861 4111 704 109 4112 827 860 4113 831 862 4114 829 863 4115 831 862 4116 827 860 4117 826 859 4118 828 861 4119 829 863 4120 832 864 4121 829 863 4122 828 861 4123 827 860 4124 704 109 4125 832 864 4126 833 113 4127 832 864 4128 704 109 4129 828 861 4130 833 113 4131 832 864 4132 834 865 4133 833 113 4134 834 865 4135 835 115 4136 838 866 4137 836 867 4138 840 868 4139 836 867 4140 841 869 4141 840 868 4142 840 868 4143 841 869 4144 831 862 4145 841 869 4146 829 863 4147 831 862 4148 834 865 4149 829 863 4150 841 869 4151 829 863 4152 834 865 4153 832 864 4154 834 865 4155 843 120 4156 835 115 4157 843 120 4158 834 865 4159 842 870 4160 843 120 4161 842 870 4162 844 871 4163 843 120 4164 844 871 4165 845 123 4166 848 872 4167 846 873 4168 838 866 4169 846 873 4170 836 867 4171 838 866 4172 850 874 4173 854 875 4174 852 876 4175 854 875 4176 850 874 4177 849 877 4178 854 875 4179 849 877 4180 855 878 4181 854 875 4182 855 878 4183 856 879 4184 858 880 4185 857 881 4186 853 882 4187 857 881 4188 851 883 4189 853 882 4190 861 884 4191 857 881 4192 859 885 4193 857 881 4194 861 884 4195 851 883 4196 862 886 4197 850 874 4198 860 887 4199 850 874 4200 862 886 4201 849 877 4202 862 886 4203 855 878 4204 849 877 4205 855 878 4206 862 886 4207 863 888 4208 863 888 4209 864 889 4210 855 878 4211 864 889 4212 865 890 4213 855 878 4214 867 891 4215 865 890 4216 866 892 4217 864 889 4218 866 892 4219 865 890 4220 869 893 4221 866 892 4222 868 894 4223 868 894 4224 870 895 4225 869 893 4226 866 892 4227 864 889 4228 871 896 4229 871 896 4230 868 894 4231 866 892 4232 863 888 4233 872 897 4234 864 889 4235 872 897 4236 871 896 4237 864 889 4238 862 886 4239 872 897 4240 863 888 4241 872 897 4242 862 886 4243 873 898 4244 860 887 4245 874 899 4246 862 886 4247 874 899 4248 873 898 4249 862 886 4250 842 870 4251 877 900 4252 844 871 4253 877 900 4254 842 870 4255 876 901 4256 877 900 4257 876 901 4258 879 902 4259 879 902 4260 881 903 4261 877 900 4262 852 876 4263 882 904 4264 878 905 4265 882 904 4266 852 876 4267 854 875 4268 854 875 4269 883 906 4270 882 904 4271 883 906 4272 854 875 4273 856 879 4274 885 907 4275 884 908 4276 871 896 4277 871 896 4278 884 908 4279 868 894 4280 885 907 4281 872 897 4282 886 909 4283 872 897 4284 885 907 4285 871 896 4286 887 910 4287 886 909 4288 873 898 4289 873 898 4290 886 909 4291 872 897 4292 868 894 4293 888 911 4294 870 895 4295 888 911 4296 868 894 4297 884 908 4298 873 898 4299 889 912 4300 887 910 4301 889 912 4302 873 898 4303 874 899 4304 887 910 4305 891 913 4306 886 909 4307 891 913 4308 893 914 4309 886 909 4310 878 905 4311 895 915 4312 880 916 4313 895 915 4314 878 905 4315 882 904 4316 836 867 4317 896 917 4318 841 869 4319 896 917 4320 836 867 4321 858 880 4322 834 865 4323 896 917 4324 842 870 4325 896 917 4326 834 865 4327 841 869 4328 876 901 4329 896 917 4330 858 880 4331 896 917 4332 876 901 4333 842 870 4334 846 873 4335 857 881 4336 836 867 4337 857 881 4338 858 880 4339 836 867 4340 858 880 4341 853 882 4342 879 902 4343 858 880 4344 879 902 4345 876 901 4346 859 885 4347 846 873 4348 897 918 4349 846 873 4350 859 885 4351 857 881 4352 897 918 4353 846 873 4354 901 919 4355 901 919 4356 846 873 4357 848 872 4358 887 910 4359 889 912 4360 891 913 4361 889 912 4362 902 920 4363 891 913 4364 905 921 4365 904 922 4366 890 923 4367 904 922 4368 905 921 4369 906 176 4370 908 924 4371 909 925 4372 881 903 4373 892 926 4374 907 927 4375 910 928 4376 903 929 4377 907 927 4378 892 926 4379 880 916 4380 910 928 4381 907 927 4382 910 928 4383 880 916 4384 895 915 4385 877 900 4386 909 925 4387 844 871 4388 909 925 4389 877 900 4390 881 903 4391 844 871 4392 911 183 4393 845 123 4394 911 183 4395 844 871 4396 909 925 4397 909 925 4398 912 184 4399 911 183 4400 912 184 4401 909 925 4402 908 924 4403 908 924 4404 904 922 4405 912 184 4406 906 176 4407 912 184 4408 904 922 4409 914 185 4410 905 921 4411 913 930 4412 905 921 4413 914 185 4414 906 176 4415 875 931 4416 859 885 4417 915 932 4418 859 885 4419 875 931 4420 861 884 4421 875 931 4422 915 932 4423 890 923 4424 915 932 4425 905 921 4426 890 923 4427 905 921 4428 915 932 4429 913 930 4430 915 932 4431 916 933 4432 913 930 4433 915 932 4434 859 885 4435 897 918 4436 915 932 4437 897 918 4438 916 933 4439 918 934 4440 916 933 4441 897 918 4442 916 933 4443 918 934 4444 917 935 4445 917 935 4446 913 930 4447 916 933 4448 913 930 4449 917 935 4450 919 936 4451 913 930 4452 712 193 4453 914 185 4454 712 193 4455 913 930 4456 919 936 4457 921 937 4458 917 935 4459 918 934 4460 917 935 4461 921 937 4462 920 938 4463 919 936 4464 920 938 4465 922 939 4466 920 938 4467 919 936 4468 917 935 4469 919 936 4470 922 939 4471 712 193 4472 712 193 4473 922 939 4474 713 197 4475 925 940 4476 822 857 4477 923 199 4478 923 199 4479 822 857 4480 697 104 4481 928 200 4482 931 941 4483 929 203 4484 931 941 4485 928 200 4486 927 942 4487 929 203 4488 931 941 4489 714 204 4490 931 941 4491 933 943 4492 714 204 4493 714 204 4494 933 943 4495 934 206 4496 933 943 4497 936 944 4498 934 206 4499 936 944 4500 925 940 4501 934 206 4502 934 206 4503 925 940 4504 923 199 4505 927 942 4506 937 209 4507 938 945 4508 937 209 4509 927 942 4510 928 200 4511 918 934 4512 901 919 4513 939 946 4514 901 919 4515 918 934 4516 897 918 4517 941 947 4518 937 209 4519 940 212 4520 937 209 4521 941 947 4522 938 945 4523 942 948 4524 944 215 4525 715 214 4526 942 948 4527 946 949 4528 944 215 4529 948 950 4530 946 949 4531 950 951 4532 940 212 4533 947 952 4534 941 947 4535 947 952 4536 940 212 4537 945 220 4538 946 949 4539 942 948 4540 950 951 4541 952 953 4542 946 949 4543 948 950 4544 947 952 4545 955 954 4546 941 947 4547 958 955 4548 946 949 4549 952 953 4550 955 954 4551 938 945 4552 941 947 4553 955 954 4554 960 956 4555 938 945 4556 958 955 4557 954 957 4558 946 949 4559 921 937 4560 939 946 4561 956 958 4562 939 946 4563 921 937 4564 918 934 4565 961 959 4566 920 938 4567 921 937 4568 922 939 4569 920 938 4570 962 960 4571 922 939 4572 962 960 4573 963 961 4574 959 962 4575 965 963 4576 957 964 4577 964 965 4578 961 959 4579 921 937 4580 953 966 4581 965 963 4582 959 962 4583 949 967 4584 965 963 4585 953 966 4586 949 967 4587 967 968 4588 965 963 4589 964 965 4590 962 960 4591 961 959 4592 962 960 4593 964 965 4594 966 969 4595 951 970 4596 967 968 4597 949 967 4598 963 961 4599 962 960 4600 966 969 4601 963 961 4602 966 969 4603 968 971 4604 943 972 4605 969 973 4606 967 968 4607 943 972 4608 967 968 4609 951 970 4610 943 972 4611 709 242 4612 969 973 4613 716 243 4614 709 242 4615 943 972 4616 935 974 4617 971 975 4618 924 976 4619 971 975 4620 935 974 4621 970 977 4622 932 978 4623 970 977 4624 935 974 4625 970 977 4626 932 978 4627 972 979 4628 970 977 4629 974 980 4630 971 975 4631 974 980 4632 970 977 4633 973 981 4634 973 981 4635 975 982 4636 974 980 4637 975 982 4638 973 981 4639 993 983 4640 976 984 4641 975 982 4642 993 983 4643 976 984 4644 978 985 4645 977 986 4646 976 984 4647 977 986 4648 979 987 4649 975 982 4650 979 987 4651 980 988 4652 979 987 4653 975 982 4654 976 984 4655 974 980 4656 980 988 4657 981 989 4658 980 988 4659 974 980 4660 975 982 4661 821 990 4662 983 991 4663 819 992 4664 983 991 4665 821 990 4666 982 993 4667 924 976 4668 982 993 4669 821 990 4670 982 993 4671 924 976 4672 971 975 4673 971 975 4674 981 989 4675 982 993 4676 971 975 4677 974 980 4678 981 989 4679 819 992 4680 984 994 4681 823 995 4682 984 994 4683 819 992 4684 983 991 4685 982 993 4686 985 996 4687 983 991 4688 985 996 4689 982 993 4690 981 989 4691 981 989 4692 980 988 4693 986 997 4694 981 989 4695 986 997 4696 985 996 4697 979 987 4698 987 998 4699 980 988 4700 980 988 4701 987 998 4702 986 997 4703 977 986 4704 987 998 4705 979 987 4706 987 998 4707 977 986 4708 988 999 4709 930 1000 4710 972 979 4711 932 978 4712 972 979 4713 930 1000 4714 989 1001 4715 960 956 4716 900 1002 4717 938 945 4718 900 1002 4719 927 942 4720 938 945 4721 926 1003 4722 989 1001 4723 930 1000 4724 989 1001 4725 926 1003 4726 898 1004 4727 989 1001 4728 990 1005 4729 972 979 4730 973 981 4731 972 979 4732 990 1005 4733 972 979 4734 973 981 4735 970 977 4736 990 1005 4737 898 1004 4738 991 1006 4739 898 1004 4740 990 1005 4741 989 1001 4742 993 983 4743 978 985 4744 976 984 4745 993 983 4746 973 981 4747 990 1005 4748 978 985 4749 1004 1007 4750 994 1008 4751 993 983 4752 1004 1007 4753 978 985 4754 995 1009 4755 994 1008 4756 1004 1007 4757 996 1010 4758 977 986 4759 994 1008 4760 978 985 4761 994 1008 4762 977 986 4763 997 1011 4764 988 999 4765 996 1010 4766 977 986 4767 996 1010 4768 988 999 4769 995 1009 4770 996 1010 4771 994 1008 4772 996 1010 4773 995 1009 4774 998 1012 4775 997 1011 4776 998 1012 4777 999 1013 4778 998 1012 4779 997 1011 4780 996 1010 4781 1000 1014 4782 993 983 4783 991 1006 4784 1003 1015 4785 995 1009 4786 1002 1016 4787 995 1009 4788 1003 1015 4789 998 1012 4790 1005 1017 4791 1004 1007 4792 1000 1014 4793 1000 1014 4794 1004 1007 4795 993 983 4796 998 1012 4797 1003 1015 4798 1007 1018 4799 998 1012 4800 1007 1018 4801 999 1013 4802 823 995 4803 984 994 4804 1008 1019 4805 1008 1019 4806 825 1020 4807 823 995 4808 983 991 4809 1009 1021 4810 984 994 4811 1009 1021 4812 983 991 4813 985 996 4814 985 996 4815 986 997 4816 1009 1021 4817 986 997 4818 1010 1022 4819 1009 1021 4820 1010 1022 4821 986 997 4822 987 998 4823 987 998 4824 1011 1023 4825 1010 1022 4826 1011 1023 4827 987 998 4828 988 999 4829 988 999 4830 1012 1024 4831 1011 1023 4832 1012 1024 4833 997 1011 4834 1013 1025 4835 988 999 4836 997 1011 4837 1012 1024 4838 1013 1025 4839 999 1013 4840 1014 1026 4841 999 1013 4842 1013 1025 4843 997 1011 4844 984 994 4845 1015 1027 4846 1008 1019 4847 1015 1027 4848 984 994 4849 1009 1021 4850 1009 1021 4851 1016 1028 4852 1015 1027 4853 1016 1028 4854 1009 1021 4855 1010 1022 4856 1010 1022 4857 1017 1029 4858 1016 1028 4859 1017 1029 4860 1010 1022 4861 1011 1023 4862 830 1030 4863 825 1020 4864 1018 1031 4865 1018 1031 4866 825 1020 4867 1008 1019 4868 1019 1032 4869 847 1033 4870 837 1034 4871 837 1034 4872 1020 1035 4873 1019 1032 4874 1020 1035 4875 837 1034 4876 839 1036 4877 839 1036 4878 1018 1031 4879 1020 1035 4880 1018 1031 4881 839 1036 4882 830 1030 4883 1017 1029 4884 1012 1024 4885 1021 1037 4886 1017 1029 4887 1011 1023 4888 1012 1024 4889 1022 1038 4890 1020 1035 4891 1018 1031 4892 1008 1019 4893 1022 1038 4894 1018 1031 4895 1022 1038 4896 1008 1019 4897 1015 1027 4898 1016 1028 4899 1022 1038 4900 1015 1027 4901 1022 1038 4902 1016 1028 4903 1023 1039 4904 1023 1039 4905 1030 1040 4906 1020 1035 4907 1023 1039 4908 1020 1035 4909 1022 1038 4910 1017 1029 4911 1023 1039 4912 1016 1028 4913 1023 1039 4914 1017 1029 4915 1024 1041 4916 1030 1040 4917 1023 1039 4918 1024 1041 4919 1024 1041 4920 1017 1029 4921 1021 1037 4922 1021 1037 4923 1025 1042 4924 1024 1041 4925 1012 1024 4926 1013 1025 4927 1021 1037 4928 1021 1037 4929 1013 1025 4930 1026 1043 4931 1026 1043 4932 1014 1026 4933 1027 1044 4934 1014 1026 4935 1026 1043 4936 1013 1025 4937 1028 1045 4938 1026 1043 4939 1027 1044 4940 1026 1043 4941 1028 1045 4942 1029 1046 4943 1021 1037 4944 1026 1043 4945 1025 1042 4946 1026 1043 4947 1029 1046 4948 1025 1042 4949 1025 1042 4950 1030 1040 4951 1024 1041 4952 1034 1047 4953 1030 1040 4954 1025 1042 4955 1034 1047 4956 1025 1042 4957 1029 1046 4958 1034 1047 4959 1029 1046 4960 1028 1045 4961 1030 1040 4962 1019 1032 4963 1020 1035 4964 1019 1032 4965 899 1048 4966 847 1033 4967 899 1048 4968 1019 1032 4969 992 1049 4970 1001 1050 4971 992 1049 4972 1030 1040 4973 1027 1044 4974 1031 1051 4975 1032 1052 4976 1014 1026 4977 1031 1051 4978 1027 1044 4979 1014 1026 4980 1007 1018 4981 1031 1051 4982 1007 1018 4983 1014 1026 4984 999 1013 4985 1027 1044 4986 1032 1052 4987 1028 1045 4988 1032 1052 4989 1033 1053 4990 1028 1045 4991 1034 1047 4992 1028 1045 4993 1033 1053 4994 1001 1050 4995 1030 1040 4996 1034 1047 4997 1034 1047 4998 1006 1054 4999 1001 1050 5000 1038 1055 5001 1006 1054 5002 1034 1047 5003 1038 1055 5004 1036 1056 5005 1006 1054 5006 1038 1055 5007 1033 1053 5008 1037 1057 5009 1032 1052 5010 1037 1057 5011 1033 1053 5012 1038 1055 5013 1034 1047 5014 1033 1053 5015 1035 1058 5016 1039 1059 5017 1005 1017 5018 1039 1059 5019 1004 1007 5020 1005 1017 5021 1004 1007 5022 1002 1016 5023 995 1009 5024 1004 1007 5025 1039 1059 5026 1002 1016 5027 1040 1060 5028 1002 1016 5029 1039 1059 5030 1002 1016 5031 1040 1060 5032 1003 1015 5033 1041 1061 5034 1031 1051 5035 1007 1018 5036 1037 1057 5037 1042 1062 5038 1038 1055 5039 1042 1062 5040 1039 1059 5041 1035 1058 5042 1042 1062 5043 1040 1060 5044 1039 1059 5045 1042 1062 5046 1041 1061 5047 1040 1060 5048 1042 1062 5049 1036 1056 5050 1038 1055 5051 1041 1061 5052 1042 1062 5053 1037 1057 5054 1003 1015 5055 1040 1060 5056 1041 1061 5057 1041 1061 5058 1007 1018 5059 1003 1015 5060 1037 1057 5061 1032 1052 5062 1031 1051 5063 1037 1057 5064 1031 1051 5065 1041 1061 5066 895 915 5067 882 904 5068 883 906 5069 895 915 5070 883 906 5071 1043 1063 5072 1043 1063 5073 1045 1064 5074 1044 1065 5075 1045 1064 5076 1043 1063 5077 883 906 5078 885 907 5079 886 909 5080 893 914 5081 893 914 5082 1046 1066 5083 885 907 5084 910 928 5085 1043 1063 5086 1048 1067 5087 1043 1063 5088 910 928 5089 895 915 5090 910 928 5091 894 1068 5092 892 926 5093 894 1068 5094 910 928 5095 1048 1067 5096 894 1068 5097 1048 1067 5098 1047 1069 5099 1048 1067 5100 1049 1070 5101 1047 1069 5102 1048 1067 5103 1043 1063 5104 1044 1065 5105 1048 1067 5106 1044 1065 5107 1049 1070 5108 1052 1071 5109 1050 1072 5110 1053 1073 5111 1050 1072 5112 1052 1071 5113 1051 1074 5114 1049 1070 5115 1054 1075 5116 1047 1069 5117 1054 1075 5118 1049 1070 5119 1053 1073 5120 1049 1070 5121 1052 1071 5122 1053 1073 5123 1052 1071 5124 1049 1070 5125 1044 1065 5126 888 911 5127 884 908 5128 1055 1076 5129 1055 1076 5130 1057 1077 5131 888 911 5132 1053 1073 5133 1056 1078 5134 1054 1075 5135 1056 1078 5136 1053 1073 5137 1050 1072 5138 884 908 5139 885 907 5140 1046 1066 5141 1046 1066 5142 1055 1076 5143 884 908 5144 1059 1079 5145 870 895 5146 888 911 5147 870 895 5148 1059 1079 5149 1058 1080 5150 1059 1079 5151 888 911 5152 1057 1077 5153 1057 1077 5154 1061 1081 5155 1059 1079 5156 1050 1072 5157 1060 1082 5158 1056 1078 5159 1060 1082 5160 1050 1072 5161 1062 1083 5162 1051 1074 5163 1062 1083 5164 1050 1072 5165 1062 1083 5166 1051 1074 5167 1063 1084 5168 1064 1085 5169 867 891 5170 869 893 5171 866 892 5172 869 893 5173 867 891 5174 869 893 5175 870 895 5176 1058 1080 5177 869 893 5178 1058 1080 5179 1065 1086 5180 1067 1087 5181 1069 1088 5182 1068 1089 5183 1069 1088 5184 1067 1087 5185 1066 1090 5186 1069 1088 5187 1066 1090 5188 1070 1091 5189 1069 1088 5190 1070 1091 5191 1071 1092 5192 1066 1090 5193 1073 1093 5194 1072 1094 5195 1073 1093 5196 1066 1090 5197 1067 1087 5198 1066 1090 5199 1074 1095 5200 1070 1091 5201 1074 1095 5202 1066 1090 5203 1072 1094 5204 1072 1094 5205 1076 1096 5206 1075 1097 5207 1076 1096 5208 1072 1094 5209 1073 1093 5210 1076 1096 5211 1078 1098 5212 1077 1099 5213 1077 1099 5214 1075 1097 5215 1076 1096 5216 1072 1094 5217 1079 1100 5218 1074 1095 5219 1072 1094 5220 1075 1097 5221 1079 1100 5222 1075 1097 5223 1077 1099 5224 1080 1101 5225 1075 1097 5226 1080 1101 5227 1079 1100 5228 1074 1095 5229 1082 1102 5230 1084 1103 5231 1074 1095 5232 1079 1100 5233 1082 1102 5234 1079 1100 5235 1080 1101 5236 1086 1104 5237 1079 1100 5238 1086 1104 5239 1082 1102 5240 1083 1105 5241 1087 1106 5242 1088 1107 5243 1087 1106 5244 1083 1105 5245 1081 1108 5246 1087 1106 5247 1085 1109 5248 1089 1110 5249 1085 1109 5250 1087 1106 5251 1081 1108 5252 1091 1111 5253 1087 1106 5254 1090 1112 5255 1087 1106 5256 1091 1111 5257 1088 1107 5258 1090 1112 5259 1089 1110 5260 1092 1113 5261 1089 1110 5262 1090 1112 5263 1087 1106 5264 1073 1093 5265 1090 1112 5266 1076 1096 5267 1090 1112 5268 1073 1093 5269 1091 1111 5270 1076 1096 5271 1092 1113 5272 1078 1098 5273 1092 1113 5274 1076 1096 5275 1090 1112 5276 1069 1088 5277 1094 1114 5278 1093 1115 5279 1094 1114 5280 1069 1088 5281 1071 1092 5282 1069 1088 5283 1095 1116 5284 1068 1089 5285 1095 1116 5286 1069 1088 5287 1093 1115 5288 1058 1080 5289 1099 1117 5290 1065 1086 5291 1099 1117 5292 1058 1080 5293 1097 1118 5294 1102 1119 5295 1100 1120 5296 1103 1121 5297 1100 1120 5298 1102 1119 5299 1101 1122 5300 1068 1089 5301 1100 1120 5302 1067 1087 5303 1100 1120 5304 1068 1089 5305 1103 1121 5306 1100 1120 5307 1088 1107 5308 1091 1111 5309 1088 1107 5310 1100 1120 5311 1101 1122 5312 1073 1093 5313 1067 1087 5314 1100 1120 5315 1073 1093 5316 1100 1120 5317 1091 1111 5318 1058 1080 5319 1059 1079 5320 1105 1123 5321 1105 1123 5322 1097 1118 5323 1058 1080 5324 1095 1116 5325 1096 1124 5326 1106 1125 5327 1096 1124 5328 1095 1116 5329 1098 1126 5330 1103 1121 5331 1095 1116 5332 1106 1125 5333 1095 1116 5334 1103 1121 5335 1068 1089 5336 1059 1079 5337 1061 1081 5338 1105 1123 5339 1061 1081 5340 1108 1127 5341 1105 1123 5342 1045 1064 5343 1109 1128 5344 1044 1065 5345 1044 1065 5346 1109 1128 5347 1052 1071 5348 1109 1128 5349 1051 1074 5350 1052 1071 5351 1051 1074 5352 1109 1128 5353 1110 1129 5354 1110 1129 5355 1111 1130 5356 1051 1074 5357 1051 1074 5358 1111 1130 5359 1063 1084 5360 856 879 5361 1045 1064 5362 883 906 5363 1045 1064 5364 856 879 5365 1112 1131 5366 856 879 5367 855 878 5368 865 890 5369 856 879 5370 865 890 5371 1112 1131 5372 1112 1131 5373 1109 1128 5374 1045 1064 5375 1109 1128 5376 1112 1131 5377 1113 1132 5378 865 890 5379 867 891 5380 1112 1131 5381 867 891 5382 1113 1132 5383 1112 1131 5384 1114 1133 5385 1113 1132 5386 1064 1085 5387 867 891 5388 1064 1085 5389 1113 1132 5390 1117 1134 5391 1120 1135 5392 1119 1136 5393 1120 1135 5394 1117 1134 5395 1115 1137 5396 1123 1138 5397 1122 1139 5398 1121 1140 5399 1121 1140 5400 1125 1141 5401 1123 1138 5402 1060 1082 5403 1062 1083 5404 1107 1142 5405 1062 1083 5406 1127 1143 5407 1107 1142 5408 1121 1140 5409 1129 1144 5410 1125 1141 5411 1129 1144 5412 1121 1140 5413 1128 1145 5414 1132 1146 5415 1103 1121 5416 1106 1125 5417 1103 1121 5418 1132 1146 5419 1102 1119 5420 1104 1147 5421 1106 1125 5422 1096 1124 5423 1106 1125 5424 1104 1147 5425 1133 1148 5426 1120 1135 5427 1115 1137 5428 1136 1149 5429 1120 1135 5430 1136 1149 5431 1139 1150 5432 1071 1092 5433 1144 1151 5434 1094 1114 5435 1144 1151 5436 1071 1092 5437 1142 1152 5438 1070 1091 5439 1084 1103 5440 1146 1153 5441 1070 1091 5442 1074 1095 5443 1084 1103 5444 1070 1091 5445 1142 1152 5446 1071 1092 5447 1142 1152 5448 1070 1091 5449 1146 1153 5450 1102 1119 5451 1132 1146 5452 1143 1154 5453 1143 1154 5454 1141 1155 5455 1102 1119 5456 1101 1122 5457 1102 1119 5458 1141 1155 5459 1141 1155 5460 1145 1156 5461 1101 1122 5462 1101 1122 5463 1145 1156 5464 1088 1107 5465 1145 1156 5466 1083 1105 5467 1088 1107 5468 1148 1157 5469 1116 1158 5470 1147 1159 5471 1116 1158 5472 1148 1157 5473 1138 1160 5474 1127 1143 5475 1062 1083 5476 1063 1084 5477 1127 1143 5478 1063 1084 5479 1149 1161 5480 1151 1162 5481 1149 1161 5482 1150 1163 5483 1149 1161 5484 1151 1162 5485 1127 1143 5486 1126 1164 5487 1150 1163 5488 1124 1165 5489 1150 1163 5490 1126 1164 5491 1151 1162 5492 1152 1166 5493 1150 1163 5494 1149 1161 5495 1122 1139 5496 1153 1167 5497 1155 1168 5498 1153 1167 5499 1122 1139 5500 1123 1138 5501 1124 1165 5502 1152 1166 5503 1154 1169 5504 1152 1166 5505 1124 1165 5506 1150 1163 5507 1156 1170 5508 1152 1166 5509 1149 1161 5510 1156 1170 5511 1149 1161 5512 1111 1130 5513 1111 1130 5514 1149 1161 5515 1063 1084 5516 1152 1166 5517 1156 1170 5518 1157 1171 5519 1118 1172 5520 1158 1173 5521 1116 1158 5522 1158 1173 5523 1147 1159 5524 1116 1158 5525 1159 1174 5526 1160 1175 5527 1117 1134 5528 1159 1174 5529 1117 1134 5530 1119 1136 5531 1162 1176 5532 1118 1172 5533 1161 1177 5534 1118 1172 5535 1162 1176 5536 1158 1173 5537 1156 1170 5538 1163 1178 5539 1157 1171 5540 1162 1176 5541 1163 1178 5542 1156 1170 5543 1165 1179 5544 1157 1171 5545 1163 1178 5546 1163 1178 5547 1167 1180 5548 1165 1179 5549 1164 1181 5550 1166 1182 5551 1168 1183 5552 1166 1182 5553 1169 1184 5554 1168 1183 5555 1169 1184 5556 1166 1182 5557 1170 1185 5558 1169 1184 5559 1170 1185 5560 1172 1186 5561 1173 1187 5562 1167 1180 5563 1163 1178 5564 1173 1187 5565 1162 1176 5566 1161 1177 5567 1173 1187 5568 1163 1178 5569 1162 1176 5570 1159 1174 5571 1175 1188 5572 1160 1175 5573 1175 1188 5574 1159 1174 5575 1174 1189 5576 1171 1190 5577 1167 1180 5578 1173 1187 5579 1173 1187 5580 1177 1191 5581 1171 1190 5582 1173 1187 5583 1161 1177 5584 1176 1192 5585 1173 1187 5586 1176 1192 5587 1177 1191 5588 1137 1193 5589 1181 1194 5590 1140 1195 5591 1181 1194 5592 1137 1193 5593 1178 1196 5594 1175 1188 5595 1174 1189 5596 1181 1194 5597 1181 1194 5598 1178 1196 5599 1175 1188 5600 1152 1166 5601 1182 1197 5602 1154 1169 5603 1157 1171 5604 1182 1197 5605 1152 1166 5606 1164 1181 5607 1168 1183 5608 1183 1198 5609 1183 1198 5610 1184 1199 5611 1164 1181 5612 1185 1200 5613 1157 1171 5614 1165 1179 5615 1157 1171 5616 1185 1200 5617 1182 1197 5618 1185 1200 5619 1186 1201 5620 1182 1197 5621 1155 1168 5622 1153 1167 5623 1188 1202 5624 1155 1168 5625 1188 1202 5626 1191 1203 5627 1182 1197 5628 1189 1204 5629 1154 1169 5630 1189 1204 5631 1182 1197 5632 1186 1201 5633 1170 1185 5634 1197 1205 5635 1172 1186 5636 1197 1205 5637 1170 1185 5638 1193 1206 5639 1199 1207 5640 1186 1201 5641 1185 1200 5642 1184 1199 5643 1183 1198 5644 1201 1208 5645 1201 1208 5646 1198 1209 5647 1184 1199 5648 1192 1210 5649 1201 1208 5650 1196 1211 5651 1201 1208 5652 1192 1210 5653 1198 1209 5654 1203 1212 5655 1194 1213 5656 1171 1190 5657 1203 1212 5658 1171 1190 5659 1177 1191 5660 1180 1214 5661 1203 1212 5662 1177 1191 5663 1180 1214 5664 1177 1191 5665 1176 1192 5666 1202 1215 5667 1204 1216 5668 1195 1217 5669 1204 1216 5670 1200 1218 5671 1195 1217 5672 1205 1219 5673 1138 1160 5674 1148 1157 5675 1138 1160 5676 1205 1219 5677 1179 1220 5678 1205 1219 5679 1202 1215 5680 1179 1220 5681 1205 1219 5682 1204 1216 5683 1202 1215 5684 1206 1221 5685 1190 1222 5686 1187 1223 5687 1211 1224 5688 1188 1202 5689 1208 1225 5690 1188 1202 5691 1211 1224 5692 1191 1203 5693 1128 1145 5694 1207 1226 5695 1129 1144 5696 1207 1226 5697 1128 1145 5698 1210 1227 5699 1204 1216 5700 1206 1221 5701 1200 1218 5702 1206 1221 5703 1187 1223 5704 1200 1218 5705 1206 1221 5706 1209 1228 5707 1190 1222 5708 1126 1164 5709 1212 1229 5710 1151 1162 5711 1212 1229 5712 1126 1164 5713 1130 1230 5714 1214 1231 5715 1206 1221 5716 1204 1216 5717 1214 1231 5718 1204 1216 5719 1205 1219 5720 1131 1232 5721 1215 1233 5722 1213 1234 5723 1215 1233 5724 1131 1232 5725 1209 1228 5726 1206 1221 5727 1215 1233 5728 1209 1228 5729 1214 1231 5730 1215 1233 5731 1206 1221 5732 1151 1162 5733 1216 1235 5734 1127 1143 5735 1216 1235 5736 1151 1162 5737 1212 1229 5738 1133 1148 5739 1132 1146 5740 1106 1125 5741 1113 1132 5742 1110 1129 5743 1109 1128 5744 1110 1129 5745 1113 1132 5746 1114 1133 5747 1064 1085 5748 869 893 5749 1065 1086 5750 1064 1085 5751 1065 1086 5752 1218 1236 5753 1114 1133 5754 1111 1130 5755 1110 1129 5756 1111 1130 5757 1114 1133 5758 1219 1237 5759 1064 1085 5760 1220 1238 5761 1114 1133 5762 1220 1238 5763 1064 1085 5764 1218 1236 5765 1114 1133 5766 1220 1238 5767 1219 1237 5768 1095 1116 5769 1093 1115 5770 1098 1126 5771 1093 1115 5772 1221 1239 5773 1098 1126 5774 1162 1176 5775 1223 1240 5776 1158 1173 5777 1111 1130 5778 1223 1240 5779 1156 1170 5780 1223 1240 5781 1111 1130 5782 1219 1237 5783 1223 1240 5784 1162 1176 5785 1156 1170 5786 1065 1086 5787 1222 1241 5788 1218 1236 5789 1222 1241 5790 1065 1086 5791 1099 1117 5792 1224 1242 5793 1219 1237 5794 1220 1238 5795 1219 1237 5796 1224 1242 5797 1223 1240 5798 1218 1236 5799 1224 1242 5800 1220 1238 5801 1224 1242 5802 1218 1236 5803 1222 1241 5804 1223 1240 5805 1147 1159 5806 1158 1173 5807 1147 1159 5808 1223 1240 5809 1225 1243 5810 1093 1115 5811 1226 1244 5812 1221 1239 5813 1226 1244 5814 1093 1115 5815 1094 1114 5816 1223 1240 5817 1224 1242 5818 1225 1243 5819 1224 1242 5820 1228 1245 5821 1225 1243 5822 1222 1241 5823 1228 1245 5824 1224 1242 5825 1228 1245 5826 1222 1241 5827 1227 1246 5828 1229 1247 5829 1132 1146 5830 1133 1148 5831 1132 1146 5832 1229 1247 5833 1143 1154 5834 1232 1248 5835 1147 1159 5836 1225 1243 5837 1147 1159 5838 1232 1248 5839 1148 1157 5840 1094 1114 5841 1230 1249 5842 1226 1244 5843 1230 1249 5844 1094 1114 5845 1144 1151 5846 1127 1143 5847 1233 1250 5848 1107 1142 5849 1233 1250 5850 1127 1143 5851 1216 1235 5852 1105 1123 5853 1108 1127 5854 1135 1251 5855 1108 1127 5856 1234 1252 5857 1135 1251 5858 1215 1233 5859 1217 1253 5860 1213 1234 5861 1217 1253 5862 1215 1233 5863 1236 1254 5864 1236 1254 5865 1215 1233 5866 1214 1231 5867 1236 1254 5868 1235 1255 5869 1217 1253 5870 1237 1256 5871 1236 1254 5872 1214 1231 5873 1237 1256 5874 1238 1257 5875 1236 1254 5876 1238 1257 5877 1231 1258 5878 1235 1255 5879 1235 1255 5880 1231 1258 5881 1134 1259 5882 1205 1219 5883 1237 1256 5884 1214 1231 5885 1148 1157 5886 1237 1256 5887 1205 1219 5888 1237 1256 5889 1148 1157 5890 1232 1248 5891 1238 1257 5892 1237 1256 5893 1232 1248 5894 1238 1257 5895 1225 1243 5896 1228 1245 5897 1225 1243 5898 1238 1257 5899 1232 1248 5900 1227 1246 5901 1238 1257 5902 1228 1245 5903 1238 1257 5904 1227 1246 5905 1231 1258 5906 1236 1254 5907 1238 1257 5908 1235 1255 5909 759 807 5910 1239 1260 5911 762 810 5912 762 810 5913 1239 1260 5914 1240 1261 5915 758 806 5916 1241 1262 5917 759 807 5918 1241 1262 5919 1239 1260 5920 759 807 5921 1242 1263 5922 748 795 5923 739 787 5924 1242 1263 5925 739 787 5926 741 788 5927 1241 1262 5928 748 795 5929 1242 1263 5930 748 795 5931 1241 1262 5932 758 806 5933 1243 1264 5934 1242 1263 5935 741 788 5936 774 52 5937 1240 1261 5938 705 535 5939 1240 1261 5940 774 52 5941 762 810 5942 1244 1265 5943 705 535 5944 1240 1261 5945 1242 1263 5946 1245 1266 5947 1241 1262 5948 1241 1262 5949 1245 1266 5950 1239 1260 5951 1245 1266 5952 1240 1261 5953 1239 1260 5954 1240 1261 5955 1245 1266 5956 1244 1265 5957 1243 1264 5958 1245 1266 5959 1242 1263 5960 740 789 5961 1243 1264 5962 741 788 5963 1243 1264 5964 740 789 5965 1246 1267 5966 1247 539 5967 705 535 5968 1244 1265 5969 1244 1265 5970 1248 540 5971 1247 539 5972 1249 1268 5973 1245 1266 5974 1243 1264 5975 1245 1266 5976 1250 1269 5977 1244 1265 5978 1246 1267 5979 1249 1268 5980 1243 1264 5981 1249 1268 5982 1246 1267 5983 1251 1270 5984 1249 1268 5985 1252 1271 5986 1250 1269 5987 1252 1271 5988 1249 1268 5989 1251 1270 5990 1249 1268 5991 1250 1269 5992 1245 1266 5993 1244 1265 5994 1250 1269 5995 1248 540 5996 1250 1269 5997 717 545 5998 1248 540 5999 717 545 6000 1250 1269 6001 1252 1271 6002 698 546 6003 1254 1272 6004 699 549 6005 1254 1272 6006 698 546 6007 1253 1273 6008 1256 550 6009 1253 1273 6010 698 546 6011 1253 1273 6012 1256 550 6013 1255 1274 6014 1252 1271 6015 1256 550 6016 717 545 6017 1256 550 6018 1252 1271 6019 1255 1274 6020 1251 1270 6021 1255 1274 6022 1252 1271 6023 1255 1274 6024 1251 1270 6025 1257 1275 6026 1251 1270 6027 1258 1276 6028 1257 1275 6029 1258 1276 6030 1251 1270 6031 1246 1267 6032 743 791 6033 740 789 6034 738 786 6035 740 789 6036 743 791 6037 1259 1277 6038 1246 1267 6039 740 789 6040 1259 1277 6041 1246 1267 6042 1259 1277 6043 1258 1276 6044 1254 1272 6045 718 555 6046 699 549 6047 718 555 6048 1254 1272 6049 1260 1278 6050 1261 1279 6051 1260 1278 6052 1254 1272 6053 1254 1272 6054 1262 1280 6055 1261 1279 6056 1262 1280 6057 1254 1272 6058 1253 1273 6059 1253 1273 6060 1263 1281 6061 1262 1280 6062 1263 1281 6063 1253 1273 6064 1255 1274 6065 1255 1274 6066 1257 1275 6067 1263 1281 6068 1257 1275 6069 1264 1282 6070 1263 1281 6071 1258 1276 6072 1264 1282 6073 1257 1275 6074 1259 1277 6075 1264 1282 6076 1258 1276 6077 778 822 6078 783 825 6079 779 821 6080 783 825 6081 1265 1283 6082 779 821 6083 783 825 6084 1266 1284 6085 1265 1283 6086 1266 1284 6087 783 825 6088 785 827 6089 1267 1285 6090 1268 565 6091 700 564 6092 1268 565 6093 1270 1286 6094 1269 567 6095 1270 1286 6096 1268 565 6097 1267 1285 6098 1271 1287 6099 1270 1286 6100 1267 1285 6101 1271 1287 6102 1273 1288 6103 1270 1286 6104 1273 1288 6105 1271 1287 6106 1272 1289 6107 1273 1288 6108 1269 567 6109 1270 1286 6110 1269 567 6111 1273 1288 6112 1274 571 6113 706 572 6114 1275 1290 6115 787 829 6116 706 572 6117 787 829 6118 789 66 6119 1276 1291 6120 1274 571 6121 1273 1288 6122 1274 571 6123 1276 1291 6124 707 575 6125 1275 1290 6126 785 827 6127 787 829 6128 785 827 6129 1275 1290 6130 1266 1284 6131 1276 1291 6132 1266 1284 6133 1275 1290 6134 1266 1284 6135 1276 1291 6136 1277 1292 6137 707 575 6138 1275 1290 6139 706 572 6140 1275 1290 6141 707 575 6142 1276 1291 6143 1273 1288 6144 1277 1292 6145 1276 1291 6146 1277 1292 6147 1273 1288 6148 1272 1289 6149 1260 1278 6150 1279 1293 6151 718 555 6152 718 555 6153 1279 1293 6154 1281 578 6155 1261 1279 6156 1283 1294 6157 1260 1278 6158 1283 1294 6159 1279 1293 6160 1260 1278 6161 1285 1295 6162 1283 1294 6163 1261 1279 6164 1278 1296 6165 1286 1297 6166 1287 581 6167 1286 1297 6168 1278 1296 6169 1282 1298 6170 1287 581 6171 1280 585 6172 1278 1296 6173 719 586 6174 1287 581 6175 1286 1297 6176 1261 1279 6177 1262 1280 6178 1285 1295 6179 1262 1280 6180 1289 1299 6181 1285 1295 6182 1262 1280 6183 1291 1300 6184 1289 1299 6185 1291 1300 6186 1262 1280 6187 1263 1281 6188 1263 1281 6189 1264 1282 6190 1291 1300 6191 1264 1282 6192 1293 1301 6193 1291 1300 6194 1264 1282 6195 1259 1277 6196 1295 1302 6197 1264 1282 6198 1295 1302 6199 1293 1301 6200 1259 1277 6201 743 791 6202 1297 1303 6203 1259 1277 6204 1297 1303 6205 1295 1302 6206 776 819 6207 1297 1303 6208 743 791 6209 1297 1303 6210 776 819 6211 1299 1304 6212 776 819 6213 1301 1305 6214 1299 1304 6215 1301 1305 6216 776 819 6217 779 821 6218 779 821 6219 1265 1283 6220 1301 1305 6221 1265 1283 6222 1303 1306 6223 1301 1305 6224 1265 1283 6225 1305 1307 6226 1303 1306 6227 1305 1307 6228 1265 1283 6229 1266 1284 6230 1277 1292 6231 1307 1308 6232 1305 1307 6233 1277 1292 6234 1305 1307 6235 1266 1284 6236 1309 1309 6237 1307 1308 6238 1272 1289 6239 1277 1292 6240 1272 1289 6241 1307 1308 6242 1311 1310 6243 1309 1309 6244 1271 1287 6245 1272 1289 6246 1271 1287 6247 1309 1309 6248 1313 1311 6249 1271 1287 6250 1267 1285 6251 1271 1287 6252 1313 1311 6253 1311 1310 6254 1315 600 6255 1267 1285 6256 700 564 6257 1267 1285 6258 1315 600 6259 1313 1311 6260 1314 601 6261 1316 603 6262 1312 1312 6263 1312 1312 6264 1317 1313 6265 1310 1314 6266 1317 1313 6267 1312 1312 6268 1316 603 6269 1318 606 6270 1317 1313 6271 1316 603 6272 1310 1314 6273 1319 1315 6274 1308 1316 6275 1319 1315 6276 1310 1314 6277 1317 1313 6278 650 609 6279 1317 1313 6280 1318 606 6281 650 609 6282 1319 1315 6283 1317 1313 6284 650 609 6285 1320 1317 6286 1319 1315 6287 1308 1316 6288 1321 1318 6289 1306 1319 6290 1321 1318 6291 1308 1316 6292 1319 1315 6293 1306 1319 6294 1322 1320 6295 1304 1321 6296 1322 1320 6297 1306 1319 6298 1321 1318 6299 1323 1322 6300 1322 1320 6301 1321 1318 6302 1321 1318 6303 1320 1317 6304 1323 1322 6305 1320 1317 6306 1321 1318 6307 1319 1315 6308 1324 1323 6309 1323 1322 6310 1320 1317 6311 650 609 6312 720 617 6313 1320 1317 6314 720 617 6315 1324 1323 6316 1320 1317 6317 1324 1323 6318 1325 619 6319 1326 1324 6320 1325 619 6321 1324 1323 6322 720 617 6323 1328 620 6324 1327 1325 6325 1325 619 6326 1327 1325 6327 1326 1324 6328 1325 619 6329 1324 1323 6330 1329 1326 6331 1323 1322 6332 1329 1326 6333 1324 1323 6334 1326 1324 6335 1329 1326 6336 1322 1320 6337 1323 1322 6338 1327 1325 6339 1330 1327 6340 1326 1324 6341 1330 1327 6342 1329 1326 6343 1326 1324 6344 1328 620 6345 721 624 6346 1327 1325 6347 721 624 6348 1330 1327 6349 1327 1325 6350 1286 1297 6351 1284 1328 6352 1331 1329 6353 1284 1328 6354 1286 1297 6355 1282 1298 6356 1331 1329 6357 1288 1330 6358 1332 1331 6359 1288 1330 6360 1331 1329 6361 1284 1328 6362 722 629 6363 719 586 6364 1331 1329 6365 1331 1329 6366 719 586 6367 1286 1297 6368 1332 1331 6369 1290 1332 6370 1333 1333 6371 1290 1332 6372 1332 1331 6373 1288 1330 6374 1334 1334 6375 722 629 6376 1331 1329 6377 1332 1331 6378 1334 1334 6379 1331 1329 6380 1334 1334 6381 1335 633 6382 722 629 6383 1334 1334 6384 1333 1333 6385 1336 1335 6386 1333 1333 6387 1334 1334 6388 1332 1331 6389 1334 1334 6390 1337 635 6391 1335 633 6392 1337 635 6393 1334 1334 6394 1336 1335 6395 721 624 6396 1339 637 6397 1338 1336 6398 1329 1326 6399 1340 1337 6400 1322 1320 6401 1302 1338 6402 1341 1339 6403 1300 1340 6404 1341 1339 6405 1302 1338 6406 1340 1337 6407 1304 1321 6408 1340 1337 6409 1302 1338 6410 1340 1337 6411 1304 1321 6412 1322 1320 6413 1342 1341 6414 1340 1337 6415 1329 1326 6416 1342 1341 6417 1341 1339 6418 1340 1337 6419 1342 1341 6420 1329 1326 6421 1330 1327 6422 1300 1340 6423 1343 1342 6424 1298 1343 6425 1343 1342 6426 1300 1340 6427 1341 1339 6428 1344 1344 6429 1342 1341 6430 1330 1327 6431 721 624 6432 1344 1344 6433 1330 1327 6434 1345 1345 6435 1344 1344 6436 721 624 6437 1338 1336 6438 1345 1345 6439 721 624 6440 1338 1336 6441 1346 648 6442 1347 1346 6443 1346 648 6444 1338 1336 6445 1339 637 6446 1345 1345 6447 1348 1347 6448 1344 1344 6449 1348 1347 6450 1345 1345 6451 1347 1346 6452 1338 1336 6453 1347 1346 6454 1345 1345 6455 1349 1348 6456 1337 635 6457 1336 1335 6458 1337 635 6459 1349 1348 6460 1350 651 6461 1350 651 6462 1347 1346 6463 1346 648 6464 1347 1346 6465 1350 651 6466 1349 1348 6467 1336 1335 6468 1351 1349 6469 1349 1348 6470 1351 1349 6471 1336 1335 6472 1333 1333 6473 1333 1333 6474 1292 1350 6475 1351 1349 6476 1292 1350 6477 1333 1333 6478 1290 1332 6479 1294 1351 6480 1353 1352 6481 1352 1353 6482 1353 1352 6483 1294 1351 6484 1296 1354 6485 1353 1352 6486 1296 1354 6487 1343 1342 6488 1343 1342 6489 1296 1354 6490 1298 1343 6491 1342 1341 6492 1343 1342 6493 1341 1339 6494 1343 1342 6495 1342 1341 6496 1354 1355 6497 1344 1344 6498 1354 1355 6499 1342 1341 6500 1354 1355 6501 1353 1352 6502 1343 1342 6503 1348 1347 6504 1354 1355 6505 1344 1344 6506 1353 1352 6507 1354 1355 6508 1352 1353 6509 1351 1349 6510 1294 1351 6511 1352 1353 6512 1294 1351 6513 1351 1349 6514 1292 1350 6515 1352 1353 6516 1355 1356 6517 1351 1349 6518 1355 1356 6519 1352 1353 6520 1354 1355 6521 1355 1356 6522 1354 1355 6523 1348 1347 6524 1355 1356 6525 1347 1346 6526 1349 1348 6527 1347 1346 6528 1355 1356 6529 1348 1347 6530 1351 1349 6531 1355 1356 6532 1349 1348 6533 1357 1357 6534 1359 1358 6535 1358 1359 6536 1359 1358 6537 1357 1357 6538 1356 1360 6539 1360 1361 6540 1361 1362 6541 1357 1357 6542 1360 1361 6543 1357 1357 6544 1358 1359 6545 1363 1363 6546 1360 1361 6547 1362 1364 6548 1360 1361 6549 1363 1363 6550 1361 1362 6551 1364 1365 6552 1365 1366 6553 1362 1364 6554 1364 1365 6555 1362 1364 6556 1360 1361 6557 1363 1363 6558 1365 1366 6559 1366 1367 6560 1365 1366 6561 1363 1363 6562 1362 1364 6563 1359 1358 6564 1356 1360 6565 1367 1368 6566 1359 1358 6567 1367 1368 6568 1369 1369 6569 1369 1369 6570 1364 1365 6571 1359 1358 6572 1368 1370 6573 1366 1367 6574 1370 1371 6575 1370 1371 6576 1366 1367 6577 1365 1366 6578 1364 1365 6579 1370 1371 6580 1365 1366 6581 1364 1365 6582 1360 1361 6583 1358 1359 6584 1359 1358 6585 1364 1365 6586 1358 1359 6587 1372 1372 6588 1174 1189 6589 1159 1174 6590 1174 1189 6591 1372 1372 6592 1371 1373 6593 1374 1374 6594 1361 1362 6595 1363 1363 6596 1361 1362 6597 1374 1374 6598 1373 1375 6599 1375 1376 6600 1363 1363 6601 1366 1367 6602 1363 1363 6603 1375 1376 6604 1374 1374 6605 1174 1189 6606 1371 1373 6607 1376 1377 6608 1376 1377 6609 1181 1194 6610 1174 1189 6611 1378 1378 6612 1371 1373 6613 1377 1379 6614 1371 1373 6615 1378 1378 6616 1376 1377 6617 1375 1376 6618 1377 1379 6619 1374 1374 6620 1377 1379 6621 1375 1376 6622 1378 1378 6623 1380 1380 6624 1366 1367 6625 1368 1370 6626 1366 1367 6627 1380 1380 6628 1375 1376 6629 1181 1194 6630 1382 1381 6631 1140 1195 6632 1382 1381 6633 1181 1194 6634 1376 1377 6635 1384 1382 6636 1376 1377 6637 1378 1378 6638 1376 1377 6639 1384 1382 6640 1382 1381 6641 1378 1378 6642 1380 1380 6643 1384 1382 6644 1380 1380 6645 1378 1378 6646 1375 1376 6647 1385 1383 6648 1120 1135 6649 1139 1150 6650 1385 1383 6651 1139 1150 6652 1381 1384 6653 1379 1385 6654 1356 1360 6655 1386 1386 6656 1379 1385 6657 1367 1368 6658 1356 1360 6659 1381 1384 6660 1387 1387 6661 1385 1383 6662 1387 1387 6663 1381 1384 6664 1383 1388 6665 1383 1388 6666 1386 1386 6667 1387 1387 6668 1386 1386 6669 1383 1388 6670 1379 1385 6671 1388 1389 6672 1356 1360 6673 1357 1357 6674 1356 1360 6675 1388 1389 6676 1386 1386 6677 1159 1174 6678 1389 1390 6679 1372 1372 6680 1389 1390 6681 1159 1174 6682 1119 1136 6683 1119 1136 6684 1385 1383 6685 1389 1390 6686 1385 1383 6687 1119 1136 6688 1120 1135 6689 1373 1375 6690 1357 1357 6691 1361 1362 6692 1357 1357 6693 1373 1375 6694 1388 1389 6695 1373 1375 6696 1377 1379 6697 1390 1391 6698 1377 1379 6699 1373 1375 6700 1374 1374 6701 1372 1372 6702 1390 1391 6703 1371 1373 6704 1390 1391 6705 1377 1379 6706 1371 1373 6707 1372 1372 6708 1391 1392 6709 1390 1391 6710 1391 1392 6711 1372 1372 6712 1389 1390 6713 1373 1375 6714 1391 1392 6715 1388 1389 6716 1391 1392 6717 1373 1375 6718 1390 1391 6719 1389 1390 6720 1387 1387 6721 1391 1392 6722 1387 1387 6723 1389 1390 6724 1385 1383 6725 1391 1392 6726 1386 1386 6727 1388 1389 6728 1386 1386 6729 1391 1392 6730 1387 1387 6731 1168 1183 6732 1393 1393 6733 1392 1394 6734 1168 1183 6735 1392 1394 6736 1183 1198 6737 1397 1395 6738 1395 1396 6739 1394 1397 6740 1395 1396 6741 1397 1395 6742 1396 1398 6743 1399 1399 6744 1396 1398 6745 1398 1400 6746 1396 1398 6747 1399 1399 6748 1395 1396 6749 1183 1198 6750 1392 1394 6751 1400 1401 6752 1183 1198 6753 1400 1401 6754 1201 1208 6755 1402 1402 6756 1392 1394 6757 1401 1403 6758 1392 1394 6759 1402 1402 6760 1400 1401 6761 1395 1396 6762 1402 1402 6763 1401 1403 6764 1402 1402 6765 1395 1396 6766 1399 1399 6767 1403 1404 6768 1405 1405 6769 1399 1399 6770 1403 1404 6771 1399 1399 6772 1398 1400 6773 1400 1401 6774 1196 1211 6775 1201 1208 6776 1196 1211 6777 1400 1401 6778 1407 1406 6779 1409 1407 6780 1400 1401 6781 1402 1402 6782 1400 1401 6783 1409 1407 6784 1407 1406 6785 1399 1399 6786 1409 1407 6787 1402 1402 6788 1409 1407 6789 1399 1399 6790 1405 1405 6791 1406 1408 6792 1411 1409 6793 1412 1410 6794 1411 1409 6795 1406 1408 6796 1404 1411 6797 1172 1186 6798 1408 1412 6799 1413 1413 6800 1408 1412 6801 1172 1186 6802 1197 1205 6803 1413 1413 6804 1410 1414 6805 1414 1415 6806 1410 1414 6807 1413 1413 6808 1408 1412 6809 1412 1410 6810 1414 1415 6811 1410 1414 6812 1412 1410 6813 1410 1414 6814 1406 1408 6815 1416 1416 6816 1412 1410 6817 1415 1417 6818 1415 1417 6819 1412 1410 6820 1411 1409 6821 1393 1393 6822 1168 1183 6823 1169 1184 6824 1169 1184 6825 1417 1418 6826 1393 1393 6827 1169 1184 6828 1413 1413 6829 1417 1418 6830 1413 1413 6831 1169 1184 6832 1172 1186 6833 1394 1397 6834 1415 1417 6835 1397 1395 6836 1415 1417 6837 1394 1397 6838 1416 1416 6839 1417 1418 6840 1414 1415 6841 1418 1419 6842 1414 1415 6843 1417 1418 6844 1413 1413 6845 1393 1393 6846 1401 1403 6847 1392 1394 6848 1401 1403 6849 1393 1393 6850 1419 1420 6851 1417 1418 6852 1419 1420 6853 1393 1393 6854 1419 1420 6855 1417 1418 6856 1418 1419 6857 1394 1397 6858 1395 1396 6859 1419 1420 6860 1419 1420 6861 1395 1396 6862 1401 1403 6863 1418 1419 6864 1416 1416 6865 1419 1420 6866 1419 1420 6867 1416 1416 6868 1394 1397 6869 1414 1415 6870 1416 1416 6871 1418 1419 6872 1416 1416 6873 1414 1415 6874 1412 1410 6875 1424 1421 6876 1420 1422 6877 1425 1423 6878 1424 1421 6879 1422 1424 6880 1420 1422 6881 1428 1425 6882 1191 1203 6883 1211 1224 6884 1191 1203 6885 1428 1425 6886 1426 1426 6887 1430 1427 6888 1420 1422 6889 1429 1428 6890 1420 1422 6891 1430 1427 6892 1425 1423 6893 1431 1429 6894 1155 1168 6895 1191 1203 6896 1431 1429 6897 1191 1203 6898 1426 1426 6899 1426 1426 6900 1433 1430 6901 1431 1429 6902 1433 1430 6903 1426 1426 6904 1432 1431 6905 1432 1431 6906 1430 1427 6907 1433 1430 6908 1430 1427 6909 1432 1431 6910 1425 1423 6911 1429 1428 6912 1435 1432 6913 1430 1427 6914 1435 1432 6915 1429 1428 6916 1434 1433 6917 1431 1429 6918 1122 1139 6919 1155 1168 6920 1122 1139 6921 1431 1429 6922 1436 1434 6923 1431 1429 6924 1437 1435 6925 1436 1434 6926 1437 1435 6927 1431 1429 6928 1433 1430 6929 1433 1430 6930 1430 1427 6931 1435 1432 6932 1433 1430 6933 1435 1432 6934 1437 1435 6935 1122 1139 6936 1436 1434 6937 1438 1436 6938 1122 1139 6939 1438 1436 6940 1121 1140 6941 1434 1433 6942 1439 1437 6943 1435 1432 6944 1439 1437 6945 1440 1438 6946 1435 1432 6947 1441 1439 6948 1438 1436 6949 1437 1435 6950 1436 1434 6951 1437 1435 6952 1438 1436 6953 1435 1432 6954 1441 1439 6955 1437 1435 6956 1441 1439 6957 1435 1432 6958 1440 1438 6959 1440 1438 6960 1442 1440 6961 1443 1441 6962 1442 1440 6963 1440 1438 6964 1439 1437 6965 1128 1145 6966 1444 1442 6967 1427 1443 6968 1128 1145 6969 1427 1443 6970 1210 1227 6971 1438 1436 6972 1128 1145 6973 1121 1140 6974 1128 1145 6975 1438 1436 6976 1444 1442 6977 1423 1444 6978 1442 1440 6979 1421 1445 6980 1442 1440 6981 1423 1444 6982 1443 1441 6983 1443 1441 6984 1445 1446 6985 1447 1447 6986 1445 1446 6987 1443 1441 6988 1423 1444 6989 1440 1438 6990 1447 1447 6991 1441 1439 6992 1447 1447 6993 1440 1438 6994 1443 1441 6995 1432 1431 6996 1426 1426 6997 1446 1448 6998 1428 1425 6999 1446 1448 7000 1426 1426 7001 1444 1442 7002 1445 1446 7003 1427 1443 7004 1445 1446 7005 1444 1442 7006 1447 1447 7007 1446 1448 7008 1425 1423 7009 1432 1431 7010 1425 1423 7011 1446 1448 7012 1424 1421 7013 1438 1436 7014 1441 1439 7015 1444 1442 7016 1441 1439 7017 1447 1447 7018 1444 1442 7019 1442 1440 7020 1439 1437 7021 1448 1449 7022 1439 1437 7023 1449 1450 7024 1448 1449 7025 1448 1449 7026 1421 1445 7027 1442 1440 7028 1421 1445 7029 1448 1449 7030 1450 1451 7031 1422 1424 7032 1451 1452 7033 1452 1453 7034 1422 1424 7035 1452 1453 7036 1420 1422 7037 1453 1454 7038 1454 1455 7039 1452 1453 7040 1453 1454 7041 1452 1453 7042 1451 1452 7043 1429 1428 7044 1452 1453 7045 1454 1455 7046 1452 1453 7047 1429 1428 7048 1420 1422 7049 1449 1450 7050 1434 1433 7051 1455 1456 7052 1434 1433 7053 1449 1450 7054 1439 1437 7055 1455 1456 7056 1453 1454 7057 1449 1450 7058 1454 1455 7059 1434 1433 7060 1429 1428 7061 1434 1433 7062 1454 1455 7063 1455 1456 7064 1453 1454 7065 1455 1456 7066 1454 1455 7067 1453 1454 7068 1450 1451 7069 1448 1449 7070 1449 1450 7071 1453 1454 7072 1448 1449 7073 1396 1398 7074 1456 1457 7075 1398 1400 7076 1396 1398 7077 1457 1458 7078 1456 1457 7079 1397 1395 7080 1458 1459 7081 1457 1458 7082 1397 1395 7083 1457 1458 7084 1396 1398 7085 1397 1395 7086 1459 1460 7087 1458 1459 7088 1459 1460 7089 1397 1395 7090 1415 1417 7091 1460 1461 7092 1461 1462 7093 1459 1460 7094 1459 1460 7095 1461 1462 7096 1458 1459 7097 1415 1417 7098 1460 1461 7099 1459 1460 7100 1460 1461 7101 1415 1417 7102 1411 1409 7103 1411 1409 7104 1463 1463 7105 1460 1461 7106 1463 1463 7107 1411 1409 7108 1404 1411 7109 1463 1463 7110 1461 1462 7111 1460 1461 7112 1456 1457 7113 1462 1464 7114 1398 1400 7115 1462 1464 7116 1403 1404 7117 1398 1400 7118 1461 1462 7119 1462 1464 7120 1456 1457 7121 1458 1459 7122 1461 1462 7123 1457 1458 7124 1461 1462 7125 1456 1457 7126 1457 1458 7127 1078 1098 7128 1464 1465 7129 1077 1099 7130 1077 1099 7131 1464 1465 7132 1080 1101 7133 1080 1101 7134 1464 1465 7135 1086 1104 7136 1085 1109 7137 1464 1465 7138 1089 1110 7139 1089 1110 7140 1464 1465 7141 1092 1113 7142 1092 1113 7143 1464 1465 7144 1078 1098 7145 1465 769 7146 968 971 7147 708 770 7148 968 971 7149 1465 769 7150 963 961 7151 922 939 7152 963 961 7153 713 197 7154 713 197 7155 963 961 7156 1465 769 7157 238 194 7158 247 227 7159 245 233 7160 247 227 7161 238 194 7162 243 195 7163 961 959 7164 962 960 7165 920 938 7166 921 937 7167 956 958 7168 964 965 7169 283 253 7170 331 287 7171 311 276 7172 325 310 7173 130 302 7174 312 319 7175 993 983 7176 990 1005 7177 991 1006 7178 992 1049 7179 1019 1032 7180 1030 1040 7181</p>
        </triangles>
      </mesh>
    </geometry>
  </library_geometries>
  <library_controllers>
    <controller id="Armature_001_SK_Pigeon-skin" name="Armature.001">
      <skin source="#Mesh-mesh">
        <bind_shape_matrix>0.07165288 0 0 0 0 0.03782817 0.06085363 -0.6263831 0 -0.06085363 0.03782817 0.1271227 0 0 0 1</bind_shape_matrix>
        <source id="Armature_001_SK_Pigeon-skin-joints">
          <Name_array id="Armature_001_SK_Pigeon-skin-joints-array" count="6">Bone Bone_001 Bone_002 Bone_003 Bone_004 Bone_005</Name_array>
          <technique_common>
            <accessor source="#Armature_001_SK_Pigeon-skin-joints-array" count="6" stride="1">
              <param name="JOINT" type="name"/>
            </accessor>
          </technique_common>
        </source>
        <source id="Armature_001_SK_Pigeon-skin-bind_poses">
          <float_array id="Armature_001_SK_Pigeon-skin-bind_poses-array" count="96">7.165296 9.53121e-7 1.41774e-6 -1.50328e-7 0 -5.946429 3.997679 0.1046774 1.70834e-6 -3.997679 -5.94643 0.6305226 0 0 0 1 6.918632 -0.02857595 1.863644 -0.1992111 1.863862 0.1074028 -6.917798 0.7394682 -3.45283e-4 7.164434 0.111139 -0.002921938 0 0 0 1 6.68901 -1.837529 -1.795019 0.1895442 -1.787307 0.2670625 -6.933662 0.7413634 1.84503 6.920523 -0.2090395 0.03099191 0 0 0 1 3.936864 -0.9272329 -5.914628 0.6309619 5.982534 0.3400099 3.928759 -0.4194579 -0.2277429 -7.096908 0.9609891 -0.1115764 0 0 0 1 3.434067 -2.792885 5.634575 -0.6056819 -6.027042 0.3712083 3.857257 -0.4117771 -1.795387 -6.58813 -2.171312 0.2238216 0 0 0 1 7.165295 9.53121e-7 1.41774e-6 -1.50328e-7 0 -5.946429 3.997679 -0.434682 1.70834e-6 -3.997679 -5.946429 0.6305224 0 0 0 1</float_array>
          <technique_common>
            <accessor source="#Armature_001_SK_Pigeon-skin-bind_poses-array" count="6" stride="16">
              <param name="TRANSFORM" type="float4x4"/>
            </accessor>
          </technique_common>
        </source>
        <source id="Armature_001_SK_Pigeon-skin-weights">
          <float_array id="Armature_001_SK_Pigeon-skin-weights-array" count="1804">1 1 1 1 1 1 1 1 1 1 1 1 1 1 1 1 1 1 1 1 1 1 1 1 1 1 1 1 1 1 1 1 1 1 1 1 1 1 1 1 1 1 1 1 1 1 1 1 1 1 1 1 1 1 1 1 1 1 1 1 1 1 1 1 1 1 1 1 1 1 1 1 1 1 1 1 1 1 1 1 1 1 1 1 1 1 1 1 1 1 1 1 1 1 1 0.4687886 0.5312114 0.03336495 0.9666351 0.6500952 0.3499048 0.1849845 0.02026915 0.7947462 1 1 0.005640506 0.9943595 0.02556842 0.9744316 0.07179194 0.9282081 0.05479919 0.9452007 0.01062709 0.9893729 1 0.1407212 0.02325189 0.8360268 0.123404 0.876596 0.4858364 0.5141636 0.07521325 0.008559525 0.9162273 0.5018568 0.4981433 1 0.8966411 0.1033589 0.04496896 0.4488063 0.05839645 0.4478282 0.7866766 0.2133234 0.8460416 0.1539584 0.9577873 0.04221266 0.7162423 0.2837577 0.6367949 0.3632051 0.6746954 0.3253045 0.2332624 0.1141835 0.6525542 0.804395 0.195605 0.3138058 0.0442748 0.6419194 0.3178323 0.05644196 0.6257257 0.05550402 0.944496 0.03554999 0.8875898 0.07686024 0.0508973 0.3893072 0.3255829 0.2342126 0.4455421 0.5544579 0.1801343 0.6614935 0.0881415 0.07023066 0.5195951 0.4804049 0.56819 0.4318099 0.6818916 0.3181084 0.5275657 0.4724344 0.5430992 0.4569008 1 0.8261495 0.1738505 0.2919955 0.7080045 0.6676716 0.3323284 0.08660548 0.8428453 0.02421164 0.04633754 0.7371661 0.06865984 0.194174 0.6943528 0.0655542 0.2400929 0.9407683 0.05923169 0.02942895 0.9705709 0.8959325 0.04417043 0.05989706 1 0.9098258 0.09017413 0.9958965 0.004103422 0.9056308 0.09436917 1 1 0.1317117 0.8682883 1 0.02970904 0.970291 1 0.1001422 0.8735822 0.02627551 1 1 1 1 1 1 1 1 1 1 1 1 1 1 0.1650356 0.7583907 0.07657378 1 1 1 1 1 1 1 1 1 1 1 1 1 0.3089636 0.6463989 0.04463756 0.3832997 0.5227354 0.09396493 1 0.1899116 0.6889528 0.1211355 1 1 1 1 1 1 1 1 1 1 1 1 1 0.1835252 0.6526922 0.1637825 0.3686144 0.4271806 0.204205 1 1 1 1 1 1 1 1 1 1 1 1 1 1 1 1 1 1 1 1 0.1455412 0.5815461 0.2729127 1 0.05365353 0.7213517 0.2249948 1 1 1 1 1 1 0.6900906 0.2039701 0.1059393 0.683548 0.2594707 0.0569812 0.9015996 0.09840035 0.8983548 0.1016452 0.9254957 0.07450431 0.9602271 0.03977274 0.9681011 0.03189891 1 1 0.942358 0.05764192 1 0.9911501 0.008849859 1 1 1 0.9937654 0.006234586 1 1 1 1 1 1 1 0.1237033 0.662016 0.07295858 0.141322 0.1336503 0.8663497 0.7221047 0.1653254 0.08204656 0.0305233 0.6558316 0.3441684 0.9797007 0.01664072 0.003658413 0.7010727 0.2989273 1 1 0.5037473 0.4962527 0.1506217 0.8493783 1 1 1 1 1 1 1 1 1 1 1 1 1 1 1 1 1 1 0.01406621 0.9859337 1 1 1 1 1 1 1 1 1 1 1 0.9791942 0.02080571 0.2217744 0.7782256 1 1 1 1 1 1 0.9429827 0.05701726 0.9313306 0.06866949 1 1 1 1 1 1 0.4248843 0.5751156 0.4802688 0.5197312 1 1 0.9194694 0.08053058 1 1 1 1 1 1 0.9436003 0.05639964 1 1 0.04399067 0.9560093 1 1 1 1 1 0.1445109 0.8554891 0.1940115 0.8059886 0.06841182 0.9315882 0.07161086 0.9283891 1 1 1 1 1 1 1 1 1 1 1 1 1 1 1 1 1 1 1 1 1 1 1 1 1 1 1 1 1 1 1 1 1 1 1 1 1 1 1 1 1 1 1 1 1 1 1 1 1 1 1 1 1 1 1 1 1 1 1 1 1 1 1 1 1 1 1 1 1 1 1 1 1 1 1 1 1 1 1 1 1 1 1 1 1 1 1 1 1 1 1 1 1 1 1 1 1 1 1 1 1 1 1 1 1 1 1 1 1 1 1 1 1 1 1 1 1 1 1 1 1 1 1 1 1 1 1 1 1 1 1 1 1 1 1 1 1 1 1 1 1 1 1 1 1 1 1 1 1 1 1 1 1 1 1 1 1 1 1 1 1 1 1 1 1 1 1 1 1 1 1 1 1 1 1 1 1 1 1 1 1 1 1 1 1 1 1 1 1 1 1 1 1 1 1 1 1 1 1 1 1 1 1 1 1 1 1 1 1 1 1 1 1 1 1 1 1 1 1 1 1 1 1 1 1 1 1 1 1 1 1 1 1 1 1 1 1 1 1 1 1 1 1 1 1 1 1 1 1 1 1 1 1 1 1 1 1 1 1 1 1 1 1 1 1 1 1 1 1 1 1 1 1 1 1 1 1 1 1 1 1 1 1 1 1 1 1 1 1 1 1 1 1 1 1 1 1 1 1 1 1 1 1 1 1 1 1 1 1 1 1 1 1 1 1 1 1 1 1 1 1 1 1 1 1 1 1 1 1 1 1 1 1 1 1 1 1 1 1 1 1 1 1 1 1 1 1 1 1 1 1 1 1 1 1 1 1 1 1 1 1 1 0.07108378 0.04388856 0.8850277 1 1 1 1 1 1 0.1246126 0.07766026 0.7977271 1 1 1 1 1 1 0.01688164 0.9831184 0.9786244 0.005509316 0.01586621 1 0.7444147 0.1101207 0.131875 0.01358956 1 1 1 1 1 1 1 1 1 1 1 1 1 1 1 1 1 1 1 1 1 1 1 1 1 1 1 1 1 1 1 1 1 1 1 1 1 1 1 1 1 1 1 1 1 1 1 1 1 1 1 1 1 1 1 1 1 1 1 1 1 1 1 1 1 1 1 1 1 1 1 1 1 1 1 1 1 1 1 1 1 1 1 1 1 1 1 1 1 1 1 1 1 1 1 1 1 0.008379817 0.9916202 0.02507191 0.05612486 0.9188032 0.06173199 0.03228497 0.905983 1 0.04361182 0.9563882 0.004223525 0.9957764 1 0.4678854 0.5321146 0.01933234 0.9806675 0.6488102 0.3511897 0.06587392 0.152529 0.7815971 0.5009326 0.4990674 1 0.4851156 0.5148844 0.06976014 0.007915437 0.9223244 0.00616455 0.1104838 0.8833516 0.06430721 0.1108149 0.8248779 0.03472983 0.2860681 0.04483222 0.6343699 0.6740341 0.325966 0.2241637 0.1161298 0.6597065 0.1103515 0.2624487 0.6271998 0.2425557 0.1325863 0.624858 0.1491908 0.6070411 0.2437681 0.5201979 0.2183058 0.2614962 0.08633702 0.8397145 0.0254659 0.04848229 0.4448579 0.5551421 0.1797474 0.6604468 0.08902156 0.07078427 0.03334218 0.8896663 0.07699149 0.05098998 0.3826639 0.3300764 0.2362697 0.00912559 0.7209024 0.07074141 0.1992306 0.102834 0.8336708 0.06349521 0.6376266 0.2789345 0.08343887 0.1577427 0.8422573 0.6022108 0.3837627 0.01402646 0.2875267 0.7124733 0.5657414 0.4342586 0.680468 0.319532 1 1 0.09635043 5.15106e-4 0.9031345 1 0.02647042 0.9735296 1 1 1 0.126353 0.8736469 0.02919638 0.9708036 0.3074327 0.01189386 0.6806733 1 0.1581553 0.04328221 0.7985624 1 1 1 1 1 1 1 1 1 1 1 1 1 0.1817768 0.07244485 0.7457783 0.01845467 0.9815453 0.05301016 0.9469898 1 1 1 1 1 1 1 1 1 1 1 1 0.1753922 0.09687405 0.7277337 1 1 1 1 1 0.02125 0.9162483 0.06250172 0.6601026 0.3398975 0.5281649 0.471835 0.5376405 0.4623596 1 0.8236315 0.1763684 1 1 0.1391023 0.1585379 0.7023597 0.3633722 0.1317334 0.5048944 0.2080942 0.3009425 0.4909632 1 0.04424512 0.1211083 0.8346465 0.06275296 0.937247 1 0.4099895 0.5900105 0.06747293 0.3398 0.592727 0.6882842 0.07931113 0.2324047 0.6795591 0.1446351 0.1758058 0.3767516 0.06099212 0.5622562 0.6877517 0.03058499 0.2816634 0.9209153 0.07908463 0.8978479 0.1021521 0.9500534 0.0499466 0.9875562 0.01244384 0.9645216 0.03547835 1 0.02272373 0.1975295 0.1132987 0.6664479 0.8950572 0.1049429 0.03168809 0.1230236 0.391242 0.4540463 0.7009329 0.2990671 1 1 0.990424 0.009575963 0.6550632 0.3449369 0.9342724 0.06572759 0.1320848 0.8679152 0.5007705 0.100048 0.368016 0.03116559 0.1254824 0.5557303 0.1694445 0.1493427 1 0.1004525 0.2100014 0.5459444 0.1436016 1 1 0.8958488 0.1041513 1 1 1 1 1 1 1 1 1 1 1 1 1 1 1 1 0.9404813 0.05951863 1 1 1 1 0.9908249 0.009175121 1 1 1 1 1 1 1 1 1 0.9545572 0.04544275 0.1484313 0.8515688 1 1 1 1 1 1 1 1 0.9765086 0.02349144 0.8442674 0.1557326 0.7850506 0.2149495 0.7148116 0.2851884 0.9416479 0.05835205 1 1 1 0.5023481 0.4976519 0.2181023 0.7818977 0.4262648 0.5737351 0.4725608 0.5274391 0.02070939 0.9792906 1 1 1 1 1 1 0.1410263 0.8589738 0.1711731 0.8288269 1 1 1 0.06457215 0.9354279 0.07870721 0.9212928 1 0.6357582 0.3642418 0.9300286 0.06997144 1 1 1 1 1 0.918165 0.08183491 1 1 0.8033298 0.1966702 0.5197475 0.4802524 0.05352747 0.9464724 1 0.94262 0.05737984 1 1 1 1 1 1 1 0.07225483 0.9277452 1 1 1 1 1 1 1 1 1 1 1 1 1 1 1 1 1 1 1 1 1 1 1 1 1 1 1 1 1 1 1 1 1 1 1 1 1 1 1 1 1 1 1 1 1 1 1 1 1 1 1 1 1 1 1 1 1 1 1 1 1 1 1 1 1 1 1 1 1 1 1 1 1 1 1 1 1 1 1 1 1 1 1 1 1 1 1 1 1 1 0.02966797 0.970332 0.0298652 0.9701348 0.02279728 0.9772027 1 0.02314317 0.9768568 1 1 0.02855592 0.9714441 0.02307641 0.9769235 1 1 1 1 1 1 1 1 1 1 1 1 1 1 1 1 1 1 1 1 1 1 1 0.02156698 0.978433 1 0.02899682 0.9710032 1 1 1 1 1 1 1 1 1 1 1 1 1 1 1 1 1 1 1 1 1 1 1 1 1 1 1 1 1 1 1 1 0.02039974 0.9796002 1 1 0.02852839 0.9714716 1 1 1 1 1 1 1 1 1 1 1 1 1 1 1 0.02255994 0.97744 0.02026367 0.9797362 1 0.0283575 0.9716425 0.02868753 0.9713125 1 1 1 1 1 1 1 1 1 1 1 1 1 1 1 1 1 1 1 1 1 1 1 1 1 1 1 1 1 1 1 1 1 1 1 1 1 1 1 1 1 1 1 1 1 1 1 1 1 1 1 1 1 1 1 1 1 1 1 1 1 1 1 1 1 1 1 1 1 1 1 1 1 1 1 1 1 1 1 1 1 1 1 1 1 1 1 1 1 1 1 1 1 1 1 1 1 1 1 1 1 1 1 1 1 1 1 1 1 1 1 1 1 1 1 1 1 1 1 1 1 1 1 1 1 1 1 1 1 1 1 1 1 1 1 1 1 1 1 1 1 1 1 1 1 1 1 1 1 1 1 1 1 1 1 1 1 1 1 1 1 1 1 1 1 1 1 1 1 1 1 1 1 1 1 1 1 1 1 1 1 1 1 1 1 1 1 1 1 1 1 1 1 1 1 1 1 1 1 1 1 1 1 1 1 1 1 1 0.05477505 0.9452249 0.05154335 0.9484567 0.05463457 0.9453654 0.05030214 0.9496978 0.05521368 0.9447863 0.05571329 0.9442868 0.04982113 0.9501788 0.0428282 0.9571718 0.04976445 0.9502356 0.05454367 0.9454564 0.05524134 0.9447587 0.04956418 0.9504358 0.05875039 0.9412496 0.05695575 0.9430443 0.05320966 0.9467903 0.05321234 0.9467876 0.0479533 0.9520468 0.05290311 0.9470969 0.04597431 0.9540257 0.05225569 0.9477443 0.05165493 0.948345 0.05081343 0.9491866 0.05165028 0.9483497 0.05082917 0.9491709 0.04417592 0.9558241 0.04800385 0.9519961 0.05587297 0.944127 0.04946935 0.9505307 0.05251479 0.9474853 0.05286026 0.9471397 0.05236119 0.9476389 0.05393046 0.9460696 0.0538159 0.9461841 0.05314052 0.9468595 0.05353617 0.9464638 0.05318367 0.9468163 1 1 1 1 1 1 1 1 1 1</float_array>
          <technique_common>
            <accessor source="#Armature_001_SK_Pigeon-skin-weights-array" count="1804" stride="1">
              <param name="WEIGHT" type="float"/>
            </accessor>
          </technique_common>
        </source>
        <joints>
          <input semantic="JOINT" source="#Armature_001_SK_Pigeon-skin-joints"/>
          <input semantic="INV_BIND_MATRIX" source="#Armature_001_SK_Pigeon-skin-bind_poses"/>
        </joints>
        <vertex_weights count="1466">
          <input semantic="JOINT" source="#Armature_001_SK_Pigeon-skin-joints" offset="0"/>
          <input semantic="WEIGHT" source="#Armature_001_SK_Pigeon-skin-weights" offset="1"/>
          <vcount>1 1 1 1 1 1 1 1 1 1 1 1 1 1 1 1 1 1 1 1 1 1 1 1 1 1 1 1 1 1 1 1 1 1 1 1 1 1 1 1 1 1 1 1 1 1 1 1 1 1 1 1 1 1 1 1 1 1 1 1 1 1 1 1 1 1 1 1 1 1 1 1 1 1 1 1 1 1 1 1 1 1 1 1 1 1 1 1 1 1 1 1 1 1 1 2 2 2 3 1 1 2 2 2 2 2 1 3 2 2 3 2 1 2 4 2 2 2 2 2 2 3 2 3 3 2 3 4 2 4 2 2 2 2 2 1 2 2 2 4 3 3 2 2 3 1 2 2 2 1 1 2 1 2 1 3 1 1 1 1 1 1 1 1 1 1 1 1 1 1 3 1 1 1 1 1 1 1 1 1 1 1 1 1 3 3 1 3 1 1 1 1 1 1 1 1 1 1 1 1 1 3 3 1 1 1 1 1 1 1 1 1 1 1 1 1 1 1 1 1 1 1 1 3 1 3 1 1 1 1 1 1 3 3 2 2 2 2 2 1 1 2 1 2 1 1 1 2 1 1 1 1 1 1 1 4 2 4 2 3 2 1 1 2 2 1 1 1 1 1 1 1 1 1 1 1 1 1 1 1 1 1 1 2 1 1 1 1 1 1 1 1 1 1 1 2 2 1 1 1 1 1 1 2 2 1 1 1 1 1 1 2 2 1 1 2 1 1 1 1 1 1 2 1 1 2 1 1 1 1 1 2 2 2 2 1 1 1 1 1 1 1 1 1 1 1 1 1 1 1 1 1 1 1 1 1 1 1 1 1 1 1 1 1 1 1 1 1 1 1 1 1 1 1 1 1 1 1 1 1 1 1 1 1 1 1 1 1 1 1 1 1 1 1 1 1 1 1 1 1 1 1 1 1 1 1 1 1 1 1 1 1 1 1 1 1 1 1 1 1 1 1 1 1 1 1 1 1 1 1 1 1 1 1 1 1 1 1 1 1 1 1 1 1 1 1 1 1 1 1 1 1 1 1 1 1 1 1 1 1 1 1 1 1 1 1 1 1 1 1 1 1 1 1 1 1 1 1 1 1 1 1 1 1 1 1 1 1 1 1 1 1 1 1 1 1 1 1 1 1 1 1 1 1 1 1 1 1 1 1 1 1 1 1 1 1 1 1 1 1 1 1 1 1 1 1 1 1 1 1 1 1 1 1 1 1 1 1 1 1 1 1 1 1 1 1 1 1 1 1 1 1 1 1 1 1 1 1 1 1 1 1 1 1 1 1 1 1 1 1 1 1 1 1 1 1 1 1 1 1 1 1 1 1 1 1 1 1 1 1 1 1 1 1 1 1 1 1 1 1 1 1 1 1 1 1 1 1 1 1 1 1 1 1 1 1 1 1 1 1 1 1 1 1 1 1 1 1 1 1 1 1 1 1 1 1 1 1 1 1 1 1 1 1 1 1 1 1 1 1 1 1 1 1 1 1 1 1 1 1 1 1 1 1 1 1 1 1 1 1 1 1 1 1 1 1 1 1 1 1 1 1 1 1 1 1 1 1 1 1 1 1 1 1 1 1 1 3 1 1 1 1 1 1 3 1 1 1 1 1 1 2 3 1 4 1 1 1 1 1 1 1 1 1 1 1 1 1 1 1 1 1 1 1 1 1 1 1 1 1 1 1 1 1 1 1 1 1 1 1 1 1 1 1 1 1 1 1 1 1 1 1 1 1 1 1 1 1 1 1 1 1 1 1 1 1 1 1 1 1 1 1 1 1 1 1 1 1 1 1 1 1 1 1 1 1 1 1 1 1 1 1 1 1 1 1 1 1 1 1 1 1 2 3 3 1 2 2 1 2 2 2 3 2 1 2 3 3 3 4 2 3 3 3 3 3 4 2 4 3 4 4 3 3 2 3 2 2 2 1 1 3 1 2 1 1 1 2 2 3 1 3 1 1 1 1 1 1 1 1 1 1 1 1 1 3 2 2 1 1 1 1 1 1 1 1 1 1 1 1 3 1 1 1 1 1 3 2 2 2 1 2 1 1 3 3 3 1 3 2 1 2 3 3 3 3 3 2 2 2 2 2 1 4 2 4 2 1 1 2 2 2 2 4 4 1 4 1 1 2 1 1 1 1 1 1 1 1 1 1 1 1 1 1 1 1 2 1 1 1 1 2 1 1 1 1 1 1 1 1 1 2 2 1 1 1 1 1 1 1 1 2 2 2 2 2 1 1 1 2 2 2 2 2 1 1 1 1 1 1 2 2 1 1 1 2 2 1 2 2 1 1 1 1 1 2 1 1 2 2 2 1 2 1 1 1 1 1 1 1 2 1 1 1 1 1 1 1 1 1 1 1 1 1 1 1 1 1 1 1 1 1 1 1 1 1 1 1 1 1 1 1 1 1 1 1 1 1 1 1 1 1 1 1 1 1 1 1 1 1 1 1 1 1 1 1 1 1 1 1 1 1 1 1 1 1 1 1 1 1 1 1 1 1 1 1 1 1 1 1 1 1 1 1 1 1 1 1 1 1 1 2 2 2 1 2 1 1 2 2 1 1 1 1 1 1 1 1 1 1 1 1 1 1 1 1 1 1 1 1 1 1 1 2 1 2 1 1 1 1 1 1 1 1 1 1 1 1 1 1 1 1 1 1 1 1 1 1 1 1 1 1 1 1 1 1 1 1 2 1 1 2 1 1 1 1 1 1 1 1 1 1 1 1 1 1 1 2 2 1 2 2 1 1 1 1 1 1 1 1 1 1 1 1 1 1 1 1 1 1 1 1 1 1 1 1 1 1 1 1 1 1 1 1 1 1 1 1 1 1 1 1 1 1 1 1 1 1 1 1 1 1 1 1 1 1 1 1 1 1 1 1 1 1 1 1 1 1 1 1 1 1 1 1 1 1 1 1 1 1 1 1 1 1 1 1 1 1 1 1 1 1 1 1 1 1 1 1 1 1 1 1 1 1 1 1 1 1 1 1 1 1 1 1 1 1 1 1 1 1 1 1 1 1 1 1 1 1 1 1 1 1 1 1 1 1 1 1 1 1 1 1 1 1 1 1 1 1 1 1 1 1 1 1 1 1 1 1 1 1 1 1 1 1 1 1 1 1 1 1 1 1 1 1 1 1 1 1 1 1 1 1 1 1 1 1 1 1 1 1 1 1 1 1 1 1 1 1 1 1 1 1 1 1 1 1 1 1 1 1 2 2 2 2 2 2 2 2 2 2 2 2 2 2 2 2 2 2 2 2 2 2 2 2 2 2 2 2 2 2 2 2 2 2 2 2 1 1 1 1 1 1 1 1 1 1 </vcount>
          <v>5 0 5 1 5 2 5 3 5 4 5 5 5 6 5 7 5 8 5 9 5 10 5 11 5 12 5 13 5 14 5 15 5 16 5 17 5 18 5 19 5 20 5 21 5 22 5 23 5 24 5 25 5 26 5 27 5 28 5 29 5 30 5 31 5 32 5 33 5 34 5 35 5 36 5 37 5 38 5 39 5 40 5 41 5 42 5 43 5 44 5 45 5 46 5 47 5 48 5 49 5 50 5 51 5 52 5 53 5 54 5 55 5 56 5 57 5 58 5 59 5 60 5 61 5 62 5 63 5 64 5 65 5 66 5 67 5 68 5 69 5 70 5 71 5 72 5 73 5 74 5 75 5 76 5 77 5 78 5 79 5 80 5 81 5 82 5 83 5 84 5 85 5 86 5 87 5 88 5 89 5 90 5 91 5 92 5 93 5 94 3 95 5 96 3 97 5 98 3 99 5 100 3 101 4 102 5 103 5 104 5 105 1 106 5 107 1 108 5 109 1 110 5 111 1 112 5 113 1 114 5 115 5 116 1 117 2 118 5 119 1 120 5 121 3 122 5 123 1 124 3 125 5 126 3 127 5 128 5 129 3 130 5 131 0 132 3 133 4 134 5 135 3 136 5 137 3 138 5 139 3 140 5 141 3 142 5 143 3 144 5 145 3 146 5 147 1 148 3 149 5 150 3 151 5 152 1 153 3 154 5 155 1 156 2 157 5 158 0 159 3 160 0 161 3 162 5 163 0 164 1 165 3 166 5 167 0 168 3 169 0 170 1 171 3 172 5 173 0 174 3 175 0 176 3 177 0 178 1 179 0 180 3 181 0 182 3 183 0 184 0 185 1 186 0 187 1 188 0 189 1 190 0 191 1 192 3 193 5 194 1 195 3 196 5 197 1 198 2 199 5 200 1 201 5 202 0 203 1 204 1 205 2 206 5 207 1 208 1 209 2 210 1 211 2 212 1 213 2 214 1 215 1 216 0 217 1 218 1 219 0 220 1 221 1 222 0 223 1 224 2 225 1 226 1 227 1 228 1 229 1 230 1 231 1 232 1 233 1 234 1 235 1 236 1 237 1 238 1 239 0 240 1 241 2 242 1 243 1 244 1 245 1 246 1 247 1 248 1 249 1 250 1 251 1 252 1 253 1 254 1 255 0 256 1 257 2 258 0 259 1 260 2 261 1 262 0 263 1 264 2 265 1 266 1 267 1 268 1 269 1 270 1 271 1 272 1 273 1 274 1 275 1 276 1 277 1 278 0 279 1 280 2 281 0 282 1 283 2 284 1 285 1 286 1 287 1 288 1 289 1 290 1 291 1 292 1 293 1 294 1 295 1 296 1 297 1 298 1 299 1 300 1 301 1 302 1 303 1 304 0 305 1 306 2 307 1 308 0 309 1 310 2 311 1 312 1 313 1 314 1 315 1 316 1 317 0 318 1 319 2 320 0 321 1 322 2 323 0 324 1 325 0 326 1 327 0 328 1 329 0 330 1 331 0 332 1 333 0 334 0 335 0 336 1 337 0 338 0 339 1 340 0 341 0 342 0 343 0 344 1 345 0 346 0 347 0 348 0 349 0 350 0 351 3 352 0 353 3 354 4 355 5 356 0 357 3 358 0 359 3 360 4 361 5 362 0 363 3 364 0 365 3 366 4 367 0 368 3 369 0 370 0 371 0 372 3 373 0 374 3 375 3 376 0 377 0 378 0 379 0 380 0 381 0 382 0 383 0 384 0 385 0 386 0 387 0 388 0 389 3 390 3 391 3 392 3 393 0 394 3 395 3 396 3 397 3 398 3 399 3 400 3 401 3 402 3 403 3 404 3 405 3 406 3 407 5 408 0 409 3 410 3 411 3 412 3 413 3 414 3 415 3 416 3 417 5 418 3 419 5 420 3 421 3 422 3 423 3 424 3 425 3 426 0 427 3 428 0 429 3 430 3 431 3 432 3 433 5 434 3 435 3 436 3 437 3 438 3 439 3 440 3 441 5 442 3 443 3 444 0 445 3 446 3 447 3 448 3 449 3 450 3 451 0 452 3 453 0 454 3 455 0 456 3 457 0 458 3 459 3 460 3 461 3 462 3 463 3 464 1 465 1 466 1 467 1 468 1 469 1 470 1 471 1 472 1 473 1 474 1 475 1 476 1 477 1 478 1 479 1 480 1 481 1 482 1 483 1 484 1 485 1 486 1 487 1 488 1 489 1 490 1 491 1 492 1 493 1 494 1 495 1 496 1 497 1 498 1 499 1 500 1 501 1 502 1 503 1 504 1 505 1 506 1 507 1 508 1 509 1 510 1 511 1 512 1 513 1 514 1 515 1 516 1 517 1 518 1 519 1 520 1 521 1 522 1 523 1 524 1 525 1 526 1 527 1 528 1 529 1 530 1 531 1 532 1 533 1 534 1 535 1 536 1 537 1 538 1 539 1 540 1 541 1 542 1 543 1 544 1 545 1 546 1 547 1 548 1 549 1 550 1 551 1 552 1 553 1 554 1 555 1 556 1 557 1 558 1 559 1 560 1 561 1 562 1 563 1 564 1 565 1 566 1 567 1 568 1 569 1 570 1 571 1 572 1 573 1 574 1 575 1 576 1 577 1 578 1 579 1 580 1 581 1 582 1 583 1 584 1 585 1 586 1 587 1 588 1 589 1 590 1 591 1 592 1 593 1 594 1 595 1 596 1 597 1 598 1 599 1 600 1 601 1 602 1 603 1 604 1 605 1 606 1 607 1 608 1 609 1 610 1 611 1 612 1 613 1 614 1 615 1 616 1 617 1 618 1 619 1 620 1 621 1 622 1 623 1 624 1 625 1 626 1 627 1 628 1 629 1 630 1 631 1 632 1 633 1 634 1 635 1 636 1 637 1 638 1 639 1 640 1 641 1 642 1 643 1 644 1 645 1 646 1 647 1 648 1 649 1 650 1 651 1 652 1 653 1 654 1 655 1 656 1 657 1 658 1 659 1 660 1 661 1 662 1 663 1 664 1 665 1 666 1 667 1 668 1 669 1 670 1 671 1 672 1 673 1 674 1 675 1 676 1 677 1 678 1 679 1 680 1 681 1 682 1 683 1 684 1 685 1 686 1 687 1 688 1 689 1 690 1 691 1 692 1 693 1 694 1 695 1 696 1 697 1 698 1 699 1 700 1 701 1 702 1 703 1 704 1 705 1 706 1 707 1 708 1 709 1 710 1 711 1 712 1 713 5 714 5 715 5 716 5 717 5 718 5 719 5 720 5 721 5 722 5 723 5 724 5 725 5 726 5 727 5 728 5 729 5 730 5 731 5 732 5 733 5 734 5 735 5 736 5 737 5 738 5 739 5 740 5 741 5 742 5 743 5 744 5 745 5 746 5 747 5 748 5 749 5 750 5 751 5 752 5 753 5 754 5 755 5 756 5 757 5 758 5 759 5 760 5 761 5 762 5 763 5 764 5 765 5 766 5 767 5 768 5 769 5 770 5 771 5 772 5 773 5 774 5 775 5 776 5 777 5 778 5 779 5 780 5 781 5 782 5 783 5 784 5 785 5 786 5 787 5 788 5 789 5 790 5 791 5 792 5 793 1 794 1 795 1 796 1 797 1 798 1 799 1 800 1 801 1 802 1 803 1 804 1 805 1 806 1 807 1 808 1 809 1 810 1 811 1 812 1 813 1 814 1 815 1 816 1 817 0 818 3 819 1 820 5 821 3 822 4 823 5 824 5 825 5 826 5 827 5 828 5 829 5 830 1 831 2 832 5 833 5 834 5 835 5 836 0 837 0 838 5 839 1 840 5 841 0 842 1 843 2 844 0 845 0 846 3 847 4 848 5 849 0 850 0 851 5 852 5 853 5 854 5 855 5 856 5 857 5 858 5 859 5 860 5 861 5 862 5 863 5 864 5 865 5 866 5 867 5 868 5 869 5 870 5 871 5 872 5 873 5 874 5 875 5 876 5 877 5 878 5 879 5 880 5 881 5 882 5 883 5 884 5 885 5 886 5 887 5 888 5 889 5 890 5 891 5 892 5 893 5 894 5 895 5 896 5 897 5 898 5 899 5 900 5 901 5 902 5 903 5 904 5 905 5 906 5 907 5 908 5 909 5 910 5 911 5 912 5 913 5 914 5 915 5 916 5 917 5 918 5 919 5 920 5 921 5 922 5 923 5 924 5 925 5 926 5 927 5 928 5 929 5 930 5 931 5 932 5 933 5 934 5 935 5 936 5 937 5 938 5 939 5 940 5 941 5 942 5 943 5 944 5 945 5 946 2 947 5 948 1 949 2 950 5 951 1 952 2 953 5 954 5 955 2 956 5 957 2 958 5 959 5 960 4 961 5 962 4 963 5 964 4 965 5 966 3 967 4 968 5 969 4 970 5 971 5 972 4 973 5 974 2 975 4 976 5 977 1 978 2 979 5 980 1 981 2 982 5 983 1 984 2 985 4 986 5 987 4 988 5 989 2 990 4 991 5 992 1 993 2 994 5 995 1 996 2 997 5 998 1 999 2 1000 5 1001 1 1002 2 1003 5 1004 0 1005 2 1006 4 1007 5 1008 0 1009 4 1010 0 1011 2 1012 4 1013 5 1014 0 1015 4 1016 5 1017 0 1018 2 1019 4 1020 5 1021 1 1022 2 1023 4 1024 5 1025 1 1026 2 1027 5 1028 1 1029 2 1030 5 1031 1 1032 2 1033 1 1034 2 1035 5 1036 0 1037 2 1038 0 1039 4 1040 0 1041 2 1042 2 1043 2 1044 0 1045 1 1046 2 1047 2 1048 0 1049 2 1050 2 1051 2 1052 2 1053 0 1054 2 1055 0 1056 2 1057 0 1058 1 1059 2 1060 2 1061 0 1062 1 1063 2 1064 2 1065 2 1066 2 1067 2 1068 2 1069 2 1070 2 1071 2 1072 2 1073 2 1074 2 1075 2 1076 2 1077 0 1078 1 1079 2 1080 1 1081 2 1082 1 1083 2 1084 2 1085 2 1086 2 1087 2 1088 2 1089 2 1090 2 1091 2 1092 2 1093 2 1094 2 1095 2 1096 0 1097 1 1098 2 1099 2 1100 2 1101 2 1102 2 1103 2 1104 1 1105 2 1106 5 1107 0 1108 2 1109 0 1110 4 1111 0 1112 4 1113 0 1114 0 1115 2 1116 2 1117 2 1118 0 1119 1 1120 2 1121 0 1122 1 1123 2 1124 0 1125 1 1126 2 1127 2 1128 0 1129 1 1130 2 1131 1 1132 2 1133 2 1134 1 1135 2 1136 0 1137 1 1138 2 1139 0 1140 1 1141 2 1142 0 1143 1 1144 2 1145 0 1146 1 1147 2 1148 0 1149 1 1150 2 1151 0 1152 2 1153 0 1154 2 1155 0 1156 2 1157 0 1158 2 1159 0 1160 2 1161 0 1162 0 1163 3 1164 4 1165 5 1166 4 1167 5 1168 0 1169 3 1170 4 1171 5 1172 0 1173 4 1174 0 1175 0 1176 0 1177 4 1178 0 1179 4 1180 0 1181 4 1182 0 1183 4 1184 0 1185 3 1186 4 1187 5 1188 0 1189 3 1190 4 1191 5 1192 4 1193 0 1194 3 1195 4 1196 5 1197 0 1198 0 1199 0 1200 2 1201 0 1202 0 1203 0 1204 0 1205 0 1206 0 1207 0 1208 0 1209 0 1210 0 1211 0 1212 0 1213 0 1214 0 1215 0 1216 0 1217 0 1218 2 1219 0 1220 0 1221 0 1222 0 1223 0 1224 2 1225 0 1226 0 1227 0 1228 0 1229 0 1230 0 1231 0 1232 0 1233 4 1234 4 1235 5 1236 0 1237 4 1238 4 1239 4 1240 4 1241 4 1242 4 1243 4 1244 4 1245 4 1246 4 1247 5 1248 4 1249 5 1250 4 1251 5 1252 4 1253 5 1254 4 1255 5 1256 4 1257 4 1258 4 1259 0 1260 4 1261 0 1262 4 1263 0 1264 4 1265 0 1266 4 1267 0 1268 4 1269 4 1270 4 1271 4 1272 4 1273 4 1274 4 1275 0 1276 4 1277 0 1278 4 1279 4 1280 4 1281 4 1282 0 1283 4 1284 0 1285 4 1286 4 1287 4 1288 5 1289 4 1290 5 1291 4 1292 4 1293 4 1294 4 1295 4 1296 4 1297 5 1298 4 1299 4 1300 4 1301 5 1302 0 1303 4 1304 0 1305 4 1306 4 1307 4 1308 5 1309 4 1310 4 1311 4 1312 4 1313 4 1314 4 1315 4 1316 0 1317 4 1318 4 1319 4 1320 4 1321 4 1322 4 1323 4 1324 4 1325 4 1326 4 1327 4 1328 4 1329 4 1330 2 1331 2 1332 2 1333 2 1334 2 1335 2 1336 2 1337 2 1338 2 1339 2 1340 2 1341 2 1342 2 1343 2 1344 2 1345 2 1346 2 1347 2 1348 2 1349 2 1350 2 1351 2 1352 2 1353 2 1354 2 1355 2 1356 2 1357 2 1358 2 1359 2 1360 2 1361 2 1362 2 1363 2 1364 2 1365 2 1366 2 1367 2 1368 2 1369 2 1370 2 1371 2 1372 2 1373 2 1374 2 1375 2 1376 2 1377 2 1378 2 1379 2 1380 2 1381 2 1382 2 1383 2 1384 2 1385 2 1386 2 1387 2 1388 2 1389 2 1390 2 1391 2 1392 2 1393 2 1394 2 1395 2 1396 2 1397 2 1398 2 1399 2 1400 2 1401 2 1402 2 1403 2 1404 2 1405 2 1406 2 1407 2 1408 1 1409 2 1410 1 1411 2 1412 1 1413 2 1414 2 1415 1 1416 2 1417 2 1418 2 1419 1 1420 2 1421 1 1422 2 1423 2 1424 2 1425 2 1426 2 1427 2 1428 2 1429 2 1430 2 1431 2 1432 2 1433 2 1434 2 1435 2 1436 2 1437 2 1438 2 1439 2 1440 2 1441 2 1442 2 1443 2 1444 2 1445 2 1446 1 1447 2 1448 2 1449 1 1450 2 1451 2 1452 2 1453 2 1454 2 1455 2 1456 2 1457 2 1458 2 1459 2 1460 2 1461 2 1462 2 1463 2 1464 2 1465 2 1466 2 1467 2 1468 2 1469 2 1470 2 1471 2 1472 2 1473 2 1474 2 1475 2 1476 2 1477 2 1478 2 1479 2 1480 2 1481 2 1482 2 1483 1 1484 2 1485 2 1486 2 1487 1 1488 2 1489 2 1490 2 1491 2 1492 2 1493 2 1494 2 1495 2 1496 2 1497 2 1498 2 1499 2 1500 2 1501 2 1502 2 1503 2 1504 1 1505 2 1506 1 1507 2 1508 2 1509 1 1510 2 1511 1 1512 2 1513 2 1514 2 1515 2 1516 2 1517 2 1518 2 1519 2 1520 2 1521 2 1522 2 1523 2 1524 2 1525 2 1526 2 1527 2 1528 2 1529 2 1530 2 1531 2 1532 2 1533 2 1534 2 1535 2 1536 2 1537 2 1538 2 1539 2 1540 5 1541 5 1542 5 1543 5 1544 5 1545 5 1546 5 1547 5 1548 5 1549 5 1550 5 1551 5 1552 5 1553 5 1554 5 1555 5 1556 5 1557 5 1558 5 1559 5 1560 5 1561 5 1562 5 1563 5 1564 5 1565 5 1566 5 1567 5 1568 5 1569 5 1570 5 1571 5 1572 5 1573 5 1574 5 1575 5 1576 5 1577 5 1578 5 1579 5 1580 5 1581 5 1582 5 1583 5 1584 5 1585 5 1586 5 1587 5 1588 5 1589 5 1590 5 1591 5 1592 5 1593 5 1594 5 1595 5 1596 5 1597 5 1598 5 1599 5 1600 5 1601 5 1602 5 1603 5 1604 5 1605 5 1606 5 1607 5 1608 5 1609 5 1610 5 1611 5 1612 5 1613 5 1614 5 1615 5 1616 5 1617 5 1618 5 1619 5 1620 5 1621 5 1622 5 1623 5 1624 5 1625 5 1626 5 1627 5 1628 5 1629 5 1630 5 1631 5 1632 5 1633 5 1634 5 1635 5 1636 5 1637 5 1638 5 1639 5 1640 5 1641 5 1642 5 1643 5 1644 5 1645 5 1646 5 1647 5 1648 5 1649 5 1650 5 1651 5 1652 5 1653 5 1654 5 1655 5 1656 5 1657 2 1658 2 1659 2 1660 2 1661 2 1662 2 1663 2 1664 2 1665 2 1666 2 1667 2 1668 2 1669 2 1670 2 1671 2 1672 2 1673 2 1674 2 1675 2 1676 2 1677 2 1678 2 1679 2 1680 2 1681 2 1682 2 1683 2 1684 2 1685 2 1686 2 1687 2 1688 2 1689 2 1690 2 1691 2 1692 2 1693 2 1694 2 1695 2 1696 2 1697 2 1698 2 1699 2 1700 2 1701 2 1702 2 1703 2 1704 2 1705 2 1706 2 1707 2 1708 2 1709 2 1710 2 1711 2 1712 2 1713 2 1714 2 1715 2 1716 2 1717 2 1718 2 1719 2 1720 2 1721 1 1722 2 1723 1 1724 2 1725 1 1726 2 1727 1 1728 2 1729 1 1730 2 1731 1 1732 2 1733 1 1734 2 1735 1 1736 2 1737 1 1738 2 1739 1 1740 2 1741 1 1742 2 1743 1 1744 2 1745 1 1746 2 1747 1 1748 2 1749 1 1750 2 1751 1 1752 2 1753 1 1754 2 1755 1 1756 2 1757 1 1758 2 1759 1 1760 2 1761 1 1762 2 1763 1 1764 2 1765 1 1766 2 1767 1 1768 2 1769 1 1770 2 1771 1 1772 2 1773 1 1774 2 1775 1 1776 2 1777 1 1778 2 1779 1 1780 2 1781 1 1782 2 1783 1 1784 2 1785 1 1786 2 1787 1 1788 2 1789 1 1790 2 1791 1 1792 2 1793 2 1794 2 1795 2 1796 2 1797 2 1798 2 1799 2 1800 2 1801 2 1802 0 1803</v>
        </vertex_weights>
      </skin>
    </controller>
  </library_controllers>
  <library_visual_scenes>
    <visual_scene id="Scene" name="Scene">
      <node id="Armature_001" name="Armature.001" type="NODE">
        <matrix sid="transform">0.1395616 0 0 0 0 0.07367965 -0.1185274 0.06121921 0 0.1185274 0.07367965 0.06487721 0 0 0 1</matrix>
        <node id="Armature_001_Bone" name="Bone" sid="Bone" type="JOINT">
          <matrix sid="transform">1 0 2.38419e-7 0 2.38267e-7 0.03570364 -0.9993624 0 -8.51241e-9 0.9993624 0.03570366 0 0 0 0 1</matrix>
          <node id="Armature_001_Bone_001" name="Bone.001" sid="Bone_001" type="JOINT">
            <matrix sid="transform">0.9655753 0.2601235 -4.81233e-5 0 0.1484215 -0.5510908 -0.8211394 0.5393595 -0.2136241 0.792865 -0.5707274 0 0 0 0 1</matrix>
            <extra>
              <technique profile="blender">
                <connect sid="connect" type="bool">1</connect>
                <layer sid="layer" type="string">0</layer>
                <roll sid="roll" type="float">-0.8462496</roll>
                <tip_x sid="tip_x" type="float">0.2038673</tip_x>
                <tip_y sid="tip_y" type="float">-0.6364182</tip_y>
                <tip_z sid="tip_z" type="float">-0.4094461</tip_z>
              </technique>
            </extra>
          </node>
          <node id="Armature_001_Bone_002" name="Bone.002" sid="Bone_002" type="JOINT">
            <matrix sid="transform">0.9335288 -0.2494396 0.2574954 0 0.07305641 -0.570818 -0.8178199 0.5393595 0.3509796 0.78227 -0.5146516 0 0 0 0 1</matrix>
            <extra>
              <technique profile="blender">
                <connect sid="connect" type="bool">1</connect>
                <layer sid="layer" type="string">0</layer>
                <roll sid="roll" type="float">1.053424</roll>
                <tip_x sid="tip_x" type="float">-0.18707</tip_x>
                <tip_y sid="tip_y" type="float">-0.601583</tip_y>
                <tip_z sid="tip_z" type="float">-0.4068723</tip_z>
              </technique>
            </extra>
          </node>
          <node id="Armature_001_Bone_003" name="Bone.003" sid="Bone_003" type="JOINT">
            <matrix sid="transform">0.5494346 0.834932 -0.03178421 0 -0.3531465 0.2665308 0.8967993 0.5393595 0.7572378 -0.4815081 0.4412944 0 0 0 0 1</matrix>
            <extra>
              <technique profile="blender">
                <connect sid="connect" type="bool">1</connect>
                <layer sid="layer" type="string">0</layer>
                <roll sid="roll" type="float">0.1985909</roll>
                <tip_x sid="tip_x" type="float">1.400906</tip_x>
                <tip_y sid="tip_y" type="float">0.8233598</tip_y>
                <tip_z sid="tip_z" type="float">0.4180732</tip_z>
              </technique>
            </extra>
          </node>
          <node id="Armature_001_Bone_004" name="Bone.004" sid="Bone_004" type="JOINT">
            <matrix sid="transform">0.4792639 -0.8411434 -0.2505672 0 0.762209 0.2573498 0.593977 0.5393595 -0.4351364 -0.4756563 0.7644654 0 0 0 0 1</matrix>
            <extra>
              <technique profile="blender">
                <connect sid="connect" type="bool">1</connect>
                <layer sid="layer" type="string">0</layer>
                <roll sid="roll" type="float">-0.7361264</roll>
                <tip_x sid="tip_x" type="float">-1.424473</tip_x>
                <tip_y sid="tip_y" type="float">0.8205684</tip_y>
                <tip_z sid="tip_z" type="float">0.4067828</tip_z>
              </technique>
            </extra>
          </node>
          <node id="Armature_001_Bone_005" name="Bone.005" sid="Bone_005" type="JOINT">
            <matrix sid="transform">1 2.66454e-15 2.91434e-15 0 -4.44089e-15 0.9999999 4.47035e-8 0.5393595 3.2474e-15 -4.09782e-8 1 0 0 0 0 1</matrix>
            <extra>
              <technique profile="blender">
                <connect sid="connect" type="bool">1</connect>
                <layer sid="layer" type="string">0</layer>
                <roll sid="roll" type="float">2.38419e-7</roll>
                <tip_x sid="tip_x" type="float">0</tip_x>
                <tip_y sid="tip_y" type="float">0.02768725</tip_y>
                <tip_z sid="tip_z" type="float">0.7749786</tip_z>
              </technique>
            </extra>
          </node>
          <extra>
            <technique profile="blender">
              <layer sid="layer" type="string">0</layer>
              <roll sid="roll" type="float">2.38419e-7</roll>
            </technique>
          </extra>
        </node>
        <node id="SK_Pigeon" name="SK_Pigeon" type="NODE">
          <matrix sid="transform">1 0 0 0 0 1 0 0 0 0 1 0 0 0 0 1</matrix>
          <instance_controller url="#Armature_001_SK_Pigeon-skin">
            <skeleton>#Armature_001_Bone</skeleton>
            <bind_material>
              <technique_common>
                <instance_material symbol="M_Pigeon-material" target="#M_Pigeon-material">
                  <bind_vertex_input semantic="UVMap" input_semantic="TEXCOORD" input_set="0"/>
                </instance_material>
              </technique_common>
            </bind_material>
          </instance_controller>
        </node>
      </node>
      <node id="Armature" name="Armature" type="NODE">
        <matrix sid="transform">-0.1728185 0 0 0 0 0.08050743 -0.09060127 0.0642485 0 0.1296017 0.0562807 0.05805648 0 0 0 1</matrix>
      </node>
      <node id="Camera" name="Camera" type="NODE">
        <matrix sid="transform">0.6859207 -0.3240135 0.6515582 7.358891 0.7276763 0.3054208 -0.6141704 -6.925791 0 0.8953956 0.4452714 4.958309 0 0 0 1</matrix>
        <instance_camera url="#Camera-camera"/>
      </node>
      <node id="Light" name="Light" type="NODE">
        <matrix sid="transform">-0.2908646 -0.7711008 0.5663932 4.076245 0.9551712 -0.1998834 0.2183912 1.005454 -0.05518906 0.6045247 0.7946723 5.903862 0 0 0 1</matrix>
        <instance_light url="#Light-light"/>
      </node>
    </visual_scene>
  </library_visual_scenes>
  <scene>
    <instance_visual_scene url="#Scene"/>
  </scene>
</COLLADA>